path,sha256,source,category,features,archive,archive_sha256,source_url,source_revision,task_id,metadata_path,metadata_sha256,recorded_status
smt-lib-2025/QF_UFLIA/wisas/xs_6_6.smt2,d2cb37ec22d3c74bc001afbec16ba71eec84215775328972614a0305d820243a,smt-lib-2025/QF_UFLIA,QF_UFLIA,family-balanced 1500-input expansion,QF_UFLIA.tar.zst,ae14e65e575652b02b7bbac91784726fb70f2b2000acbec2c33f6aaa68ed5c1b,https://zenodo.org/records/16740866,,wisas/xs_6_6.smt2,,,unsat
smt-lib-2025/QF_UFLIA/TwoSquares/smtlib.604654.smt2,5ace3138ab068fec2d53dfe4dddbfc3296db219303c799125451a9e30816494b,smt-lib-2025/QF_UFLIA,QF_UFLIA,family-balanced 1500-input expansion,QF_UFLIA.tar.zst,ae14e65e575652b02b7bbac91784726fb70f2b2000acbec2c33f6aaa68ed5c1b,https://zenodo.org/records/16740866,,TwoSquares/smtlib.604654.smt2,,,sat
smt-lib-2025/QF_UFLIA/mathsat/Hash/hash_sat_07_05.smt2,c04728fb6148d9b298e686abb515b2824efa8cd4588cb6ae12eb587482662ea1,smt-lib-2025/QF_UFLIA,QF_UFLIA,family-balanced 1500-input expansion,QF_UFLIA.tar.zst,ae14e65e575652b02b7bbac91784726fb70f2b2000acbec2c33f6aaa68ed5c1b,https://zenodo.org/records/16740866,,mathsat/Hash/hash_sat_07_05.smt2,,,sat
smt-lib-2025/QF_UFLIA/wisas/xs_19_39.smt2,ba07576b82bd52fc2fb576903ce0e47cf8a937b97d0da635f75e3fb9a12450c7,smt-lib-2025/QF_UFLIA,QF_UFLIA,family-balanced 1500-input expansion,QF_UFLIA.tar.zst,ae14e65e575652b02b7bbac91784726fb70f2b2000acbec2c33f6aaa68ed5c1b,https://zenodo.org/records/16740866,,wisas/xs_19_39.smt2,,,unsat
smt-lib-2025/QF_UFLIA/TwoSquares/smtlib.606709.smt2,c9fad8269ea68721d2f5ae0361ffd63df2dbd15856d07f306c7b5399637a93e6,smt-lib-2025/QF_UFLIA,QF_UFLIA,family-balanced 1500-input expansion,QF_UFLIA.tar.zst,ae14e65e575652b02b7bbac91784726fb70f2b2000acbec2c33f6aaa68ed5c1b,https://zenodo.org/records/16740866,,TwoSquares/smtlib.606709.smt2,,,unsat
smt-lib-2025/QF_UFLIA/mathsat/Wisa/xs-15-06-3-5-4-4.smt2,1c58fc5b736742a8a4b8198600ecdbf65f25a15e60f74ec17893e1e8aa3e3351,smt-lib-2025/QF_UFLIA,QF_UFLIA,family-balanced 1500-input expansion,QF_UFLIA.tar.zst,ae14e65e575652b02b7bbac91784726fb70f2b2000acbec2c33f6aaa68ed5c1b,https://zenodo.org/records/16740866,,mathsat/Wisa/xs-15-06-3-5-4-4.smt2,,,sat
smt-lib-2025/QF_UFLIA/wisas/xs_5_10.smt2,a06f70dc6091c80a6fad804d6de87c316308a87bb9200ce04c2e385ca955e795,smt-lib-2025/QF_UFLIA,QF_UFLIA,family-balanced 1500-input expansion,QF_UFLIA.tar.zst,ae14e65e575652b02b7bbac91784726fb70f2b2000acbec2c33f6aaa68ed5c1b,https://zenodo.org/records/16740866,,wisas/xs_5_10.smt2,,,unsat
smt-lib-2025/QF_UFLIA/TwoSquares/smtlib.602059.smt2,bcacb9c17c3aac447f5c63c7bd91013bb3d7434e7ea773e25fb1aa4e365c6c00,smt-lib-2025/QF_UFLIA,QF_UFLIA,family-balanced 1500-input expansion,QF_UFLIA.tar.zst,ae14e65e575652b02b7bbac91784726fb70f2b2000acbec2c33f6aaa68ed5c1b,https://zenodo.org/records/16740866,,TwoSquares/smtlib.602059.smt2,,,unsat
smt-lib-2025/QF_UFLIA/mathsat/Wisa/xs-13-17-4-2-1-5.smt2,6c3f9845662506db5625a59b2ddce7cee2115f3aa0e4f19185455665f44cd8e6,smt-lib-2025/QF_UFLIA,QF_UFLIA,family-balanced 1500-input expansion,QF_UFLIA.tar.zst,ae14e65e575652b02b7bbac91784726fb70f2b2000acbec2c33f6aaa68ed5c1b,https://zenodo.org/records/16740866,,mathsat/Wisa/xs-13-17-4-2-1-5.smt2,,,sat
smt-lib-2025/QF_UFLIA/wisas/xs_10_15.smt2,69464841b781fc72d9018d72508e41d51efb581f5117175c65dd379fbc26122a,smt-lib-2025/QF_UFLIA,QF_UFLIA,family-balanced 1500-input expansion,QF_UFLIA.tar.zst,ae14e65e575652b02b7bbac91784726fb70f2b2000acbec2c33f6aaa68ed5c1b,https://zenodo.org/records/16740866,,wisas/xs_10_15.smt2,,,sat
smt-lib-2025/QF_UFLIA/TwoSquares/smtlib.769286.smt2,28f047b0c8a4bf69f83f1db929abdb6c5576eef4dc91a1ba6ed57573017d6851,smt-lib-2025/QF_UFLIA,QF_UFLIA,family-balanced 1500-input expansion,QF_UFLIA.tar.zst,ae14e65e575652b02b7bbac91784726fb70f2b2000acbec2c33f6aaa68ed5c1b,https://zenodo.org/records/16740866,,TwoSquares/smtlib.769286.smt2,,,unsat
smt-lib-2025/QF_UFLIA/mathsat/Wisa/xs-16-20-5-1-4-4.smt2,fef17efab4e42fb96cac16611b6f15276030f84343f692f83ff37d5a5c1bf643,smt-lib-2025/QF_UFLIA,QF_UFLIA,family-balanced 1500-input expansion,QF_UFLIA.tar.zst,ae14e65e575652b02b7bbac91784726fb70f2b2000acbec2c33f6aaa68ed5c1b,https://zenodo.org/records/16740866,,mathsat/Wisa/xs-16-20-5-1-4-4.smt2,,,sat
smt-lib-2025/QF_UFLIA/wisas/xs_11_11.smt2,136234cd3f708e879692872432a16e7d5f38c4fbc8e3ac4bf04372482c498d3e,smt-lib-2025/QF_UFLIA,QF_UFLIA,family-balanced 1500-input expansion,QF_UFLIA.tar.zst,ae14e65e575652b02b7bbac91784726fb70f2b2000acbec2c33f6aaa68ed5c1b,https://zenodo.org/records/16740866,,wisas/xs_11_11.smt2,,,sat
smt-lib-2025/QF_UFLIA/TwoSquares/smtlib.675451.smt2,5a93af3b6be8c9c6c53cb8a33c8aa00e4edf7f82f25c6eca7aef2a2227de0e0f,smt-lib-2025/QF_UFLIA,QF_UFLIA,family-balanced 1500-input expansion,QF_UFLIA.tar.zst,ae14e65e575652b02b7bbac91784726fb70f2b2000acbec2c33f6aaa68ed5c1b,https://zenodo.org/records/16740866,,TwoSquares/smtlib.675451.smt2,,,unsat
smt-lib-2025/QF_UFLIA/mathsat/Wisa/xs-05-12-1-4-2-1.smt2,b39f47cf9bb001a28daa7da77dd1f3c7f25785543d0a89b152ab5f1f66745683,smt-lib-2025/QF_UFLIA,QF_UFLIA,family-balanced 1500-input expansion,QF_UFLIA.tar.zst,ae14e65e575652b02b7bbac91784726fb70f2b2000acbec2c33f6aaa68ed5c1b,https://zenodo.org/records/16740866,,mathsat/Wisa/xs-05-12-1-4-2-1.smt2,,,unsat
smt-lib-2025/QF_UFLIA/wisas/xs_20_30.smt2,8a82b95142cb0bcf613aa54456e9e3ee7ca0a2443b4413e509c3de2ad7e8cfa8,smt-lib-2025/QF_UFLIA,QF_UFLIA,family-balanced 1500-input expansion,QF_UFLIA.tar.zst,ae14e65e575652b02b7bbac91784726fb70f2b2000acbec2c33f6aaa68ed5c1b,https://zenodo.org/records/16740866,,wisas/xs_20_30.smt2,,,sat
smt-lib-2025/QF_UFLIA/TwoSquares/smtlib.686126.smt2,9b5b2d75abb6a875121e3d4d52f36d40952cac671ac317193c2e794660bf11c3,smt-lib-2025/QF_UFLIA,QF_UFLIA,family-balanced 1500-input expansion,QF_UFLIA.tar.zst,ae14e65e575652b02b7bbac91784726fb70f2b2000acbec2c33f6aaa68ed5c1b,https://zenodo.org/records/16740866,,TwoSquares/smtlib.686126.smt2,,,unsat
smt-lib-2025/QF_UFLIA/mathsat/Wisa/xs-18-06-4-2-1-1.smt2,b834a9355e96745bd4114a28bf8805b8c198e1ddd82042f88c9ee262eeab5d95,smt-lib-2025/QF_UFLIA,QF_UFLIA,family-balanced 1500-input expansion,QF_UFLIA.tar.zst,ae14e65e575652b02b7bbac91784726fb70f2b2000acbec2c33f6aaa68ed5c1b,https://zenodo.org/records/16740866,,mathsat/Wisa/xs-18-06-4-2-1-1.smt2,,,sat
smt-lib-2025/QF_UFLIA/wisas/xs_15_15.smt2,de375e68ea5b6190a53abd51708277167fac9e518f6d842d1cc3638c73ab7fc7,smt-lib-2025/QF_UFLIA,QF_UFLIA,family-balanced 1500-input expansion,QF_UFLIA.tar.zst,ae14e65e575652b02b7bbac91784726fb70f2b2000acbec2c33f6aaa68ed5c1b,https://zenodo.org/records/16740866,,wisas/xs_15_15.smt2,,,sat
smt-lib-2025/QF_UFLIA/TwoSquares/smtlib.686091.smt2,4a4273490ccf9c65e5ead17078d8af64414d46f621127f198af8e0b8789036bc,smt-lib-2025/QF_UFLIA,QF_UFLIA,family-balanced 1500-input expansion,QF_UFLIA.tar.zst,ae14e65e575652b02b7bbac91784726fb70f2b2000acbec2c33f6aaa68ed5c1b,https://zenodo.org/records/16740866,,TwoSquares/smtlib.686091.smt2,,,unsat
smt-lib-2025/QF_UFLIA/mathsat/Wisa/xs-20-05-5-5-1-3.smt2,e4023a9545d70d0385f661e991d89f2465bb95506c62f46f490325ea3226d4d6,smt-lib-2025/QF_UFLIA,QF_UFLIA,family-balanced 1500-input expansion,QF_UFLIA.tar.zst,ae14e65e575652b02b7bbac91784726fb70f2b2000acbec2c33f6aaa68ed5c1b,https://zenodo.org/records/16740866,,mathsat/Wisa/xs-20-05-5-5-1-3.smt2,,,sat
smt-lib-2025/QF_UFLIA/wisas/xs_11_16.smt2,ff88b0901adf6bd10b768763a55e84edcb5c9b3e3400b121537892c4c2fde2c3,smt-lib-2025/QF_UFLIA,QF_UFLIA,family-balanced 1500-input expansion,QF_UFLIA.tar.zst,ae14e65e575652b02b7bbac91784726fb70f2b2000acbec2c33f6aaa68ed5c1b,https://zenodo.org/records/16740866,,wisas/xs_11_16.smt2,,,sat
smt-lib-2025/QF_UFLIA/TwoSquares/smtlib.675513.smt2,e6cec62c938d8c9e59c281aaa609e64ed669db0761e73c147006dce16d0f66e8,smt-lib-2025/QF_UFLIA,QF_UFLIA,family-balanced 1500-input expansion,QF_UFLIA.tar.zst,ae14e65e575652b02b7bbac91784726fb70f2b2000acbec2c33f6aaa68ed5c1b,https://zenodo.org/records/16740866,,TwoSquares/smtlib.675513.smt2,,,unsat
smt-lib-2025/QF_UFLIA/mathsat/Hash/hash_uns_03_04.smt2,a7675a2b59949bed8d633b1eec00389e249a9d0e59ab07d4350a459593cd166b,smt-lib-2025/QF_UFLIA,QF_UFLIA,family-balanced 1500-input expansion,QF_UFLIA.tar.zst,ae14e65e575652b02b7bbac91784726fb70f2b2000acbec2c33f6aaa68ed5c1b,https://zenodo.org/records/16740866,,mathsat/Hash/hash_uns_03_04.smt2,,,unsat
smt-lib-2025/QF_UFLIA/wisas/xs_24_44.smt2,8f45e31163fef6ba6af7f197d8a8ccdd932f38140ca86035f3e0cf032b9c440e,smt-lib-2025/QF_UFLIA,QF_UFLIA,family-balanced 1500-input expansion,QF_UFLIA.tar.zst,ae14e65e575652b02b7bbac91784726fb70f2b2000acbec2c33f6aaa68ed5c1b,https://zenodo.org/records/16740866,,wisas/xs_24_44.smt2,,,sat
smt-lib-2025/QF_UFLIA/TwoSquares/smtlib.675482.smt2,404427250cf46b7900c1941671fff8e1f2a5b62106dde3fe140822d9dd6dd398,smt-lib-2025/QF_UFLIA,QF_UFLIA,family-balanced 1500-input expansion,QF_UFLIA.tar.zst,ae14e65e575652b02b7bbac91784726fb70f2b2000acbec2c33f6aaa68ed5c1b,https://zenodo.org/records/16740866,,TwoSquares/smtlib.675482.smt2,,,unsat
smt-lib-2025/QF_UFLIA/mathsat/Hash/hash_sat_05_07.smt2,1319bc8ec941f0dea2168c474332d00ebbe5df7daf58f2ba8d2d2cc5dce44f24,smt-lib-2025/QF_UFLIA,QF_UFLIA,family-balanced 1500-input expansion,QF_UFLIA.tar.zst,ae14e65e575652b02b7bbac91784726fb70f2b2000acbec2c33f6aaa68ed5c1b,https://zenodo.org/records/16740866,,mathsat/Hash/hash_sat_05_07.smt2,,,sat
smt-lib-2025/QF_UFLIA/wisas/xs_23_33.smt2,0b76655e06e1e24cc0e4006d08d3445ec98a5454c3e1aae325080e24ec0f6ee8,smt-lib-2025/QF_UFLIA,QF_UFLIA,family-balanced 1500-input expansion,QF_UFLIA.tar.zst,ae14e65e575652b02b7bbac91784726fb70f2b2000acbec2c33f6aaa68ed5c1b,https://zenodo.org/records/16740866,,wisas/xs_23_33.smt2,,,sat
smt-lib-2025/QF_UFLIA/TwoSquares/smtlib.666132.smt2,b20422fa7ce8204547705e93a51dde5bd91a8f3bb64913abe6a3525e12414ba5,smt-lib-2025/QF_UFLIA,QF_UFLIA,family-balanced 1500-input expansion,QF_UFLIA.tar.zst,ae14e65e575652b02b7bbac91784726fb70f2b2000acbec2c33f6aaa68ed5c1b,https://zenodo.org/records/16740866,,TwoSquares/smtlib.666132.smt2,,,unsat
smt-lib-2025/QF_UFLIA/mathsat/Wisa/xs-12-05-3-3-5-4.smt2,3513e0fdf6f64ec062d30289b2f207c468f75a79b2022641c8dbaaa7ed2e2a30,smt-lib-2025/QF_UFLIA,QF_UFLIA,family-balanced 1500-input expansion,QF_UFLIA.tar.zst,ae14e65e575652b02b7bbac91784726fb70f2b2000acbec2c33f6aaa68ed5c1b,https://zenodo.org/records/16740866,,mathsat/Wisa/xs-12-05-3-3-5-4.smt2,,,sat
smt-lib-2025/QF_UFLIA/wisas/xs_26_36.smt2,90a2bc18ffdff88e878d3cddd36409f8ef5d155799a11c9f17ef20965e239ea0,smt-lib-2025/QF_UFLIA,QF_UFLIA,family-balanced 1500-input expansion,QF_UFLIA.tar.zst,ae14e65e575652b02b7bbac91784726fb70f2b2000acbec2c33f6aaa68ed5c1b,https://zenodo.org/records/16740866,,wisas/xs_26_36.smt2,,,sat
smt-lib-2025/QF_UFLIA/TwoSquares/smtlib.602033.smt2,abe8450239127cf2813765863db8c5560683f993e981fabf7eb7d1acbc8eb5c0,smt-lib-2025/QF_UFLIA,QF_UFLIA,family-balanced 1500-input expansion,QF_UFLIA.tar.zst,ae14e65e575652b02b7bbac91784726fb70f2b2000acbec2c33f6aaa68ed5c1b,https://zenodo.org/records/16740866,,TwoSquares/smtlib.602033.smt2,,,unsat
smt-lib-2025/QF_UFLIA/mathsat/Wisa/xs-15-16-2-4-2-5.smt2,89417d07990b8b0c5b5a528c96bb0fbab6263fd51cff9a9dc888966bad728bfd,smt-lib-2025/QF_UFLIA,QF_UFLIA,family-balanced 1500-input expansion,QF_UFLIA.tar.zst,ae14e65e575652b02b7bbac91784726fb70f2b2000acbec2c33f6aaa68ed5c1b,https://zenodo.org/records/16740866,,mathsat/Wisa/xs-15-16-2-4-2-5.smt2,,,sat
smt-lib-2025/QF_UFLIA/wisas/xs_26_46.smt2,ba46fd580314ed8a12a76fc14dc75ad1fba8c998f630cbd558e34b581ec65442,smt-lib-2025/QF_UFLIA,QF_UFLIA,family-balanced 1500-input expansion,QF_UFLIA.tar.zst,ae14e65e575652b02b7bbac91784726fb70f2b2000acbec2c33f6aaa68ed5c1b,https://zenodo.org/records/16740866,,wisas/xs_26_46.smt2,,,sat
smt-lib-2025/QF_UFLIA/TwoSquares/smtlib.688318.smt2,34dc654cd5394ad942914d830e61874df58edbfb171a4b0bb074f77c73aa481e,smt-lib-2025/QF_UFLIA,QF_UFLIA,family-balanced 1500-input expansion,QF_UFLIA.tar.zst,ae14e65e575652b02b7bbac91784726fb70f2b2000acbec2c33f6aaa68ed5c1b,https://zenodo.org/records/16740866,,TwoSquares/smtlib.688318.smt2,,,sat
smt-lib-2025/QF_UFLIA/mathsat/Wisa/xs-09-08-1-1-5-3.smt2,0de260816cf12a3e02e10944972148faa85281202d61a4fd3ab4337101fbcf2a,smt-lib-2025/QF_UFLIA,QF_UFLIA,family-balanced 1500-input expansion,QF_UFLIA.tar.zst,ae14e65e575652b02b7bbac91784726fb70f2b2000acbec2c33f6aaa68ed5c1b,https://zenodo.org/records/16740866,,mathsat/Wisa/xs-09-08-1-1-5-3.smt2,,,sat
smt-lib-2025/QF_UFLIA/wisas/xs_16_26.smt2,089fd9afc826d231623ad73bc21c77ab511ffae0deba9387260533107726c9e7,smt-lib-2025/QF_UFLIA,QF_UFLIA,family-balanced 1500-input expansion,QF_UFLIA.tar.zst,ae14e65e575652b02b7bbac91784726fb70f2b2000acbec2c33f6aaa68ed5c1b,https://zenodo.org/records/16740866,,wisas/xs_16_26.smt2,,,sat
smt-lib-2025/QF_UFLIA/TwoSquares/smtlib.621344.smt2,c573b7bc36d8d5ec4ec13ba9b0f14d823bb54d3e3711771d8e21df6d5529044d,smt-lib-2025/QF_UFLIA,QF_UFLIA,family-balanced 1500-input expansion,QF_UFLIA.tar.zst,ae14e65e575652b02b7bbac91784726fb70f2b2000acbec2c33f6aaa68ed5c1b,https://zenodo.org/records/16740866,,TwoSquares/smtlib.621344.smt2,,,sat
smt-lib-2025/QF_UFLIA/mathsat/Wisa/xs-12-08-5-2-5-3.smt2,8c9e84e0d9bed824426483a966b76a3ca676ec5ccc5431d4cafae7b00a75e9c5,smt-lib-2025/QF_UFLIA,QF_UFLIA,family-balanced 1500-input expansion,QF_UFLIA.tar.zst,ae14e65e575652b02b7bbac91784726fb70f2b2000acbec2c33f6aaa68ed5c1b,https://zenodo.org/records/16740866,,mathsat/Wisa/xs-12-08-5-2-5-3.smt2,,,sat
smt-lib-2025/QF_UFLIA/wisas/xs_9_19.smt2,16d0c78d09b3229c2010369e42b31c897879cc26fc4a769b9f770c2493e54786,smt-lib-2025/QF_UFLIA,QF_UFLIA,family-balanced 1500-input expansion,QF_UFLIA.tar.zst,ae14e65e575652b02b7bbac91784726fb70f2b2000acbec2c33f6aaa68ed5c1b,https://zenodo.org/records/16740866,,wisas/xs_9_19.smt2,,,unsat
smt-lib-2025/QF_UFLIA/mathsat/Wisa/xs-11-05-3-1-5-3.smt2,b6ee82405e1950e8b0f84e356c2a9270bf6d64976073441d518f466f59d94f7c,smt-lib-2025/QF_UFLIA,QF_UFLIA,family-balanced 1500-input expansion,QF_UFLIA.tar.zst,ae14e65e575652b02b7bbac91784726fb70f2b2000acbec2c33f6aaa68ed5c1b,https://zenodo.org/records/16740866,,mathsat/Wisa/xs-11-05-3-1-5-3.smt2,,,sat
smt-lib-2025/QF_UFLIA/wisas/xs_11_21.smt2,6bd6353a211a78d9d7b6fa7d377eaa97c498c84145292833cc4389d7a9a7acd3,smt-lib-2025/QF_UFLIA,QF_UFLIA,family-balanced 1500-input expansion,QF_UFLIA.tar.zst,ae14e65e575652b02b7bbac91784726fb70f2b2000acbec2c33f6aaa68ed5c1b,https://zenodo.org/records/16740866,,wisas/xs_11_21.smt2,,,unsat
smt-lib-2025/QF_UFLIA/mathsat/Wisa/xs-17-05-2-1-1-2.smt2,623f56d1d48bee21959694deff04af0e9dbf8e93a75f7c6037f27744196a9346,smt-lib-2025/QF_UFLIA,QF_UFLIA,family-balanced 1500-input expansion,QF_UFLIA.tar.zst,ae14e65e575652b02b7bbac91784726fb70f2b2000acbec2c33f6aaa68ed5c1b,https://zenodo.org/records/16740866,,mathsat/Wisa/xs-17-05-2-1-1-2.smt2,,,sat
smt-lib-2025/QF_UFLIA/wisas/xs_9_9.smt2,fb2be7c416ea11d6ddd1b88041b285cc30fd13f7af1b850ae0eab1822e6b2712,smt-lib-2025/QF_UFLIA,QF_UFLIA,family-balanced 1500-input expansion,QF_UFLIA.tar.zst,ae14e65e575652b02b7bbac91784726fb70f2b2000acbec2c33f6aaa68ed5c1b,https://zenodo.org/records/16740866,,wisas/xs_9_9.smt2,,,sat
smt-lib-2025/QF_UFLIA/mathsat/Hash/hash_uns_05_04.smt2,87aed22bdc83f187d31dc94993f4483e1a054bc5472324c06f3b6a7a6be07e8a,smt-lib-2025/QF_UFLIA,QF_UFLIA,family-balanced 1500-input expansion,QF_UFLIA.tar.zst,ae14e65e575652b02b7bbac91784726fb70f2b2000acbec2c33f6aaa68ed5c1b,https://zenodo.org/records/16740866,,mathsat/Hash/hash_uns_05_04.smt2,,,unsat
smt-lib-2025/QF_UFLIA/wisas/xs_5_15.smt2,14687319e9e8ea2f7f04ef9c6de77927ce74095732f4b16c8119f6532dbac75c,smt-lib-2025/QF_UFLIA,QF_UFLIA,family-balanced 1500-input expansion,QF_UFLIA.tar.zst,ae14e65e575652b02b7bbac91784726fb70f2b2000acbec2c33f6aaa68ed5c1b,https://zenodo.org/records/16740866,,wisas/xs_5_15.smt2,,,unsat
smt-lib-2025/QF_UFLIA/mathsat/Wisa/xs-17-20-5-1-5-4.smt2,5c90b8050f38bf00275ef61f1da60ee5017606d500e2d2a22406ff35c94eac7d,smt-lib-2025/QF_UFLIA,QF_UFLIA,family-balanced 1500-input expansion,QF_UFLIA.tar.zst,ae14e65e575652b02b7bbac91784726fb70f2b2000acbec2c33f6aaa68ed5c1b,https://zenodo.org/records/16740866,,mathsat/Wisa/xs-17-20-5-1-5-4.smt2,,,sat
smt-lib-2025/QF_UFLIA/wisas/xs_6_11.smt2,35c994342c1f6512d7924042bbc942dbb2da86cf5c7be39a5383de70adee6708,smt-lib-2025/QF_UFLIA,QF_UFLIA,family-balanced 1500-input expansion,QF_UFLIA.tar.zst,ae14e65e575652b02b7bbac91784726fb70f2b2000acbec2c33f6aaa68ed5c1b,https://zenodo.org/records/16740866,,wisas/xs_6_11.smt2,,,unsat
smt-lib-2025/QF_UFLIA/mathsat/EufLaArithmetic/hard/hard12.smt2,4e1362d326846cfdad725deb5c8236c0b4f9e31e1afdee1a39f04e8db9da0d01,smt-lib-2025/QF_UFLIA,QF_UFLIA,family-balanced 1500-input expansion,QF_UFLIA.tar.zst,ae14e65e575652b02b7bbac91784726fb70f2b2000acbec2c33f6aaa68ed5c1b,https://zenodo.org/records/16740866,,mathsat/EufLaArithmetic/hard/hard12.smt2,,,unsat
smt-lib-2025/QF_UFLIA/wisas/xs_21_41.smt2,f0a0de44d386eb4e3bbe105511f037075239a0fcca4990e2087e2bed7e6ada0f,smt-lib-2025/QF_UFLIA,QF_UFLIA,family-balanced 1500-input expansion,QF_UFLIA.tar.zst,ae14e65e575652b02b7bbac91784726fb70f2b2000acbec2c33f6aaa68ed5c1b,https://zenodo.org/records/16740866,,wisas/xs_21_41.smt2,,,unsat
smt-lib-2025/QF_UFLIA/mathsat/Hash/hash_sat_09_03.smt2,67a8733ca32025c7d796972c5741850b94436342d12d596dec8e6d42e2b21f74,smt-lib-2025/QF_UFLIA,QF_UFLIA,family-balanced 1500-input expansion,QF_UFLIA.tar.zst,ae14e65e575652b02b7bbac91784726fb70f2b2000acbec2c33f6aaa68ed5c1b,https://zenodo.org/records/16740866,,mathsat/Hash/hash_sat_09_03.smt2,,,sat
smt-lib-2025/QF_UFLIA/wisas/xs_27_37.smt2,7666ebc0bf999be2872cdd5eb86e5da10007bd7226d9798be03d4dab8f7ca14f,smt-lib-2025/QF_UFLIA,QF_UFLIA,family-balanced 1500-input expansion,QF_UFLIA.tar.zst,ae14e65e575652b02b7bbac91784726fb70f2b2000acbec2c33f6aaa68ed5c1b,https://zenodo.org/records/16740866,,wisas/xs_27_37.smt2,,,sat
smt-lib-2025/QF_UFLIA/mathsat/Wisa/xs-07-20-2-5-1-4.smt2,8941ae74a3a125679265edb99aaed6209bfcab2c59374aeb7dbe5389a706495d,smt-lib-2025/QF_UFLIA,QF_UFLIA,family-balanced 1500-input expansion,QF_UFLIA.tar.zst,ae14e65e575652b02b7bbac91784726fb70f2b2000acbec2c33f6aaa68ed5c1b,https://zenodo.org/records/16740866,,mathsat/Wisa/xs-07-20-2-5-1-4.smt2,,,unsat
smt-lib-2025/QF_UFLIA/wisas/xs_7_17.smt2,391a8cea4ddc0442e0981356b2d3686544290d395c011133275d77426806e1de,smt-lib-2025/QF_UFLIA,QF_UFLIA,family-balanced 1500-input expansion,QF_UFLIA.tar.zst,ae14e65e575652b02b7bbac91784726fb70f2b2000acbec2c33f6aaa68ed5c1b,https://zenodo.org/records/16740866,,wisas/xs_7_17.smt2,,,unsat
smt-lib-2025/QF_UFLIA/mathsat/EufLaArithmetic/medium/medium13.smt2,a7bf9b5b53f8edd829d0d5c3db912dcb67137888b6e5a90f85bbacc1fb740731,smt-lib-2025/QF_UFLIA,QF_UFLIA,family-balanced 1500-input expansion,QF_UFLIA.tar.zst,ae14e65e575652b02b7bbac91784726fb70f2b2000acbec2c33f6aaa68ed5c1b,https://zenodo.org/records/16740866,,mathsat/EufLaArithmetic/medium/medium13.smt2,,,unsat
smt-lib-2025/QF_UFLIA/wisas/xs_13_23.smt2,a4bb20523879d4f8064f3079f4f2382123e0e64dfc2741360c31916f2b7ab6fe,smt-lib-2025/QF_UFLIA,QF_UFLIA,family-balanced 1500-input expansion,QF_UFLIA.tar.zst,ae14e65e575652b02b7bbac91784726fb70f2b2000acbec2c33f6aaa68ed5c1b,https://zenodo.org/records/16740866,,wisas/xs_13_23.smt2,,,unsat
smt-lib-2025/QF_UFLIA/mathsat/Wisa/xs-09-15-5-3-2-3.smt2,0cc2fac1b260726006a7cc6c4198659bda521a4ac955c32766202d44286e5114,smt-lib-2025/QF_UFLIA,QF_UFLIA,family-balanced 1500-input expansion,QF_UFLIA.tar.zst,ae14e65e575652b02b7bbac91784726fb70f2b2000acbec2c33f6aaa68ed5c1b,https://zenodo.org/records/16740866,,mathsat/Wisa/xs-09-15-5-3-2-3.smt2,,,unsat
smt-lib-2025/QF_UFLIA/wisas/xs_15_25.smt2,d1b788e99d03bd0a58268fba0e293fbe6d2d9b3c24fda3985b52dfa5681ab26e,smt-lib-2025/QF_UFLIA,QF_UFLIA,family-balanced 1500-input expansion,QF_UFLIA.tar.zst,ae14e65e575652b02b7bbac91784726fb70f2b2000acbec2c33f6aaa68ed5c1b,https://zenodo.org/records/16740866,,wisas/xs_15_25.smt2,,,unsat
smt-lib-2025/QF_UFLIA/mathsat/Wisa/xs-14-08-5-1-1-4.smt2,c24e3f0857d62d15556d79d56a47472596ce37ebbd001c5f973754f8a3f3fe64,smt-lib-2025/QF_UFLIA,QF_UFLIA,family-balanced 1500-input expansion,QF_UFLIA.tar.zst,ae14e65e575652b02b7bbac91784726fb70f2b2000acbec2c33f6aaa68ed5c1b,https://zenodo.org/records/16740866,,mathsat/Wisa/xs-14-08-5-1-1-4.smt2,,,sat
smt-lib-2025/QF_UFLIA/wisas/xs_18_18.smt2,76936c63c79ff4b784d763fb2729b1ab82a70e3a2c9cc4b6adc453901389070b,smt-lib-2025/QF_UFLIA,QF_UFLIA,family-balanced 1500-input expansion,QF_UFLIA.tar.zst,ae14e65e575652b02b7bbac91784726fb70f2b2000acbec2c33f6aaa68ed5c1b,https://zenodo.org/records/16740866,,wisas/xs_18_18.smt2,,,sat
smt-lib-2025/QF_UFLIA/mathsat/Hash/hash_sat_05_09.smt2,6adad0cb8ee36e00f5553a0ff791d1f1a8925c7797a0f17ce999046425c78c8b,smt-lib-2025/QF_UFLIA,QF_UFLIA,family-balanced 1500-input expansion,QF_UFLIA.tar.zst,ae14e65e575652b02b7bbac91784726fb70f2b2000acbec2c33f6aaa68ed5c1b,https://zenodo.org/records/16740866,,mathsat/Hash/hash_sat_05_09.smt2,,,sat
smt-lib-2025/QF_UFLIA/wisas/xs_26_26.smt2,65daa0ad44319dd2ca3b046ef6d3a1b96825bdf2032a7d0beb6acc841146b871,smt-lib-2025/QF_UFLIA,QF_UFLIA,family-balanced 1500-input expansion,QF_UFLIA.tar.zst,ae14e65e575652b02b7bbac91784726fb70f2b2000acbec2c33f6aaa68ed5c1b,https://zenodo.org/records/16740866,,wisas/xs_26_26.smt2,,,sat
smt-lib-2025/QF_UFLIA/mathsat/EufLaArithmetic/hard/hard20.smt2,3de508604f008a7ad084d6331b6e659b1842674dac0246364fee8c28cf49471f,smt-lib-2025/QF_UFLIA,QF_UFLIA,family-balanced 1500-input expansion,QF_UFLIA.tar.zst,ae14e65e575652b02b7bbac91784726fb70f2b2000acbec2c33f6aaa68ed5c1b,https://zenodo.org/records/16740866,,mathsat/EufLaArithmetic/hard/hard20.smt2,,,unsat
smt-lib-2025/QF_UFLIA/wisas/xs_12_12.smt2,2f8a458eff2f1d63c78c0d4767ea1f41efbfd31cb5bf1921de0d9f6724b6660f,smt-lib-2025/QF_UFLIA,QF_UFLIA,family-balanced 1500-input expansion,QF_UFLIA.tar.zst,ae14e65e575652b02b7bbac91784726fb70f2b2000acbec2c33f6aaa68ed5c1b,https://zenodo.org/records/16740866,,wisas/xs_12_12.smt2,,,sat
smt-lib-2025/QF_UFLIA/mathsat/Wisa/xs-18-09-1-5-4-4.smt2,2055ebf7b9d683ff00addcd8e76098c6e5da879292a9f3ec5383a11d63f944dd,smt-lib-2025/QF_UFLIA,QF_UFLIA,family-balanced 1500-input expansion,QF_UFLIA.tar.zst,ae14e65e575652b02b7bbac91784726fb70f2b2000acbec2c33f6aaa68ed5c1b,https://zenodo.org/records/16740866,,mathsat/Wisa/xs-18-09-1-5-4-4.smt2,,,sat
smt-lib-2025/QF_UFLIA/wisas/xs_10_20.smt2,5328d4402bb86583b8eb11c092dadd15350b063022f7f2699a0a301192b746b0,smt-lib-2025/QF_UFLIA,QF_UFLIA,family-balanced 1500-input expansion,QF_UFLIA.tar.zst,ae14e65e575652b02b7bbac91784726fb70f2b2000acbec2c33f6aaa68ed5c1b,https://zenodo.org/records/16740866,,wisas/xs_10_20.smt2,,,unsat
smt-lib-2025/QF_UFLIA/mathsat/Hash/hash_sat_03_13.smt2,6cba29e62af1d05fc23e2d3bc88d9fc02666a35f9fc7a8804d3476d82a4181d0,smt-lib-2025/QF_UFLIA,QF_UFLIA,family-balanced 1500-input expansion,QF_UFLIA.tar.zst,ae14e65e575652b02b7bbac91784726fb70f2b2000acbec2c33f6aaa68ed5c1b,https://zenodo.org/records/16740866,,mathsat/Hash/hash_sat_03_13.smt2,,,sat
smt-lib-2025/QF_UFLIA/wisas/xs_20_20.smt2,6b99f3a9e7353fa9b401bc29554cab4d56f8959fbce4d27b8180a2bd1808534b,smt-lib-2025/QF_UFLIA,QF_UFLIA,family-balanced 1500-input expansion,QF_UFLIA.tar.zst,ae14e65e575652b02b7bbac91784726fb70f2b2000acbec2c33f6aaa68ed5c1b,https://zenodo.org/records/16740866,,wisas/xs_20_20.smt2,,,sat
smt-lib-2025/QF_UFLIA/mathsat/EufLaArithmetic/hard/hard6.smt2,a609d8447034d4a39b642489d2b0d713e45cc9cc6edfca0e572394a7758eb41a,smt-lib-2025/QF_UFLIA,QF_UFLIA,family-balanced 1500-input expansion,QF_UFLIA.tar.zst,ae14e65e575652b02b7bbac91784726fb70f2b2000acbec2c33f6aaa68ed5c1b,https://zenodo.org/records/16740866,,mathsat/EufLaArithmetic/hard/hard6.smt2,,,unsat
smt-lib-2025/QF_UFLIA/wisas/xs_12_22.smt2,957d3e91c11e8c9e51c7e075d0549005fbe8b58637d89d143a54b8e4d060d8ac,smt-lib-2025/QF_UFLIA,QF_UFLIA,family-balanced 1500-input expansion,QF_UFLIA.tar.zst,ae14e65e575652b02b7bbac91784726fb70f2b2000acbec2c33f6aaa68ed5c1b,https://zenodo.org/records/16740866,,wisas/xs_12_22.smt2,,,unsat
smt-lib-2025/QF_UFLIA/mathsat/Wisa/xs-17-16-4-4-1-4.smt2,e58ab82101345273d9f87cb7a0d359aa3269e251db45625a6dc2dbab785f3a82,smt-lib-2025/QF_UFLIA,QF_UFLIA,family-balanced 1500-input expansion,QF_UFLIA.tar.zst,ae14e65e575652b02b7bbac91784726fb70f2b2000acbec2c33f6aaa68ed5c1b,https://zenodo.org/records/16740866,,mathsat/Wisa/xs-17-16-4-4-1-4.smt2,,,sat
smt-lib-2025/QF_UFLIA/wisas/xs_16_16.smt2,d541a98fc17647aea32872c5ab028e1250f749410ce3efc4ba32720a273a128a,smt-lib-2025/QF_UFLIA,QF_UFLIA,family-balanced 1500-input expansion,QF_UFLIA.tar.zst,ae14e65e575652b02b7bbac91784726fb70f2b2000acbec2c33f6aaa68ed5c1b,https://zenodo.org/records/16740866,,wisas/xs_16_16.smt2,,,sat
smt-lib-2025/QF_UFLIA/mathsat/Wisa/xs-06-19-3-3-4-4.smt2,93948580bd4a007f84f7da2c0aaf8ec021d24696d6adacfba72ab241642a8294,smt-lib-2025/QF_UFLIA,QF_UFLIA,family-balanced 1500-input expansion,QF_UFLIA.tar.zst,ae14e65e575652b02b7bbac91784726fb70f2b2000acbec2c33f6aaa68ed5c1b,https://zenodo.org/records/16740866,,mathsat/Wisa/xs-06-19-3-3-4-4.smt2,,,unsat
smt-lib-2025/QF_UFLIA/wisas/xs_13_18.smt2,fc333ff7f0d0bca4d2e126043ed237c0facf97b2bafea88d64f75e41f1f2536c,smt-lib-2025/QF_UFLIA,QF_UFLIA,family-balanced 1500-input expansion,QF_UFLIA.tar.zst,ae14e65e575652b02b7bbac91784726fb70f2b2000acbec2c33f6aaa68ed5c1b,https://zenodo.org/records/16740866,,wisas/xs_13_18.smt2,,,sat
smt-lib-2025/QF_UFLIA/mathsat/Wisa/xs-20-15-2-2-4-2.smt2,cd82231d25e88a341178df49f1d20787f2b5dee3d9f631c0f6b243aad867c0f0,smt-lib-2025/QF_UFLIA,QF_UFLIA,family-balanced 1500-input expansion,QF_UFLIA.tar.zst,ae14e65e575652b02b7bbac91784726fb70f2b2000acbec2c33f6aaa68ed5c1b,https://zenodo.org/records/16740866,,mathsat/Wisa/xs-20-15-2-2-4-2.smt2,,,sat
smt-lib-2025/QF_UFLIA/wisas/xs_18_28.smt2,fa34440056a4edce478c8ea0a6650d31eb47889849da4aba9a41cbfb719d92a5,smt-lib-2025/QF_UFLIA,QF_UFLIA,family-balanced 1500-input expansion,QF_UFLIA.tar.zst,ae14e65e575652b02b7bbac91784726fb70f2b2000acbec2c33f6aaa68ed5c1b,https://zenodo.org/records/16740866,,wisas/xs_18_28.smt2,,,sat
smt-lib-2025/QF_UFLIA/mathsat/EufLaArithmetic/medium/medium7.smt2,dad43fc9b55d985255397dd119ff3dbfb4b4409340093224e0387decf5163ed5,smt-lib-2025/QF_UFLIA,QF_UFLIA,family-balanced 1500-input expansion,QF_UFLIA.tar.zst,ae14e65e575652b02b7bbac91784726fb70f2b2000acbec2c33f6aaa68ed5c1b,https://zenodo.org/records/16740866,,mathsat/EufLaArithmetic/medium/medium7.smt2,,,unsat
smt-lib-2025/QF_UFLIA/wisas/xs_25_35.smt2,5690f67a2e02051ff2dc9551f95562aec690b35550cad1bb2b5471772a780335,smt-lib-2025/QF_UFLIA,QF_UFLIA,family-balanced 1500-input expansion,QF_UFLIA.tar.zst,ae14e65e575652b02b7bbac91784726fb70f2b2000acbec2c33f6aaa68ed5c1b,https://zenodo.org/records/16740866,,wisas/xs_25_35.smt2,,,sat
smt-lib-2025/QF_UFLIA/mathsat/EufLaArithmetic/hard/hard8.smt2,95c2b5f1b16c08a169b0834c1c08d53c37e1fce1776cd3baecc55f51efbd4d7e,smt-lib-2025/QF_UFLIA,QF_UFLIA,family-balanced 1500-input expansion,QF_UFLIA.tar.zst,ae14e65e575652b02b7bbac91784726fb70f2b2000acbec2c33f6aaa68ed5c1b,https://zenodo.org/records/16740866,,mathsat/EufLaArithmetic/hard/hard8.smt2,,,unsat
smt-lib-2025/QF_UFLIA/wisas/xs_22_32.smt2,d338056b3b310b83d7c49a1d27951febd2a9456b8eff4ce168a2eb73264f812e,smt-lib-2025/QF_UFLIA,QF_UFLIA,family-balanced 1500-input expansion,QF_UFLIA.tar.zst,ae14e65e575652b02b7bbac91784726fb70f2b2000acbec2c33f6aaa68ed5c1b,https://zenodo.org/records/16740866,,wisas/xs_22_32.smt2,,,sat
smt-lib-2025/QF_UFLIA/mathsat/Hash/hash_uns_03_07.smt2,76e09dee82b1c56eb3c8f636b1bdbf3352cb5b24744d3ba248aba056c009059d,smt-lib-2025/QF_UFLIA,QF_UFLIA,family-balanced 1500-input expansion,QF_UFLIA.tar.zst,ae14e65e575652b02b7bbac91784726fb70f2b2000acbec2c33f6aaa68ed5c1b,https://zenodo.org/records/16740866,,mathsat/Hash/hash_uns_03_07.smt2,,,unsat
smt-lib-2025/QF_UFLIA/wisas/xs_23_43.smt2,f8cc3c756811c7e0e3bd843c2f426647615674edde1db27e26d76e21f6340743,smt-lib-2025/QF_UFLIA,QF_UFLIA,family-balanced 1500-input expansion,QF_UFLIA.tar.zst,ae14e65e575652b02b7bbac91784726fb70f2b2000acbec2c33f6aaa68ed5c1b,https://zenodo.org/records/16740866,,wisas/xs_23_43.smt2,,,unsat
smt-lib-2025/QF_UFLIA/mathsat/Wisa/xs-20-19-2-2-2-5.smt2,dc612413e1f78373ae8461db6cd99f86961c4d493cd9f7c421714edf453fb9d8,smt-lib-2025/QF_UFLIA,QF_UFLIA,family-balanced 1500-input expansion,QF_UFLIA.tar.zst,ae14e65e575652b02b7bbac91784726fb70f2b2000acbec2c33f6aaa68ed5c1b,https://zenodo.org/records/16740866,,mathsat/Wisa/xs-20-19-2-2-2-5.smt2,,,sat
smt-lib-2025/QF_UFLIA/wisas/xs_13_13.smt2,79bc628201e189fea8bf3ce976b57859a2ae018600db870d4561e1c8d2cbc247,smt-lib-2025/QF_UFLIA,QF_UFLIA,family-balanced 1500-input expansion,QF_UFLIA.tar.zst,ae14e65e575652b02b7bbac91784726fb70f2b2000acbec2c33f6aaa68ed5c1b,https://zenodo.org/records/16740866,,wisas/xs_13_13.smt2,,,sat
smt-lib-2025/QF_UFLIA/mathsat/Hash/hash_sat_05_08.smt2,91d01e12ec9aabe6c72872063db43c9f818ab2ff875a3c38eb23b4f2fab9a00e,smt-lib-2025/QF_UFLIA,QF_UFLIA,family-balanced 1500-input expansion,QF_UFLIA.tar.zst,ae14e65e575652b02b7bbac91784726fb70f2b2000acbec2c33f6aaa68ed5c1b,https://zenodo.org/records/16740866,,mathsat/Hash/hash_sat_05_08.smt2,,,sat
smt-lib-2025/QF_UFLIA/wisas/xs_24_24.smt2,ff8817c439661b056406843d9c1840319e14d4a259cd9511b73576772e28d4e9,smt-lib-2025/QF_UFLIA,QF_UFLIA,family-balanced 1500-input expansion,QF_UFLIA.tar.zst,ae14e65e575652b02b7bbac91784726fb70f2b2000acbec2c33f6aaa68ed5c1b,https://zenodo.org/records/16740866,,wisas/xs_24_24.smt2,,,sat
smt-lib-2025/QF_UFLIA/mathsat/Wisa/xs-07-16-2-4-3-5.smt2,ea2ba447ea2f6519e4b2c338a0c702411a1cdfa63ba07ba71a50924f9461ec29,smt-lib-2025/QF_UFLIA,QF_UFLIA,family-balanced 1500-input expansion,QF_UFLIA.tar.zst,ae14e65e575652b02b7bbac91784726fb70f2b2000acbec2c33f6aaa68ed5c1b,https://zenodo.org/records/16740866,,mathsat/Wisa/xs-07-16-2-4-3-5.smt2,,,unsat
smt-lib-2025/QF_UFLIA/wisas/xs_9_14.smt2,ee1976c22e65cd50abd9f0bedacfc5af3f9786531f4b90b62b1f1a084d4c091d,smt-lib-2025/QF_UFLIA,QF_UFLIA,family-balanced 1500-input expansion,QF_UFLIA.tar.zst,ae14e65e575652b02b7bbac91784726fb70f2b2000acbec2c33f6aaa68ed5c1b,https://zenodo.org/records/16740866,,wisas/xs_9_14.smt2,,,unsat
smt-lib-2025/QF_UFLIA/mathsat/Wisa/xs-09-06-1-5-3-2.smt2,7da9a70e945efdedb640870e4042b3b665eee8f0d2923b7082c5885df51f651a,smt-lib-2025/QF_UFLIA,QF_UFLIA,family-balanced 1500-input expansion,QF_UFLIA.tar.zst,ae14e65e575652b02b7bbac91784726fb70f2b2000acbec2c33f6aaa68ed5c1b,https://zenodo.org/records/16740866,,mathsat/Wisa/xs-09-06-1-5-3-2.smt2,,,sat
smt-lib-2025/QF_UFLIA/wisas/xs_7_12.smt2,a247f1a70fb6d16434fcb691183ffb26df42748303cfce2920d70b855932bdb8,smt-lib-2025/QF_UFLIA,QF_UFLIA,family-balanced 1500-input expansion,QF_UFLIA.tar.zst,ae14e65e575652b02b7bbac91784726fb70f2b2000acbec2c33f6aaa68ed5c1b,https://zenodo.org/records/16740866,,wisas/xs_7_12.smt2,,,unsat
smt-lib-2025/QF_UFLIA/mathsat/Hash/hash_uns_04_18.smt2,c2d48e8e15730498968c31424d13e9b674c090b06012ff6b0555623aa4cbbed7,smt-lib-2025/QF_UFLIA,QF_UFLIA,family-balanced 1500-input expansion,QF_UFLIA.tar.zst,ae14e65e575652b02b7bbac91784726fb70f2b2000acbec2c33f6aaa68ed5c1b,https://zenodo.org/records/16740866,,mathsat/Hash/hash_uns_04_18.smt2,,,unsat
smt-lib-2025/QF_UFLIA/wisas/xs_8_8.smt2,cad3a158240e69802daa0fbbf8bca94088ba24837a216fc03f0c248441185828,smt-lib-2025/QF_UFLIA,QF_UFLIA,family-balanced 1500-input expansion,QF_UFLIA.tar.zst,ae14e65e575652b02b7bbac91784726fb70f2b2000acbec2c33f6aaa68ed5c1b,https://zenodo.org/records/16740866,,wisas/xs_8_8.smt2,,,sat
smt-lib-2025/QF_UFLIA/mathsat/Hash/hash_uns_03_15.smt2,e39f0f91dfe9adea0467462598858a04c2c05fb69dda0b5866864c1aab6230af,smt-lib-2025/QF_UFLIA,QF_UFLIA,family-balanced 1500-input expansion,QF_UFLIA.tar.zst,ae14e65e575652b02b7bbac91784726fb70f2b2000acbec2c33f6aaa68ed5c1b,https://zenodo.org/records/16740866,,mathsat/Hash/hash_uns_03_15.smt2,,,unsat
smt-lib-2025/QF_UFLIA/wisas/xs_19_29.smt2,2a40d194b1434fc475d8f6732efdef25cf16046f110316421ffdea64a8086a71,smt-lib-2025/QF_UFLIA,QF_UFLIA,family-balanced 1500-input expansion,QF_UFLIA.tar.zst,ae14e65e575652b02b7bbac91784726fb70f2b2000acbec2c33f6aaa68ed5c1b,https://zenodo.org/records/16740866,,wisas/xs_19_29.smt2,,,sat
smt-lib-2025/QF_UFLIA/mathsat/Wisa/xs-14-10-3-4-2-2.smt2,ed1f160e061d7120d17cf1c16cbff6529fa2892310f79a4f6eeb50463c371f4e,smt-lib-2025/QF_UFLIA,QF_UFLIA,family-balanced 1500-input expansion,QF_UFLIA.tar.zst,ae14e65e575652b02b7bbac91784726fb70f2b2000acbec2c33f6aaa68ed5c1b,https://zenodo.org/records/16740866,,mathsat/Wisa/xs-14-10-3-4-2-2.smt2,,,sat
smt-lib-2025/QF_UFLIA/wisas/xs_8_13.smt2,39d82168e5dc0704ba0331f7f6a56b3ca28072e028128ce9e98cabcdc2a828d8,smt-lib-2025/QF_UFLIA,QF_UFLIA,family-balanced 1500-input expansion,QF_UFLIA.tar.zst,ae14e65e575652b02b7bbac91784726fb70f2b2000acbec2c33f6aaa68ed5c1b,https://zenodo.org/records/16740866,,wisas/xs_8_13.smt2,,,unsat
smt-lib-2025/QF_UFLIA/mathsat/Hash/hash_uns_04_16.smt2,fde27d01f2faa404245d37f59f678b802599f96411cd0d2e1405a926bb381296,smt-lib-2025/QF_UFLIA,QF_UFLIA,family-balanced 1500-input expansion,QF_UFLIA.tar.zst,ae14e65e575652b02b7bbac91784726fb70f2b2000acbec2c33f6aaa68ed5c1b,https://zenodo.org/records/16740866,,mathsat/Hash/hash_uns_04_16.smt2,,,unsat
smt-lib-2025/QF_UFLIA/wisas/xs_27_47.smt2,3e0ad654e08a68996ea025d4d53838e9717bd08f1ecd4b0a67059df6d88202a5,smt-lib-2025/QF_UFLIA,QF_UFLIA,family-balanced 1500-input expansion,QF_UFLIA.tar.zst,ae14e65e575652b02b7bbac91784726fb70f2b2000acbec2c33f6aaa68ed5c1b,https://zenodo.org/records/16740866,,wisas/xs_27_47.smt2,,,sat
smt-lib-2025/QF_UFLIA/mathsat/EufLaArithmetic/hard/hard13.smt2,1a5611fd1eca111c84fa3989c1a3f872ba9c629002b35c58076ea4040ee6b4e5,smt-lib-2025/QF_UFLIA,QF_UFLIA,family-balanced 1500-input expansion,QF_UFLIA.tar.zst,ae14e65e575652b02b7bbac91784726fb70f2b2000acbec2c33f6aaa68ed5c1b,https://zenodo.org/records/16740866,,mathsat/EufLaArithmetic/hard/hard13.smt2,,,unsat
smt-lib-2025/QF_UFLIA/wisas/xs_14_24.smt2,47929afe8ff752079ea9673ad1eea06859bac1e181d0655b37cba550b605d7d4,smt-lib-2025/QF_UFLIA,QF_UFLIA,family-balanced 1500-input expansion,QF_UFLIA.tar.zst,ae14e65e575652b02b7bbac91784726fb70f2b2000acbec2c33f6aaa68ed5c1b,https://zenodo.org/records/16740866,,wisas/xs_14_24.smt2,,,sat
smt-lib-2025/QF_UFLIA/mathsat/Hash/hash_uns_04_06.smt2,e4280d9940145c8fc7095726a5f13144dc13585bf7e18ca0bea3b77afda7d485,smt-lib-2025/QF_UFLIA,QF_UFLIA,family-balanced 1500-input expansion,QF_UFLIA.tar.zst,ae14e65e575652b02b7bbac91784726fb70f2b2000acbec2c33f6aaa68ed5c1b,https://zenodo.org/records/16740866,,mathsat/Hash/hash_uns_04_06.smt2,,,unsat
smt-lib-2025/QF_UFLIA/wisas/xs_5_5.smt2,0258aeb706a8355b378473c2602a2dc97e1d20afdca33d4b98cc1b17bfaa1503,smt-lib-2025/QF_UFLIA,QF_UFLIA,family-balanced 1500-input expansion,QF_UFLIA.tar.zst,ae14e65e575652b02b7bbac91784726fb70f2b2000acbec2c33f6aaa68ed5c1b,https://zenodo.org/records/16740866,,wisas/xs_5_5.smt2,,,unsat
smt-lib-2025/QF_UFLIA/mathsat/Wisa/xs-19-11-4-4-1-3.smt2,388e01be609794ad439d9976cd3e414cd7b5262334e1ae4262e3317be56c0d17,smt-lib-2025/QF_UFLIA,QF_UFLIA,family-balanced 1500-input expansion,QF_UFLIA.tar.zst,ae14e65e575652b02b7bbac91784726fb70f2b2000acbec2c33f6aaa68ed5c1b,https://zenodo.org/records/16740866,,mathsat/Wisa/xs-19-11-4-4-1-3.smt2,,,sat
smt-lib-2025/QF_UFLIA/wisas/xs_8_18.smt2,370e03fbf4ac9c42544439fba2368e14f466249d65da4fb904dc73e5a26195b0,smt-lib-2025/QF_UFLIA,QF_UFLIA,family-balanced 1500-input expansion,QF_UFLIA.tar.zst,ae14e65e575652b02b7bbac91784726fb70f2b2000acbec2c33f6aaa68ed5c1b,https://zenodo.org/records/16740866,,wisas/xs_8_18.smt2,,,unsat
smt-lib-2025/QF_UFLIA/mathsat/Wisa/xs-16-17-5-5-3-5.smt2,7c074186f41c87b47ecf1c62820dd5db1af1cf08c572521bceb9d376df538a52,smt-lib-2025/QF_UFLIA,QF_UFLIA,family-balanced 1500-input expansion,QF_UFLIA.tar.zst,ae14e65e575652b02b7bbac91784726fb70f2b2000acbec2c33f6aaa68ed5c1b,https://zenodo.org/records/16740866,,mathsat/Wisa/xs-16-17-5-5-3-5.smt2,,,sat
smt-lib-2025/QF_UFLIA/wisas/xs_6_16.smt2,af39df2558c83c0f5b119467ea6ad45aaae50728d51ed26ad55c1fa39e5d3f90,smt-lib-2025/QF_UFLIA,QF_UFLIA,family-balanced 1500-input expansion,QF_UFLIA.tar.zst,ae14e65e575652b02b7bbac91784726fb70f2b2000acbec2c33f6aaa68ed5c1b,https://zenodo.org/records/16740866,,wisas/xs_6_16.smt2,,,unsat
smt-lib-2025/QF_UFLIA/mathsat/Hash/hash_sat_04_10.smt2,0f1fe5622199222b69225ad438df00e2dfdc851245cef986ee77b265c94d3d94,smt-lib-2025/QF_UFLIA,QF_UFLIA,family-balanced 1500-input expansion,QF_UFLIA.tar.zst,ae14e65e575652b02b7bbac91784726fb70f2b2000acbec2c33f6aaa68ed5c1b,https://zenodo.org/records/16740866,,mathsat/Hash/hash_sat_04_10.smt2,,,sat
smt-lib-2025/QF_UFLIA/wisas/xs_23_23.smt2,65b19d5edf527191ba67b0b6c19a350b99a1b5ecec02c2e1bd79d43632f89338,smt-lib-2025/QF_UFLIA,QF_UFLIA,family-balanced 1500-input expansion,QF_UFLIA.tar.zst,ae14e65e575652b02b7bbac91784726fb70f2b2000acbec2c33f6aaa68ed5c1b,https://zenodo.org/records/16740866,,wisas/xs_23_23.smt2,,,sat
smt-lib-2025/QF_UFLIA/mathsat/Hash/hash_uns_05_07.smt2,168425c4bbc0350fd1eda4c2d8540cb49cad52227750de4a275153fd57916b57,smt-lib-2025/QF_UFLIA,QF_UFLIA,family-balanced 1500-input expansion,QF_UFLIA.tar.zst,ae14e65e575652b02b7bbac91784726fb70f2b2000acbec2c33f6aaa68ed5c1b,https://zenodo.org/records/16740866,,mathsat/Hash/hash_uns_05_07.smt2,,,unsat
smt-lib-2025/QF_UFLIA/wisas/xs_27_27.smt2,f6229163dc9a4c976df96c830a442ea2bea52512d12ceb0eca39fa737b59d171,smt-lib-2025/QF_UFLIA,QF_UFLIA,family-balanced 1500-input expansion,QF_UFLIA.tar.zst,ae14e65e575652b02b7bbac91784726fb70f2b2000acbec2c33f6aaa68ed5c1b,https://zenodo.org/records/16740866,,wisas/xs_27_27.smt2,,,sat
smt-lib-2025/QF_UFLIA/mathsat/Wisa/xs-13-15-5-3-4-1.smt2,37322b8f03014e241d7416008a88e11a7ba956329209f05e94f8710bd8d2e990,smt-lib-2025/QF_UFLIA,QF_UFLIA,family-balanced 1500-input expansion,QF_UFLIA.tar.zst,ae14e65e575652b02b7bbac91784726fb70f2b2000acbec2c33f6aaa68ed5c1b,https://zenodo.org/records/16740866,,mathsat/Wisa/xs-13-15-5-3-4-1.smt2,,,sat
smt-lib-2025/QF_UFLIA/wisas/xs_7_7.smt2,9088ab0f2931c1400d1d6b71b43484c4a6f5df04fff30fe7b85091c22cc6c876,smt-lib-2025/QF_UFLIA,QF_UFLIA,family-balanced 1500-input expansion,QF_UFLIA.tar.zst,ae14e65e575652b02b7bbac91784726fb70f2b2000acbec2c33f6aaa68ed5c1b,https://zenodo.org/records/16740866,,wisas/xs_7_7.smt2,,,sat
smt-lib-2025/QF_UFLIA/mathsat/Wisa/xs-17-07-3-4-4-3.smt2,92c7f08edc87c9cf93be632455ad1098bc09656603c32b2489485eccb886f035,smt-lib-2025/QF_UFLIA,QF_UFLIA,family-balanced 1500-input expansion,QF_UFLIA.tar.zst,ae14e65e575652b02b7bbac91784726fb70f2b2000acbec2c33f6aaa68ed5c1b,https://zenodo.org/records/16740866,,mathsat/Wisa/xs-17-07-3-4-4-3.smt2,,,sat
smt-lib-2025/QF_UFLIA/wisas/xs_25_25.smt2,1a5d7413fac4732f97bb99213c82d3080021068b1cf836585b6578d3d3c0e010,smt-lib-2025/QF_UFLIA,QF_UFLIA,family-balanced 1500-input expansion,QF_UFLIA.tar.zst,ae14e65e575652b02b7bbac91784726fb70f2b2000acbec2c33f6aaa68ed5c1b,https://zenodo.org/records/16740866,,wisas/xs_25_25.smt2,,,sat
smt-lib-2025/QF_UFLIA/mathsat/Hash/hash_sat_05_11.smt2,20a3b1bd4c250ac9d45ef0486b43748983b08cc87ebab53f22efc82afe4e3936,smt-lib-2025/QF_UFLIA,QF_UFLIA,family-balanced 1500-input expansion,QF_UFLIA.tar.zst,ae14e65e575652b02b7bbac91784726fb70f2b2000acbec2c33f6aaa68ed5c1b,https://zenodo.org/records/16740866,,mathsat/Hash/hash_sat_05_11.smt2,,,sat
smt-lib-2025/QF_UFLIA/wisas/xs_18_38.smt2,6202b5ddb33565ed3cf4847fca6a3726603b8554d10447ee674e40470adcf3f7,smt-lib-2025/QF_UFLIA,QF_UFLIA,family-balanced 1500-input expansion,QF_UFLIA.tar.zst,ae14e65e575652b02b7bbac91784726fb70f2b2000acbec2c33f6aaa68ed5c1b,https://zenodo.org/records/16740866,,wisas/xs_18_38.smt2,,,unsat
smt-lib-2025/QF_UFLIA/mathsat/Wisa/xs-14-11-4-2-2-1.smt2,b561cdcf57e3ac80f7c8fe3e1728c83876753f43037742b5713a27981e27f4ce,smt-lib-2025/QF_UFLIA,QF_UFLIA,family-balanced 1500-input expansion,QF_UFLIA.tar.zst,ae14e65e575652b02b7bbac91784726fb70f2b2000acbec2c33f6aaa68ed5c1b,https://zenodo.org/records/16740866,,mathsat/Wisa/xs-14-11-4-2-2-1.smt2,,,sat
smt-lib-2025/QF_UFLIA/wisas/xs_17_37.smt2,a5110c43b2769694b3712f925292f3bd24061e61367fb56d7dbab10f0f94d4af,smt-lib-2025/QF_UFLIA,QF_UFLIA,family-balanced 1500-input expansion,QF_UFLIA.tar.zst,ae14e65e575652b02b7bbac91784726fb70f2b2000acbec2c33f6aaa68ed5c1b,https://zenodo.org/records/16740866,,wisas/xs_17_37.smt2,,,unsat
smt-lib-2025/QF_UFLIA/mathsat/Hash/hash_sat_03_05.smt2,97dcb214d1094b6ad32019a59cce75e88d04e1a106dc402be4f241038e3dfe91,smt-lib-2025/QF_UFLIA,QF_UFLIA,family-balanced 1500-input expansion,QF_UFLIA.tar.zst,ae14e65e575652b02b7bbac91784726fb70f2b2000acbec2c33f6aaa68ed5c1b,https://zenodo.org/records/16740866,,mathsat/Hash/hash_sat_03_05.smt2,,,sat
smt-lib-2025/QF_UFLIA/wisas/xs_17_27.smt2,20ee6d03f3aa3dadf04fa5ef43280417fb22d4d331e346d7a809749d30ea1ee2,smt-lib-2025/QF_UFLIA,QF_UFLIA,family-balanced 1500-input expansion,QF_UFLIA.tar.zst,ae14e65e575652b02b7bbac91784726fb70f2b2000acbec2c33f6aaa68ed5c1b,https://zenodo.org/records/16740866,,wisas/xs_17_27.smt2,,,sat
smt-lib-2025/QF_UFLIA/mathsat/Wisa/xs-17-08-5-3-2-5.smt2,9c72bf2abaeb995d94107f51fca3f205ed4137ed39c1dd8d332f3126f37c59b0,smt-lib-2025/QF_UFLIA,QF_UFLIA,family-balanced 1500-input expansion,QF_UFLIA.tar.zst,ae14e65e575652b02b7bbac91784726fb70f2b2000acbec2c33f6aaa68ed5c1b,https://zenodo.org/records/16740866,,mathsat/Wisa/xs-17-08-5-3-2-5.smt2,,,sat
smt-lib-2025/QF_UFLIA/wisas/xs_17_17.smt2,8a6ae9c3fbe600ea19a02c705b937adb5a943d2d8bb9876c6165bf1dea0cb693,smt-lib-2025/QF_UFLIA,QF_UFLIA,family-balanced 1500-input expansion,QF_UFLIA.tar.zst,ae14e65e575652b02b7bbac91784726fb70f2b2000acbec2c33f6aaa68ed5c1b,https://zenodo.org/records/16740866,,wisas/xs_17_17.smt2,,,sat
smt-lib-2025/QF_UFLIA/mathsat/Hash/hash_sat_03_09.smt2,4070ced750f5a90483fca2a13209ec6550f90b229b11c3e073fab4f57bb6a476,smt-lib-2025/QF_UFLIA,QF_UFLIA,family-balanced 1500-input expansion,QF_UFLIA.tar.zst,ae14e65e575652b02b7bbac91784726fb70f2b2000acbec2c33f6aaa68ed5c1b,https://zenodo.org/records/16740866,,mathsat/Hash/hash_sat_03_09.smt2,,,sat
smt-lib-2025/QF_UFLIA/wisas/xs_22_42.smt2,ece1412e05a1077fe4f3ff2cecbb1edc2650d66144f720a31aaf02851b7bb29f,smt-lib-2025/QF_UFLIA,QF_UFLIA,family-balanced 1500-input expansion,QF_UFLIA.tar.zst,ae14e65e575652b02b7bbac91784726fb70f2b2000acbec2c33f6aaa68ed5c1b,https://zenodo.org/records/16740866,,wisas/xs_22_42.smt2,,,unsat
smt-lib-2025/QF_UFLIA/mathsat/Hash/hash_uns_05_05.smt2,6f021127f2a76d2a277f0a4b295d992e13b1013cc4693a198e326b39383c1531,smt-lib-2025/QF_UFLIA,QF_UFLIA,family-balanced 1500-input expansion,QF_UFLIA.tar.zst,ae14e65e575652b02b7bbac91784726fb70f2b2000acbec2c33f6aaa68ed5c1b,https://zenodo.org/records/16740866,,mathsat/Hash/hash_uns_05_05.smt2,,,unsat
smt-lib-2025/QF_UFLIA/wisas/xs_10_10.smt2,115dc599922f208314e63d4bf5c3f7a6e9d08d493c5a9517850d3af9949e05e1,smt-lib-2025/QF_UFLIA,QF_UFLIA,family-balanced 1500-input expansion,QF_UFLIA.tar.zst,ae14e65e575652b02b7bbac91784726fb70f2b2000acbec2c33f6aaa68ed5c1b,https://zenodo.org/records/16740866,,wisas/xs_10_10.smt2,,,sat
smt-lib-2025/QF_UFLIA/mathsat/Hash/hash_uns_04_20.smt2,04649e40590fdafc61c8c8e827578b6604b5514ce2a230601ec0f3f5d2d12b62,smt-lib-2025/QF_UFLIA,QF_UFLIA,family-balanced 1500-input expansion,QF_UFLIA.tar.zst,ae14e65e575652b02b7bbac91784726fb70f2b2000acbec2c33f6aaa68ed5c1b,https://zenodo.org/records/16740866,,mathsat/Hash/hash_uns_04_20.smt2,,,unsat
smt-lib-2025/QF_UFLIA/wisas/xs_15_20.smt2,8cbc0dc43cf427e58547c69fc3460f60c7738d05e1b6fe86e0c11005874ddea3,smt-lib-2025/QF_UFLIA,QF_UFLIA,family-balanced 1500-input expansion,QF_UFLIA.tar.zst,ae14e65e575652b02b7bbac91784726fb70f2b2000acbec2c33f6aaa68ed5c1b,https://zenodo.org/records/16740866,,wisas/xs_15_20.smt2,,,sat
smt-lib-2025/QF_UFLIA/mathsat/Wisa/xs-11-20-5-2-5-3.smt2,c1c3f6abe638f583a1d3bc61eb8d0e8a0519aa2ec84a7729f9db732855ec8143,smt-lib-2025/QF_UFLIA,QF_UFLIA,family-balanced 1500-input expansion,QF_UFLIA.tar.zst,ae14e65e575652b02b7bbac91784726fb70f2b2000acbec2c33f6aaa68ed5c1b,https://zenodo.org/records/16740866,,mathsat/Wisa/xs-11-20-5-2-5-3.smt2,,,unsat
smt-lib-2025/QF_UFLIA/wisas/xs_16_36.smt2,11a91f53738c972db71ff4a6c95cba148aa5318e29d2a15d8491643e6ebc1430,smt-lib-2025/QF_UFLIA,QF_UFLIA,family-balanced 1500-input expansion,QF_UFLIA.tar.zst,ae14e65e575652b02b7bbac91784726fb70f2b2000acbec2c33f6aaa68ed5c1b,https://zenodo.org/records/16740866,,wisas/xs_16_36.smt2,,,unsat
smt-lib-2025/QF_UFLIA/mathsat/Wisa/xs-12-16-5-2-2-3.smt2,29e4d26075e284a7e7213d91412f6640740d7ad4d163a63c9cbdb4ce3fa52748,smt-lib-2025/QF_UFLIA,QF_UFLIA,family-balanced 1500-input expansion,QF_UFLIA.tar.zst,ae14e65e575652b02b7bbac91784726fb70f2b2000acbec2c33f6aaa68ed5c1b,https://zenodo.org/records/16740866,,mathsat/Wisa/xs-12-16-5-2-2-3.smt2,,,sat
smt-lib-2025/QF_UFLIA/wisas/xs_20_40.smt2,6325cdbecd03e20966c9a3ed4c9c947a539a2811ae469dfb3b7782e85e3d0f51,smt-lib-2025/QF_UFLIA,QF_UFLIA,family-balanced 1500-input expansion,QF_UFLIA.tar.zst,ae14e65e575652b02b7bbac91784726fb70f2b2000acbec2c33f6aaa68ed5c1b,https://zenodo.org/records/16740866,,wisas/xs_20_40.smt2,,,unsat
smt-lib-2025/QF_UFLIA/mathsat/Wisa/xs-10-19-3-4-2-4.smt2,0d20e9da2587ef8f4a368a46b519bf18442329802501129222279ced1f622422,smt-lib-2025/QF_UFLIA,QF_UFLIA,family-balanced 1500-input expansion,QF_UFLIA.tar.zst,ae14e65e575652b02b7bbac91784726fb70f2b2000acbec2c33f6aaa68ed5c1b,https://zenodo.org/records/16740866,,mathsat/Wisa/xs-10-19-3-4-2-4.smt2,,,unsat
smt-lib-2025/QF_UFLIA/wisas/xs_22_22.smt2,369a7df94755cccdda9da360cd827a187ed557e34ec0aea2dc68950194ff7b9a,smt-lib-2025/QF_UFLIA,QF_UFLIA,family-balanced 1500-input expansion,QF_UFLIA.tar.zst,ae14e65e575652b02b7bbac91784726fb70f2b2000acbec2c33f6aaa68ed5c1b,https://zenodo.org/records/16740866,,wisas/xs_22_22.smt2,,,sat
smt-lib-2025/QF_UFLIA/mathsat/Hash/hash_sat_06_04.smt2,5539ee96d17785c22da2346a347a1f64a1509e41d40d6bae0d6c632887c7e099,smt-lib-2025/QF_UFLIA,QF_UFLIA,family-balanced 1500-input expansion,QF_UFLIA.tar.zst,ae14e65e575652b02b7bbac91784726fb70f2b2000acbec2c33f6aaa68ed5c1b,https://zenodo.org/records/16740866,,mathsat/Hash/hash_sat_06_04.smt2,,,sat
smt-lib-2025/QF_UFLIA/mathsat/Wisa/xs-08-17-4-1-2-2.smt2,5236c633499e6a34de68dd9f8af1cf187fa778826b00939d1c63055c6256728c,smt-lib-2025/QF_UFLIA,QF_UFLIA,family-balanced 1500-input expansion,QF_UFLIA.tar.zst,ae14e65e575652b02b7bbac91784726fb70f2b2000acbec2c33f6aaa68ed5c1b,https://zenodo.org/records/16740866,,mathsat/Wisa/xs-08-17-4-1-2-2.smt2,,,unsat
smt-lib-2025/QF_UFLIA/mathsat/Hash/hash_uns_04_09.smt2,8a07a43f1074630b74be32acc0c449b9ba7f2391457beb293591a4e4808f2763,smt-lib-2025/QF_UFLIA,QF_UFLIA,family-balanced 1500-input expansion,QF_UFLIA.tar.zst,ae14e65e575652b02b7bbac91784726fb70f2b2000acbec2c33f6aaa68ed5c1b,https://zenodo.org/records/16740866,,mathsat/Hash/hash_uns_04_09.smt2,,,unsat
smt-lib-2025/QF_UFLIA/mathsat/Wisa/xs-13-16-3-1-4-1.smt2,ba08cf9696981804dc0f61012d1877287758dd9d38cb0be423c73869eb02af5c,smt-lib-2025/QF_UFLIA,QF_UFLIA,family-balanced 1500-input expansion,QF_UFLIA.tar.zst,ae14e65e575652b02b7bbac91784726fb70f2b2000acbec2c33f6aaa68ed5c1b,https://zenodo.org/records/16740866,,mathsat/Wisa/xs-13-16-3-1-4-1.smt2,,,sat
smt-lib-2025/QF_UFLIA/mathsat/Wisa/xs-07-13-5-3-2-1.smt2,817a8f52054e52db2e78ed7d2a380a8efc0fa47a379af3ddd70c1a9d4f9c7735,smt-lib-2025/QF_UFLIA,QF_UFLIA,family-balanced 1500-input expansion,QF_UFLIA.tar.zst,ae14e65e575652b02b7bbac91784726fb70f2b2000acbec2c33f6aaa68ed5c1b,https://zenodo.org/records/16740866,,mathsat/Wisa/xs-07-13-5-3-2-1.smt2,,,unsat
smt-lib-2025/QF_UFLIA/mathsat/Wisa/xs-17-06-5-5-4-1.smt2,7c8090d1a9c4b055e17bf97213f86fdd2e45b3445a030d5746df48077f6805dc,smt-lib-2025/QF_UFLIA,QF_UFLIA,family-balanced 1500-input expansion,QF_UFLIA.tar.zst,ae14e65e575652b02b7bbac91784726fb70f2b2000acbec2c33f6aaa68ed5c1b,https://zenodo.org/records/16740866,,mathsat/Wisa/xs-17-06-5-5-4-1.smt2,,,sat
smt-lib-2025/QF_UFLIA/mathsat/Wisa/xs-06-15-4-1-4-1.smt2,ea38e599be19edbe4eeb908b7c028e5d27d009fdbff7374d2f7c02fa049c6434,smt-lib-2025/QF_UFLIA,QF_UFLIA,family-balanced 1500-input expansion,QF_UFLIA.tar.zst,ae14e65e575652b02b7bbac91784726fb70f2b2000acbec2c33f6aaa68ed5c1b,https://zenodo.org/records/16740866,,mathsat/Wisa/xs-06-15-4-1-4-1.smt2,,,unsat
smt-lib-2025/QF_UFLIA/mathsat/Wisa/xs-11-19-4-5-1-1.smt2,1751c9104041bdf77bb37737723ff195d066731f2b57186b29a801a178c0133f,smt-lib-2025/QF_UFLIA,QF_UFLIA,family-balanced 1500-input expansion,QF_UFLIA.tar.zst,ae14e65e575652b02b7bbac91784726fb70f2b2000acbec2c33f6aaa68ed5c1b,https://zenodo.org/records/16740866,,mathsat/Wisa/xs-11-19-4-5-1-1.smt2,,,unsat
smt-lib-2025/QF_UFLIA/mathsat/Wisa/xs-13-09-3-2-3-2.smt2,811ff0a4a61c286e3c9a551a05b37c0cdcdfdec1a0b6a96f9253ccf600eb594d,smt-lib-2025/QF_UFLIA,QF_UFLIA,family-balanced 1500-input expansion,QF_UFLIA.tar.zst,ae14e65e575652b02b7bbac91784726fb70f2b2000acbec2c33f6aaa68ed5c1b,https://zenodo.org/records/16740866,,mathsat/Wisa/xs-13-09-3-2-3-2.smt2,,,sat
smt-lib-2025/QF_UFLIA/mathsat/Wisa/xs-13-19-4-5-5-5.smt2,268d0f92278d6845724cc6a1a140ac8d6359922e7a8e2cd530afe92b899523d0,smt-lib-2025/QF_UFLIA,QF_UFLIA,family-balanced 1500-input expansion,QF_UFLIA.tar.zst,ae14e65e575652b02b7bbac91784726fb70f2b2000acbec2c33f6aaa68ed5c1b,https://zenodo.org/records/16740866,,mathsat/Wisa/xs-13-19-4-5-5-5.smt2,,,sat
smt-lib-2025/QF_UFLIA/mathsat/Hash/hash_uns_03_17.smt2,cefda501708ac9b151f2e84ccba547ba222a04be3678e3c51d88a8d9cc09bf42,smt-lib-2025/QF_UFLIA,QF_UFLIA,family-balanced 1500-input expansion,QF_UFLIA.tar.zst,ae14e65e575652b02b7bbac91784726fb70f2b2000acbec2c33f6aaa68ed5c1b,https://zenodo.org/records/16740866,,mathsat/Hash/hash_uns_03_17.smt2,,,unsat
smt-lib-2025/QF_UFLIA/mathsat/Wisa/xs-11-14-5-3-1-2.smt2,1665a6379884ba9a6d9917b092dae0bd77f3391e1121670c8a7eb42e0540066b,smt-lib-2025/QF_UFLIA,QF_UFLIA,family-balanced 1500-input expansion,QF_UFLIA.tar.zst,ae14e65e575652b02b7bbac91784726fb70f2b2000acbec2c33f6aaa68ed5c1b,https://zenodo.org/records/16740866,,mathsat/Wisa/xs-11-14-5-3-1-2.smt2,,,sat
smt-lib-2025/QF_UFLIA/mathsat/Hash/hash_sat_04_07.smt2,12de568cf21380d7d3536a931e6080a6327f8ad47e1808937d5c1260b03a92d7,smt-lib-2025/QF_UFLIA,QF_UFLIA,family-balanced 1500-input expansion,QF_UFLIA.tar.zst,ae14e65e575652b02b7bbac91784726fb70f2b2000acbec2c33f6aaa68ed5c1b,https://zenodo.org/records/16740866,,mathsat/Hash/hash_sat_04_07.smt2,,,sat
smt-lib-2025/QF_UFLIA/mathsat/Wisa/xs-11-06-4-4-5-5.smt2,1453bbc3593be800ff33066e3cd79a1489b82388c6723c415c439518e91ad384,smt-lib-2025/QF_UFLIA,QF_UFLIA,family-balanced 1500-input expansion,QF_UFLIA.tar.zst,ae14e65e575652b02b7bbac91784726fb70f2b2000acbec2c33f6aaa68ed5c1b,https://zenodo.org/records/16740866,,mathsat/Wisa/xs-11-06-4-4-5-5.smt2,,,sat
smt-lib-2025/QF_UFLIA/mathsat/Hash/hash_sat_03_16.smt2,80a9229954a28061a3baf4f5dbbdb77d3ab5da4ff1d80c03de8617662416fd85,smt-lib-2025/QF_UFLIA,QF_UFLIA,family-balanced 1500-input expansion,QF_UFLIA.tar.zst,ae14e65e575652b02b7bbac91784726fb70f2b2000acbec2c33f6aaa68ed5c1b,https://zenodo.org/records/16740866,,mathsat/Hash/hash_sat_03_16.smt2,,,sat
smt-lib-2025/QF_UFLIA/mathsat/Wisa/xs-06-12-5-4-2-5.smt2,171700e4a2ce603124b218a0ef2a0fc437e56c934a2e3f68d99de5e7a5511c0c,smt-lib-2025/QF_UFLIA,QF_UFLIA,family-balanced 1500-input expansion,QF_UFLIA.tar.zst,ae14e65e575652b02b7bbac91784726fb70f2b2000acbec2c33f6aaa68ed5c1b,https://zenodo.org/records/16740866,,mathsat/Wisa/xs-06-12-5-4-2-5.smt2,,,unsat
smt-lib-2025/QF_UFLIA/mathsat/Hash/hash_sat_06_03.smt2,2f021bd5c913c8d73f1ccf472704380f41a92efc00e3abd3ace3f4af839b350b,smt-lib-2025/QF_UFLIA,QF_UFLIA,family-balanced 1500-input expansion,QF_UFLIA.tar.zst,ae14e65e575652b02b7bbac91784726fb70f2b2000acbec2c33f6aaa68ed5c1b,https://zenodo.org/records/16740866,,mathsat/Hash/hash_sat_06_03.smt2,,,sat
smt-lib-2025/QF_UFLIA/mathsat/Wisa/xs-06-09-3-5-5-3.smt2,cb1bc6d6b143451ac0addb76e5e746984e903b682f33ce00c9178a4dd2ada564,smt-lib-2025/QF_UFLIA,QF_UFLIA,family-balanced 1500-input expansion,QF_UFLIA.tar.zst,ae14e65e575652b02b7bbac91784726fb70f2b2000acbec2c33f6aaa68ed5c1b,https://zenodo.org/records/16740866,,mathsat/Wisa/xs-06-09-3-5-5-3.smt2,,,unsat
smt-lib-2025/QF_UFLIA/mathsat/Wisa/xs-11-08-3-4-3-5.smt2,33ee8e3b9ab7c1e925ec806ed7da892798d518d74c2e8174bb7a4dfa3f4e2dc4,smt-lib-2025/QF_UFLIA,QF_UFLIA,family-balanced 1500-input expansion,QF_UFLIA.tar.zst,ae14e65e575652b02b7bbac91784726fb70f2b2000acbec2c33f6aaa68ed5c1b,https://zenodo.org/records/16740866,,mathsat/Wisa/xs-11-08-3-4-3-5.smt2,,,sat
smt-lib-2025/QF_UFLIA/mathsat/EufLaArithmetic/hard/hard15.smt2,13bf02dd0c0cee00bbf92e376d06b435eb49dae5b6ccbd0b8943392340b0431c,smt-lib-2025/QF_UFLIA,QF_UFLIA,family-balanced 1500-input expansion,QF_UFLIA.tar.zst,ae14e65e575652b02b7bbac91784726fb70f2b2000acbec2c33f6aaa68ed5c1b,https://zenodo.org/records/16740866,,mathsat/EufLaArithmetic/hard/hard15.smt2,,,unsat
smt-lib-2025/QF_UFLIA/mathsat/Wisa/xs-15-12-2-2-3-4.smt2,d36a314a04bd6e96c94d33ef1876898d008e6cda281111b5d91c345f5a8db994,smt-lib-2025/QF_UFLIA,QF_UFLIA,family-balanced 1500-input expansion,QF_UFLIA.tar.zst,ae14e65e575652b02b7bbac91784726fb70f2b2000acbec2c33f6aaa68ed5c1b,https://zenodo.org/records/16740866,,mathsat/Wisa/xs-15-12-2-2-3-4.smt2,,,sat
smt-lib-2025/QF_UFLIA/mathsat/Hash/hash_sat_07_09.smt2,1316fa4c359dfc65178b9435932ad5871b4adda840f5f8c02c4c70e81c3cbbb5,smt-lib-2025/QF_UFLIA,QF_UFLIA,family-balanced 1500-input expansion,QF_UFLIA.tar.zst,ae14e65e575652b02b7bbac91784726fb70f2b2000acbec2c33f6aaa68ed5c1b,https://zenodo.org/records/16740866,,mathsat/Hash/hash_sat_07_09.smt2,,,sat
smt-lib-2025/QF_UFLIA/mathsat/Wisa/xs-16-12-2-5-3-4.smt2,1aafeb22b01e929aad02a5129dcdfd1e86756a85f213413ab5807ff86aa56d29,smt-lib-2025/QF_UFLIA,QF_UFLIA,family-balanced 1500-input expansion,QF_UFLIA.tar.zst,ae14e65e575652b02b7bbac91784726fb70f2b2000acbec2c33f6aaa68ed5c1b,https://zenodo.org/records/16740866,,mathsat/Wisa/xs-16-12-2-5-3-4.smt2,,,sat
smt-lib-2025/QF_UFLIA/mathsat/Hash/hash_sat_06_05.smt2,c2816f98262bec22ee47160fe9b58ff19c1817978d1a89023dd681a93e4c6b7f,smt-lib-2025/QF_UFLIA,QF_UFLIA,family-balanced 1500-input expansion,QF_UFLIA.tar.zst,ae14e65e575652b02b7bbac91784726fb70f2b2000acbec2c33f6aaa68ed5c1b,https://zenodo.org/records/16740866,,mathsat/Hash/hash_sat_06_05.smt2,,,sat
smt-lib-2025/QF_UFLIA/mathsat/Wisa/xs-18-11-5-3-1-1.smt2,65a22629b4ffbb1d4c21b0a68156dd4e333032f4733c38ae2c6173536bb9fc82,smt-lib-2025/QF_UFLIA,QF_UFLIA,family-balanced 1500-input expansion,QF_UFLIA.tar.zst,ae14e65e575652b02b7bbac91784726fb70f2b2000acbec2c33f6aaa68ed5c1b,https://zenodo.org/records/16740866,,mathsat/Wisa/xs-18-11-5-3-1-1.smt2,,,sat
smt-lib-2025/QF_UFLIA/mathsat/Wisa/xs-07-19-5-3-2-5.smt2,855c8f026b9891859a9e1f5b876b26feaef8bb777e03cd92ad4e97b0b128c66d,smt-lib-2025/QF_UFLIA,QF_UFLIA,family-balanced 1500-input expansion,QF_UFLIA.tar.zst,ae14e65e575652b02b7bbac91784726fb70f2b2000acbec2c33f6aaa68ed5c1b,https://zenodo.org/records/16740866,,mathsat/Wisa/xs-07-19-5-3-2-5.smt2,,,unsat
smt-lib-2025/QF_UFLIA/mathsat/Wisa/xs-15-13-4-5-2-4.smt2,ea2b044bb864e54295bf1fce98a1cb1000222730dd30faeae1be960e7c4388d2,smt-lib-2025/QF_UFLIA,QF_UFLIA,family-balanced 1500-input expansion,QF_UFLIA.tar.zst,ae14e65e575652b02b7bbac91784726fb70f2b2000acbec2c33f6aaa68ed5c1b,https://zenodo.org/records/16740866,,mathsat/Wisa/xs-15-13-4-5-2-4.smt2,,,sat
smt-lib-2025/QF_UFLIA/mathsat/Hash/hash_sat_06_10.smt2,2aed2a9974d3cf03c77aa113e3e2c91626731ba943b26b9aaae67c6eb179594d,smt-lib-2025/QF_UFLIA,QF_UFLIA,family-balanced 1500-input expansion,QF_UFLIA.tar.zst,ae14e65e575652b02b7bbac91784726fb70f2b2000acbec2c33f6aaa68ed5c1b,https://zenodo.org/records/16740866,,mathsat/Hash/hash_sat_06_10.smt2,,,sat
smt-lib-2025/QF_UFLIA/mathsat/Hash/hash_uns_04_03.smt2,ecfdc14751e49cd4d114ba9ec1d9fcd950b4e253b74e183b20a3fd18dd3dab70,smt-lib-2025/QF_UFLIA,QF_UFLIA,family-balanced 1500-input expansion,QF_UFLIA.tar.zst,ae14e65e575652b02b7bbac91784726fb70f2b2000acbec2c33f6aaa68ed5c1b,https://zenodo.org/records/16740866,,mathsat/Hash/hash_uns_04_03.smt2,,,unsat
smt-lib-2025/QF_UFLIA/mathsat/Hash/hash_sat_05_12.smt2,426b84c4ab96db64c4140c961da2b78986ff55d40f7864a18dd61d5502cc06a9,smt-lib-2025/QF_UFLIA,QF_UFLIA,family-balanced 1500-input expansion,QF_UFLIA.tar.zst,ae14e65e575652b02b7bbac91784726fb70f2b2000acbec2c33f6aaa68ed5c1b,https://zenodo.org/records/16740866,,mathsat/Hash/hash_sat_05_12.smt2,,,sat
smt-lib-2025/QF_UFLIA/mathsat/Wisa/xs-12-15-3-2-1-5.smt2,d4cb523f1c7298343fafef0bf949923a643146bf8ac0670fba42c5a0c6bb6e2d,smt-lib-2025/QF_UFLIA,QF_UFLIA,family-balanced 1500-input expansion,QF_UFLIA.tar.zst,ae14e65e575652b02b7bbac91784726fb70f2b2000acbec2c33f6aaa68ed5c1b,https://zenodo.org/records/16740866,,mathsat/Wisa/xs-12-15-3-2-1-5.smt2,,,sat
smt-lib-2025/QF_UFLIA/mathsat/Wisa/xs-12-06-3-4-5-1.smt2,40551511f34afda3bae925265e29f7c9b8d40dc189d0c8c53074fa494f8b094c,smt-lib-2025/QF_UFLIA,QF_UFLIA,family-balanced 1500-input expansion,QF_UFLIA.tar.zst,ae14e65e575652b02b7bbac91784726fb70f2b2000acbec2c33f6aaa68ed5c1b,https://zenodo.org/records/16740866,,mathsat/Wisa/xs-12-06-3-4-5-1.smt2,,,sat
smt-lib-2025/QF_UFLIA/mathsat/Hash/hash_uns_03_19.smt2,1857b6ecfec33f13bbb765106932dd4b89c1a39f3b6a919fd4e45be553190768,smt-lib-2025/QF_UFLIA,QF_UFLIA,family-balanced 1500-input expansion,QF_UFLIA.tar.zst,ae14e65e575652b02b7bbac91784726fb70f2b2000acbec2c33f6aaa68ed5c1b,https://zenodo.org/records/16740866,,mathsat/Hash/hash_uns_03_19.smt2,,,unsat
smt-lib-2025/QF_UFLIA/mathsat/Wisa/xs-19-09-4-2-3-5.smt2,19f0b68bf1844f7c750cbaa5b32a3696225959050ff280335aa91229bed13ef0,smt-lib-2025/QF_UFLIA,QF_UFLIA,family-balanced 1500-input expansion,QF_UFLIA.tar.zst,ae14e65e575652b02b7bbac91784726fb70f2b2000acbec2c33f6aaa68ed5c1b,https://zenodo.org/records/16740866,,mathsat/Wisa/xs-19-09-4-2-3-5.smt2,,,sat
smt-lib-2025/QF_UFLIA/mathsat/Hash/hash_sat_06_11.smt2,d0262266197de2900610ab04307224c911a18538ef3b18c5e2dc698d9482985e,smt-lib-2025/QF_UFLIA,QF_UFLIA,family-balanced 1500-input expansion,QF_UFLIA.tar.zst,ae14e65e575652b02b7bbac91784726fb70f2b2000acbec2c33f6aaa68ed5c1b,https://zenodo.org/records/16740866,,mathsat/Hash/hash_sat_06_11.smt2,,,sat
smt-lib-2025/QF_UFLIA/mathsat/Hash/hash_sat_07_03.smt2,9af1e0c1b483e3ac453a915280af7183729431f662a0fd7c6ea0409e9d2cc80d,smt-lib-2025/QF_UFLIA,QF_UFLIA,family-balanced 1500-input expansion,QF_UFLIA.tar.zst,ae14e65e575652b02b7bbac91784726fb70f2b2000acbec2c33f6aaa68ed5c1b,https://zenodo.org/records/16740866,,mathsat/Hash/hash_sat_07_03.smt2,,,sat
smt-lib-2025/QF_UFLIA/mathsat/Hash/hash_uns_05_14.smt2,23ff9b4064d4f8990e0b38aaf041eda4de79edded71a3dc11e3c01c18f5ee47b,smt-lib-2025/QF_UFLIA,QF_UFLIA,family-balanced 1500-input expansion,QF_UFLIA.tar.zst,ae14e65e575652b02b7bbac91784726fb70f2b2000acbec2c33f6aaa68ed5c1b,https://zenodo.org/records/16740866,,mathsat/Hash/hash_uns_05_14.smt2,,,unsat
smt-lib-2025/QF_UFLIA/mathsat/Wisa/xs-05-16-1-5-4-3.smt2,37e37dee8752d9d6fd637e0c8ff639296c0246ddd1a837ffa953ad00442ff20a,smt-lib-2025/QF_UFLIA,QF_UFLIA,family-balanced 1500-input expansion,QF_UFLIA.tar.zst,ae14e65e575652b02b7bbac91784726fb70f2b2000acbec2c33f6aaa68ed5c1b,https://zenodo.org/records/16740866,,mathsat/Wisa/xs-05-16-1-5-4-3.smt2,,,unsat
smt-lib-2025/QF_UFLIA/mathsat/Wisa/xs-16-18-1-4-4-3.smt2,ebe1bfb534115dd0bf3aa94b2f447d23068913e3f2ff34abaa64aff4e1a98dec,smt-lib-2025/QF_UFLIA,QF_UFLIA,family-balanced 1500-input expansion,QF_UFLIA.tar.zst,ae14e65e575652b02b7bbac91784726fb70f2b2000acbec2c33f6aaa68ed5c1b,https://zenodo.org/records/16740866,,mathsat/Wisa/xs-16-18-1-4-4-3.smt2,,,sat
smt-lib-2025/QF_UFLIA/mathsat/Wisa/xs-08-15-4-2-1-4.smt2,723d8e38ce223563c6e5830803b86fb6177e14ae7752a41ff5c7ab40e639d877,smt-lib-2025/QF_UFLIA,QF_UFLIA,family-balanced 1500-input expansion,QF_UFLIA.tar.zst,ae14e65e575652b02b7bbac91784726fb70f2b2000acbec2c33f6aaa68ed5c1b,https://zenodo.org/records/16740866,,mathsat/Wisa/xs-08-15-4-2-1-4.smt2,,,unsat
smt-lib-2025/QF_UFLIA/mathsat/Wisa/xs-15-18-4-1-3-5.smt2,b11f87d33282af14744bd1b09cac2f4e56f03220614af531b5a00411c509816d,smt-lib-2025/QF_UFLIA,QF_UFLIA,family-balanced 1500-input expansion,QF_UFLIA.tar.zst,ae14e65e575652b02b7bbac91784726fb70f2b2000acbec2c33f6aaa68ed5c1b,https://zenodo.org/records/16740866,,mathsat/Wisa/xs-15-18-4-1-3-5.smt2,,,sat
smt-lib-2025/QF_UFLIA/mathsat/Wisa/xs-09-05-2-4-4-5.smt2,183e9ab57dd42ca3aa75bce5eaa025fb1db22081bfc801950bd9483509ba7a1e,smt-lib-2025/QF_UFLIA,QF_UFLIA,family-balanced 1500-input expansion,QF_UFLIA.tar.zst,ae14e65e575652b02b7bbac91784726fb70f2b2000acbec2c33f6aaa68ed5c1b,https://zenodo.org/records/16740866,,mathsat/Wisa/xs-09-05-2-4-4-5.smt2,,,sat
smt-lib-2025/QF_UFLIA/mathsat/Wisa/xs-07-05-5-2-3-5.smt2,c45cec6a1ee52de8d8bc88eb66397ee85db075fad4eb3cfd080c075781f04ab5,smt-lib-2025/QF_UFLIA,QF_UFLIA,family-balanced 1500-input expansion,QF_UFLIA.tar.zst,ae14e65e575652b02b7bbac91784726fb70f2b2000acbec2c33f6aaa68ed5c1b,https://zenodo.org/records/16740866,,mathsat/Wisa/xs-07-05-5-2-3-5.smt2,,,unsat
smt-lib-2025/QF_UFLIA/mathsat/Wisa/xs-11-10-2-5-3-2.smt2,8d0ee55ffb50d35696af77b12812205ddb1175fda1ed3510b2feb10b9ae9082a,smt-lib-2025/QF_UFLIA,QF_UFLIA,family-balanced 1500-input expansion,QF_UFLIA.tar.zst,ae14e65e575652b02b7bbac91784726fb70f2b2000acbec2c33f6aaa68ed5c1b,https://zenodo.org/records/16740866,,mathsat/Wisa/xs-11-10-2-5-3-2.smt2,,,sat
smt-lib-2025/QF_UFLIA/mathsat/Hash/hash_sat_03_03.smt2,49958c9c85ad905cfbc8bd0e5f4d64f2cb1490110ba3402fb52ea5d874ee22b9,smt-lib-2025/QF_UFLIA,QF_UFLIA,family-balanced 1500-input expansion,QF_UFLIA.tar.zst,ae14e65e575652b02b7bbac91784726fb70f2b2000acbec2c33f6aaa68ed5c1b,https://zenodo.org/records/16740866,,mathsat/Hash/hash_sat_03_03.smt2,,,sat
smt-lib-2025/QF_UFLIA/mathsat/Wisa/xs-20-14-2-3-3-3.smt2,f32cbee82c85593ddb35ffee5367cb69010211f52e88fc0f3dd55350358d95a1,smt-lib-2025/QF_UFLIA,QF_UFLIA,family-balanced 1500-input expansion,QF_UFLIA.tar.zst,ae14e65e575652b02b7bbac91784726fb70f2b2000acbec2c33f6aaa68ed5c1b,https://zenodo.org/records/16740866,,mathsat/Wisa/xs-20-14-2-3-3-3.smt2,,,sat
smt-lib-2025/QF_UFLIA/mathsat/Hash/hash_uns_03_14.smt2,d4c226c26f231543fe9088867ee056c18506af3f615622293f418f9d0ab7fcb0,smt-lib-2025/QF_UFLIA,QF_UFLIA,family-balanced 1500-input expansion,QF_UFLIA.tar.zst,ae14e65e575652b02b7bbac91784726fb70f2b2000acbec2c33f6aaa68ed5c1b,https://zenodo.org/records/16740866,,mathsat/Hash/hash_uns_03_14.smt2,,,unsat
smt-lib-2025/QF_UFLIA/mathsat/Wisa/xs-06-20-5-1-5-1.smt2,8b53eb97b2ca5b15e8aea4e0d27483a42496397d68471b0db7e9f976962b6d6e,smt-lib-2025/QF_UFLIA,QF_UFLIA,family-balanced 1500-input expansion,QF_UFLIA.tar.zst,ae14e65e575652b02b7bbac91784726fb70f2b2000acbec2c33f6aaa68ed5c1b,https://zenodo.org/records/16740866,,mathsat/Wisa/xs-06-20-5-1-5-1.smt2,,,unsat
smt-lib-2025/QF_UFLIA/mathsat/Wisa/xs-19-20-1-1-2-2.smt2,81f536ef545c34a07a7087e7355f33dc0361e08c7efce846b110546562a20d99,smt-lib-2025/QF_UFLIA,QF_UFLIA,family-balanced 1500-input expansion,QF_UFLIA.tar.zst,ae14e65e575652b02b7bbac91784726fb70f2b2000acbec2c33f6aaa68ed5c1b,https://zenodo.org/records/16740866,,mathsat/Wisa/xs-19-20-1-1-2-2.smt2,,,sat
smt-lib-2025/QF_UFLIA/mathsat/Wisa/xs-18-20-1-4-2-1.smt2,cce5a040d2eaf94906645f640595c5c113efefbc79d96f34d2f2be692e0608da,smt-lib-2025/QF_UFLIA,QF_UFLIA,family-balanced 1500-input expansion,QF_UFLIA.tar.zst,ae14e65e575652b02b7bbac91784726fb70f2b2000acbec2c33f6aaa68ed5c1b,https://zenodo.org/records/16740866,,mathsat/Wisa/xs-18-20-1-4-2-1.smt2,,,sat
smt-lib-2025/QF_UFLIA/mathsat/Hash/hash_uns_05_15.smt2,b9b3ab7e4dc2964d3de644e22f2684d72afa856f9c1bbf30e785d44c597c73cc,smt-lib-2025/QF_UFLIA,QF_UFLIA,family-balanced 1500-input expansion,QF_UFLIA.tar.zst,ae14e65e575652b02b7bbac91784726fb70f2b2000acbec2c33f6aaa68ed5c1b,https://zenodo.org/records/16740866,,mathsat/Hash/hash_uns_05_15.smt2,,,unsat
smt-lib-2025/QF_UFLIA/mathsat/Hash/hash_uns_03_12.smt2,2dc8e0482147e195e305ab1d3ad4fea1e477a3f9a44c3f2634f10a486e1f42de,smt-lib-2025/QF_UFLIA,QF_UFLIA,family-balanced 1500-input expansion,QF_UFLIA.tar.zst,ae14e65e575652b02b7bbac91784726fb70f2b2000acbec2c33f6aaa68ed5c1b,https://zenodo.org/records/16740866,,mathsat/Hash/hash_uns_03_12.smt2,,,unsat
smt-lib-2025/QF_UFLIA/mathsat/Hash/hash_sat_03_08.smt2,92f0ef422dc642f0eb3d47773cdbf551760e3a1ea60658a410d3ec7d42bda798,smt-lib-2025/QF_UFLIA,QF_UFLIA,family-balanced 1500-input expansion,QF_UFLIA.tar.zst,ae14e65e575652b02b7bbac91784726fb70f2b2000acbec2c33f6aaa68ed5c1b,https://zenodo.org/records/16740866,,mathsat/Hash/hash_sat_03_08.smt2,,,sat
smt-lib-2025/QF_UFLIA/mathsat/Wisa/xs-05-06-2-2-5-1.smt2,713484b7f2c61e27f1303cde71e01f05cb58da2c89e95a5607d99d675601881e,smt-lib-2025/QF_UFLIA,QF_UFLIA,family-balanced 1500-input expansion,QF_UFLIA.tar.zst,ae14e65e575652b02b7bbac91784726fb70f2b2000acbec2c33f6aaa68ed5c1b,https://zenodo.org/records/16740866,,mathsat/Wisa/xs-05-06-2-2-5-1.smt2,,,unsat
smt-lib-2025/QF_UFLIA/mathsat/Wisa/xs-16-06-4-1-3-5.smt2,04f2d8ff52b60a4066f7a18974c7b0f445d89526e992c7f21ee209bdad17e80e,smt-lib-2025/QF_UFLIA,QF_UFLIA,family-balanced 1500-input expansion,QF_UFLIA.tar.zst,ae14e65e575652b02b7bbac91784726fb70f2b2000acbec2c33f6aaa68ed5c1b,https://zenodo.org/records/16740866,,mathsat/Wisa/xs-16-06-4-1-3-5.smt2,,,sat
smt-lib-2025/QF_UFLIA/mathsat/Hash/hash_sat_05_06.smt2,610bfde305bc74e31779f6485acfd952ce8608ccc5d3932ba82c487625eb2951,smt-lib-2025/QF_UFLIA,QF_UFLIA,family-balanced 1500-input expansion,QF_UFLIA.tar.zst,ae14e65e575652b02b7bbac91784726fb70f2b2000acbec2c33f6aaa68ed5c1b,https://zenodo.org/records/16740866,,mathsat/Hash/hash_sat_05_06.smt2,,,sat
smt-lib-2025/QF_UFLIA/mathsat/Hash/hash_uns_03_16.smt2,b13c50d1c8bc9eb2474d4b5292663cf775025c4c6dd1b48c8727f422ad951233,smt-lib-2025/QF_UFLIA,QF_UFLIA,family-balanced 1500-input expansion,QF_UFLIA.tar.zst,ae14e65e575652b02b7bbac91784726fb70f2b2000acbec2c33f6aaa68ed5c1b,https://zenodo.org/records/16740866,,mathsat/Hash/hash_uns_03_16.smt2,,,unsat
smt-lib-2025/QF_UFLIA/mathsat/Hash/hash_uns_05_13.smt2,eaed1e3d3b7d3b2b6c72d37011cfee1ece7fad856d61bc4228114bd1c73c651f,smt-lib-2025/QF_UFLIA,QF_UFLIA,family-balanced 1500-input expansion,QF_UFLIA.tar.zst,ae14e65e575652b02b7bbac91784726fb70f2b2000acbec2c33f6aaa68ed5c1b,https://zenodo.org/records/16740866,,mathsat/Hash/hash_uns_05_13.smt2,,,unsat
smt-lib-2025/QF_UFLIA/mathsat/EufLaArithmetic/medium/medium18.smt2,637a36335763742e75ecdb371784ee8a943dcd63ee664afe7baf7d6eb1197dc6,smt-lib-2025/QF_UFLIA,QF_UFLIA,family-balanced 1500-input expansion,QF_UFLIA.tar.zst,ae14e65e575652b02b7bbac91784726fb70f2b2000acbec2c33f6aaa68ed5c1b,https://zenodo.org/records/16740866,,mathsat/EufLaArithmetic/medium/medium18.smt2,,,unsat
smt-lib-2025/QF_UFLIA/mathsat/Wisa/xs-15-14-5-5-5-1.smt2,5df80242188b1a95987b9f4e5a1584d26ba4a3fba782db659e87cefba9c2e0f8,smt-lib-2025/QF_UFLIA,QF_UFLIA,family-balanced 1500-input expansion,QF_UFLIA.tar.zst,ae14e65e575652b02b7bbac91784726fb70f2b2000acbec2c33f6aaa68ed5c1b,https://zenodo.org/records/16740866,,mathsat/Wisa/xs-15-14-5-5-5-1.smt2,,,sat
smt-lib-2025/QF_UFLIA/mathsat/Wisa/xs-10-07-4-1-1-5.smt2,3e3b1556112cfa82b22e973520d2a53dcc589078569771d2648955471d2d20bc,smt-lib-2025/QF_UFLIA,QF_UFLIA,family-balanced 1500-input expansion,QF_UFLIA.tar.zst,ae14e65e575652b02b7bbac91784726fb70f2b2000acbec2c33f6aaa68ed5c1b,https://zenodo.org/records/16740866,,mathsat/Wisa/xs-10-07-4-1-1-5.smt2,,,sat
smt-lib-2025/QF_UFLIA/mathsat/Wisa/xs-14-16-4-1-1-5.smt2,1e1198d7821eae01a8ecc353ee90acd99f823d3da205e4327d275600f7295887,smt-lib-2025/QF_UFLIA,QF_UFLIA,family-balanced 1500-input expansion,QF_UFLIA.tar.zst,ae14e65e575652b02b7bbac91784726fb70f2b2000acbec2c33f6aaa68ed5c1b,https://zenodo.org/records/16740866,,mathsat/Wisa/xs-14-16-4-1-1-5.smt2,,,sat
smt-lib-2025/QF_UFLIA/mathsat/Wisa/xs-09-13-2-3-1-3.smt2,1decefffea4bcdc29c01127cf3f0a67f0d362a654c442347f906f3fe66a2ae65,smt-lib-2025/QF_UFLIA,QF_UFLIA,family-balanced 1500-input expansion,QF_UFLIA.tar.zst,ae14e65e575652b02b7bbac91784726fb70f2b2000acbec2c33f6aaa68ed5c1b,https://zenodo.org/records/16740866,,mathsat/Wisa/xs-09-13-2-3-1-3.smt2,,,unsat
smt-lib-2025/QF_UFLIA/mathsat/Wisa/xs-10-13-5-5-4-5.smt2,fd619f43c684a73d059230ba65550c746fe10f6fa8d7d441b98f41ab5e9cd261,smt-lib-2025/QF_UFLIA,QF_UFLIA,family-balanced 1500-input expansion,QF_UFLIA.tar.zst,ae14e65e575652b02b7bbac91784726fb70f2b2000acbec2c33f6aaa68ed5c1b,https://zenodo.org/records/16740866,,mathsat/Wisa/xs-10-13-5-5-4-5.smt2,,,sat
smt-lib-2025/QF_UFLIA/mathsat/Hash/hash_sat_05_13.smt2,fa88324452502911e8842e4e043d1a08459422aef026b5520fba2fbe4ee174ac,smt-lib-2025/QF_UFLIA,QF_UFLIA,family-balanced 1500-input expansion,QF_UFLIA.tar.zst,ae14e65e575652b02b7bbac91784726fb70f2b2000acbec2c33f6aaa68ed5c1b,https://zenodo.org/records/16740866,,mathsat/Hash/hash_sat_05_13.smt2,,,sat
smt-lib-2025/QF_UFLIA/mathsat/Wisa/xs-16-11-2-1-5-2.smt2,c935cd1902c42172ea7c34fac667a83e8efc66466ffe532e03bbd262477494bf,smt-lib-2025/QF_UFLIA,QF_UFLIA,family-balanced 1500-input expansion,QF_UFLIA.tar.zst,ae14e65e575652b02b7bbac91784726fb70f2b2000acbec2c33f6aaa68ed5c1b,https://zenodo.org/records/16740866,,mathsat/Wisa/xs-16-11-2-1-5-2.smt2,,,sat
smt-lib-2025/QF_UFLIA/mathsat/Wisa/xs-18-14-3-5-2-3.smt2,e601f7b1c1f6a6c47945fa1d29fdb2c4a790bd3b82c7d3cae3cee7fc24247f59,smt-lib-2025/QF_UFLIA,QF_UFLIA,family-balanced 1500-input expansion,QF_UFLIA.tar.zst,ae14e65e575652b02b7bbac91784726fb70f2b2000acbec2c33f6aaa68ed5c1b,https://zenodo.org/records/16740866,,mathsat/Wisa/xs-18-14-3-5-2-3.smt2,,,sat
smt-lib-2025/QF_UFLIA/mathsat/Wisa/xs-10-17-5-2-2-5.smt2,a143020c00d1b33a63ed92048a92da3097616091f2f0a9351bfd9333d958647f,smt-lib-2025/QF_UFLIA,QF_UFLIA,family-balanced 1500-input expansion,QF_UFLIA.tar.zst,ae14e65e575652b02b7bbac91784726fb70f2b2000acbec2c33f6aaa68ed5c1b,https://zenodo.org/records/16740866,,mathsat/Wisa/xs-10-17-5-2-2-5.smt2,,,unsat
smt-lib-2025/QF_UFLIA/mathsat/Wisa/xs-07-11-1-1-1-1.smt2,aa9a884b83deb4aa03d2f40c36760c0f349e39c5be610f2b828da4a9dbb9d68a,smt-lib-2025/QF_UFLIA,QF_UFLIA,family-balanced 1500-input expansion,QF_UFLIA.tar.zst,ae14e65e575652b02b7bbac91784726fb70f2b2000acbec2c33f6aaa68ed5c1b,https://zenodo.org/records/16740866,,mathsat/Wisa/xs-07-11-1-1-1-1.smt2,,,unsat
smt-lib-2025/QF_UFLIA/mathsat/Wisa/xs-12-18-1-3-1-2.smt2,0dee18f0e51bce94659f721a867672234b17be91d47e6a6a736b4fbba03d5546,smt-lib-2025/QF_UFLIA,QF_UFLIA,family-balanced 1500-input expansion,QF_UFLIA.tar.zst,ae14e65e575652b02b7bbac91784726fb70f2b2000acbec2c33f6aaa68ed5c1b,https://zenodo.org/records/16740866,,mathsat/Wisa/xs-12-18-1-3-1-2.smt2,,,sat
smt-lib-2025/QF_UFLIA/mathsat/Wisa/xs-20-13-2-5-2-3.smt2,24b9f5a37f3e6ad6fb33211c48af123721835b4e9a7f5e8110b80e30e9476e9f,smt-lib-2025/QF_UFLIA,QF_UFLIA,family-balanced 1500-input expansion,QF_UFLIA.tar.zst,ae14e65e575652b02b7bbac91784726fb70f2b2000acbec2c33f6aaa68ed5c1b,https://zenodo.org/records/16740866,,mathsat/Wisa/xs-20-13-2-5-2-3.smt2,,,sat
smt-lib-2025/QF_UFLIA/mathsat/Wisa/xs-19-13-2-1-3-1.smt2,e88f8c76727a270adad549550f4dc155281f9d0cc751701a1a67dc79fb8a1b63,smt-lib-2025/QF_UFLIA,QF_UFLIA,family-balanced 1500-input expansion,QF_UFLIA.tar.zst,ae14e65e575652b02b7bbac91784726fb70f2b2000acbec2c33f6aaa68ed5c1b,https://zenodo.org/records/16740866,,mathsat/Wisa/xs-19-13-2-1-3-1.smt2,,,sat
smt-lib-2025/QF_UFLIA/mathsat/Wisa/xs-06-10-1-4-2-5.smt2,9fc1d4afc8a98cd35086bca8937225bc854afa573b4dc991aa5be5f9f16ff2bf,smt-lib-2025/QF_UFLIA,QF_UFLIA,family-balanced 1500-input expansion,QF_UFLIA.tar.zst,ae14e65e575652b02b7bbac91784726fb70f2b2000acbec2c33f6aaa68ed5c1b,https://zenodo.org/records/16740866,,mathsat/Wisa/xs-06-10-1-4-2-5.smt2,,,unsat
smt-lib-2025/QF_UFLIA/mathsat/Wisa/xs-16-19-3-4-4-1.smt2,4871f816d164f43363f4d23cd7a47ab420c602a343b49f446730634f4f532000,smt-lib-2025/QF_UFLIA,QF_UFLIA,family-balanced 1500-input expansion,QF_UFLIA.tar.zst,ae14e65e575652b02b7bbac91784726fb70f2b2000acbec2c33f6aaa68ed5c1b,https://zenodo.org/records/16740866,,mathsat/Wisa/xs-16-19-3-4-4-1.smt2,,,sat
smt-lib-2025/QF_UFLIA/mathsat/Wisa/xs-19-18-2-2-2-5.smt2,487146c2ade7051c0e1bafec1a0a4bc19a268844f8069c4ade037dd4908fd2f6,smt-lib-2025/QF_UFLIA,QF_UFLIA,family-balanced 1500-input expansion,QF_UFLIA.tar.zst,ae14e65e575652b02b7bbac91784726fb70f2b2000acbec2c33f6aaa68ed5c1b,https://zenodo.org/records/16740866,,mathsat/Wisa/xs-19-18-2-2-2-5.smt2,,,sat
smt-lib-2025/QF_UFLIA/mathsat/EufLaArithmetic/medium/medium17.smt2,628698bfaa09a77477575d548d08fa4c0e6b1c70d0700f10d2c9a84e243dbe5e,smt-lib-2025/QF_UFLIA,QF_UFLIA,family-balanced 1500-input expansion,QF_UFLIA.tar.zst,ae14e65e575652b02b7bbac91784726fb70f2b2000acbec2c33f6aaa68ed5c1b,https://zenodo.org/records/16740866,,mathsat/EufLaArithmetic/medium/medium17.smt2,,,unsat
smt-lib-2025/QF_UFLIA/mathsat/Wisa/xs-14-13-4-2-1-3.smt2,83f55ccca034c309820c19bc10fbb1f2d4964f45e5de7496cfc52628d2d8a168,smt-lib-2025/QF_UFLIA,QF_UFLIA,family-balanced 1500-input expansion,QF_UFLIA.tar.zst,ae14e65e575652b02b7bbac91784726fb70f2b2000acbec2c33f6aaa68ed5c1b,https://zenodo.org/records/16740866,,mathsat/Wisa/xs-14-13-4-2-1-3.smt2,,,sat
smt-lib-2025/QF_UFLIA/mathsat/Wisa/xs-15-19-3-1-4-1.smt2,cc82567a8a5e732d4556a94cc543836a3c764594929f5fe88312296bd920d06e,smt-lib-2025/QF_UFLIA,QF_UFLIA,family-balanced 1500-input expansion,QF_UFLIA.tar.zst,ae14e65e575652b02b7bbac91784726fb70f2b2000acbec2c33f6aaa68ed5c1b,https://zenodo.org/records/16740866,,mathsat/Wisa/xs-15-19-3-1-4-1.smt2,,,sat
smt-lib-2025/QF_UFLIA/mathsat/Wisa/xs-20-08-5-3-1-5.smt2,c1a4b50e71e5999247e2c006694a77d18a8800f1fff1b08ec65de0df09eda857,smt-lib-2025/QF_UFLIA,QF_UFLIA,family-balanced 1500-input expansion,QF_UFLIA.tar.zst,ae14e65e575652b02b7bbac91784726fb70f2b2000acbec2c33f6aaa68ed5c1b,https://zenodo.org/records/16740866,,mathsat/Wisa/xs-20-08-5-3-1-5.smt2,,,sat
smt-lib-2025/QF_UFLIA/mathsat/Hash/hash_uns_05_03.smt2,23a69227b20116050e728744cd14b9cb23e3f6882073cefa9d90e8f62443dd3e,smt-lib-2025/QF_UFLIA,QF_UFLIA,family-balanced 1500-input expansion,QF_UFLIA.tar.zst,ae14e65e575652b02b7bbac91784726fb70f2b2000acbec2c33f6aaa68ed5c1b,https://zenodo.org/records/16740866,,mathsat/Hash/hash_uns_05_03.smt2,,,unsat
smt-lib-2025/QF_UFLIA/mathsat/Wisa/xs-17-15-2-2-2-4.smt2,d434a46206302ce095ea22f030ff55134704ed688669d986e471ff88445b82f6,smt-lib-2025/QF_UFLIA,QF_UFLIA,family-balanced 1500-input expansion,QF_UFLIA.tar.zst,ae14e65e575652b02b7bbac91784726fb70f2b2000acbec2c33f6aaa68ed5c1b,https://zenodo.org/records/16740866,,mathsat/Wisa/xs-17-15-2-2-2-4.smt2,,,sat
smt-lib-2025/QF_UFLIA/mathsat/Wisa/xs-09-10-5-1-5-2.smt2,6f623184be06df60752af3edfbc8ce2e80531460ea255afec9bf62501c2cce9e,smt-lib-2025/QF_UFLIA,QF_UFLIA,family-balanced 1500-input expansion,QF_UFLIA.tar.zst,ae14e65e575652b02b7bbac91784726fb70f2b2000acbec2c33f6aaa68ed5c1b,https://zenodo.org/records/16740866,,mathsat/Wisa/xs-09-10-5-1-5-2.smt2,,,sat
smt-lib-2025/QF_UFLIA/mathsat/Wisa/xs-10-18-2-2-5-3.smt2,b2245dfd6b88d2b08a5f1f995131ddbc96e4a2f497e6424724b250da4dfdff3f,smt-lib-2025/QF_UFLIA,QF_UFLIA,family-balanced 1500-input expansion,QF_UFLIA.tar.zst,ae14e65e575652b02b7bbac91784726fb70f2b2000acbec2c33f6aaa68ed5c1b,https://zenodo.org/records/16740866,,mathsat/Wisa/xs-10-18-2-2-5-3.smt2,,,unsat
smt-lib-2025/QF_UFLIA/mathsat/Wisa/xs-09-18-1-3-4-5.smt2,ceade28189c042e5799311020f5a0df08dc538142072acf89aa2c105b544c4ba,smt-lib-2025/QF_UFLIA,QF_UFLIA,family-balanced 1500-input expansion,QF_UFLIA.tar.zst,ae14e65e575652b02b7bbac91784726fb70f2b2000acbec2c33f6aaa68ed5c1b,https://zenodo.org/records/16740866,,mathsat/Wisa/xs-09-18-1-3-4-5.smt2,,,unsat
smt-lib-2025/QF_UFLIA/mathsat/Wisa/xs-06-17-2-2-4-1.smt2,5b736634e046ad51bd570b5696d37b883d52937f7dcd530546953ba7871502a4,smt-lib-2025/QF_UFLIA,QF_UFLIA,family-balanced 1500-input expansion,QF_UFLIA.tar.zst,ae14e65e575652b02b7bbac91784726fb70f2b2000acbec2c33f6aaa68ed5c1b,https://zenodo.org/records/16740866,,mathsat/Wisa/xs-06-17-2-2-4-1.smt2,,,unsat
smt-lib-2025/QF_UFLIA/mathsat/Wisa/xs-20-06-2-3-1-3.smt2,e135961927f25d1acb42799f901851238dec69a0029ab70d1b26f84f42aa0c19,smt-lib-2025/QF_UFLIA,QF_UFLIA,family-balanced 1500-input expansion,QF_UFLIA.tar.zst,ae14e65e575652b02b7bbac91784726fb70f2b2000acbec2c33f6aaa68ed5c1b,https://zenodo.org/records/16740866,,mathsat/Wisa/xs-20-06-2-3-1-3.smt2,,,sat
smt-lib-2025/QF_UFLIA/mathsat/Hash/hash_uns_05_17.smt2,eefce04fff6121fbe822caf9b0d63ee3b22e62daba4a04a8f20937c41f918c42,smt-lib-2025/QF_UFLIA,QF_UFLIA,family-balanced 1500-input expansion,QF_UFLIA.tar.zst,ae14e65e575652b02b7bbac91784726fb70f2b2000acbec2c33f6aaa68ed5c1b,https://zenodo.org/records/16740866,,mathsat/Hash/hash_uns_05_17.smt2,,,unsat
smt-lib-2025/QF_UFLIA/mathsat/Wisa/xs-09-12-5-2-1-5.smt2,adf84124af607e78da86d91fe6df99273804e4b93bbd7e09bf398a441f5031ec,smt-lib-2025/QF_UFLIA,QF_UFLIA,family-balanced 1500-input expansion,QF_UFLIA.tar.zst,ae14e65e575652b02b7bbac91784726fb70f2b2000acbec2c33f6aaa68ed5c1b,https://zenodo.org/records/16740866,,mathsat/Wisa/xs-09-12-5-2-1-5.smt2,,,sat
smt-lib-2025/QF_UFLIA/mathsat/Wisa/xs-20-11-5-1-3-4.smt2,6656e11de8ed556dd5cf40a6589e8a103fbbb7306eb656a115b0b74cb47dde29,smt-lib-2025/QF_UFLIA,QF_UFLIA,family-balanced 1500-input expansion,QF_UFLIA.tar.zst,ae14e65e575652b02b7bbac91784726fb70f2b2000acbec2c33f6aaa68ed5c1b,https://zenodo.org/records/16740866,,mathsat/Wisa/xs-20-11-5-1-3-4.smt2,,,sat
smt-lib-2025/QF_UFLIA/mathsat/Wisa/xs-10-11-1-3-5-5.smt2,689bf5f968455132739bc28edcc1dfdf9b178e564256b0ca884d4483d07b5504,smt-lib-2025/QF_UFLIA,QF_UFLIA,family-balanced 1500-input expansion,QF_UFLIA.tar.zst,ae14e65e575652b02b7bbac91784726fb70f2b2000acbec2c33f6aaa68ed5c1b,https://zenodo.org/records/16740866,,mathsat/Wisa/xs-10-11-1-3-5-5.smt2,,,sat
smt-lib-2025/QF_UFLIA/mathsat/Wisa/xs-08-12-3-1-3-4.smt2,5715892d78fe55895bb9cb0cc8aa0b2740c79710501cca037686434ffac2e7fd,smt-lib-2025/QF_UFLIA,QF_UFLIA,family-balanced 1500-input expansion,QF_UFLIA.tar.zst,ae14e65e575652b02b7bbac91784726fb70f2b2000acbec2c33f6aaa68ed5c1b,https://zenodo.org/records/16740866,,mathsat/Wisa/xs-08-12-3-1-3-4.smt2,,,sat
smt-lib-2025/QF_UFLIA/mathsat/Wisa/xs-06-08-5-1-5-3.smt2,b84ea1aea4d464aef83f0df2143af024b5cacfaf4e6e8a312e5c5f648e6063f4,smt-lib-2025/QF_UFLIA,QF_UFLIA,family-balanced 1500-input expansion,QF_UFLIA.tar.zst,ae14e65e575652b02b7bbac91784726fb70f2b2000acbec2c33f6aaa68ed5c1b,https://zenodo.org/records/16740866,,mathsat/Wisa/xs-06-08-5-1-5-3.smt2,,,sat
smt-lib-2025/QF_UFLIA/mathsat/Wisa/xs-12-13-3-4-2-3.smt2,63472d5a51bb18db21c8dac53e4e4fdd6b7bcec20be74d7f135a2998b8332cc2,smt-lib-2025/QF_UFLIA,QF_UFLIA,family-balanced 1500-input expansion,QF_UFLIA.tar.zst,ae14e65e575652b02b7bbac91784726fb70f2b2000acbec2c33f6aaa68ed5c1b,https://zenodo.org/records/16740866,,mathsat/Wisa/xs-12-13-3-4-2-3.smt2,,,sat
smt-lib-2025/QF_UFLIA/mathsat/Hash/hash_sat_06_12.smt2,b7cda5dc671f09cca847d41f90980ceea06a0879acc1c27b3287f9bc81b47c2b,smt-lib-2025/QF_UFLIA,QF_UFLIA,family-balanced 1500-input expansion,QF_UFLIA.tar.zst,ae14e65e575652b02b7bbac91784726fb70f2b2000acbec2c33f6aaa68ed5c1b,https://zenodo.org/records/16740866,,mathsat/Hash/hash_sat_06_12.smt2,,,sat
smt-lib-2025/QF_UFLIA/mathsat/Wisa/xs-09-07-1-3-3-2.smt2,b447fbefdfe0a8665d98d61c914a0d71cc1e7b49bef9e691a7f2be839bbda208,smt-lib-2025/QF_UFLIA,QF_UFLIA,family-balanced 1500-input expansion,QF_UFLIA.tar.zst,ae14e65e575652b02b7bbac91784726fb70f2b2000acbec2c33f6aaa68ed5c1b,https://zenodo.org/records/16740866,,mathsat/Wisa/xs-09-07-1-3-3-2.smt2,,,sat
smt-lib-2025/QF_UFLIA/mathsat/Wisa/xs-19-12-4-2-4-5.smt2,b4842ee35692134970bfbdba659e9985bdbd3bd5372211333769d741167c4445,smt-lib-2025/QF_UFLIA,QF_UFLIA,family-balanced 1500-input expansion,QF_UFLIA.tar.zst,ae14e65e575652b02b7bbac91784726fb70f2b2000acbec2c33f6aaa68ed5c1b,https://zenodo.org/records/16740866,,mathsat/Wisa/xs-19-12-4-2-4-5.smt2,,,sat
smt-lib-2025/QF_UFLIA/mathsat/Wisa/xs-19-07-4-2-4-4.smt2,ed83d2ffa41b8cd8cad25abf047d83b35ee43a2f6dfaa68c83da45a3e40f2556,smt-lib-2025/QF_UFLIA,QF_UFLIA,family-balanced 1500-input expansion,QF_UFLIA.tar.zst,ae14e65e575652b02b7bbac91784726fb70f2b2000acbec2c33f6aaa68ed5c1b,https://zenodo.org/records/16740866,,mathsat/Wisa/xs-19-07-4-2-4-4.smt2,,,sat
smt-lib-2025/QF_UFLIA/mathsat/Wisa/xs-07-09-3-4-4-3.smt2,c423f140fd0fd558603cde1ca68ed145a76ff7af499e049432bdde9c3a846ac4,smt-lib-2025/QF_UFLIA,QF_UFLIA,family-balanced 1500-input expansion,QF_UFLIA.tar.zst,ae14e65e575652b02b7bbac91784726fb70f2b2000acbec2c33f6aaa68ed5c1b,https://zenodo.org/records/16740866,,mathsat/Wisa/xs-07-09-3-4-4-3.smt2,,,unsat
smt-lib-2025/QF_UFLIA/mathsat/Wisa/xs-12-19-1-4-1-2.smt2,f4f320b1562fac208667c9d4135bfa88c1d0012c6aef72e69a8cac4709702c98,smt-lib-2025/QF_UFLIA,QF_UFLIA,family-balanced 1500-input expansion,QF_UFLIA.tar.zst,ae14e65e575652b02b7bbac91784726fb70f2b2000acbec2c33f6aaa68ed5c1b,https://zenodo.org/records/16740866,,mathsat/Wisa/xs-12-19-1-4-1-2.smt2,,,sat
smt-lib-2025/QF_UFLIA/mathsat/Wisa/xs-14-06-4-4-1-2.smt2,720eb5313d7d586a1cc321b6f40f25d92f6ea41ac78d92cb836fe16d8b3f21d8,smt-lib-2025/QF_UFLIA,QF_UFLIA,family-balanced 1500-input expansion,QF_UFLIA.tar.zst,ae14e65e575652b02b7bbac91784726fb70f2b2000acbec2c33f6aaa68ed5c1b,https://zenodo.org/records/16740866,,mathsat/Wisa/xs-14-06-4-4-1-2.smt2,,,sat
smt-lib-2025/QF_UFLIA/mathsat/Hash/hash_uns_05_16.smt2,ddd6a311751405c9e395119e962a49be42c73167e39b01ffc2d9c06bb7a32d12,smt-lib-2025/QF_UFLIA,QF_UFLIA,family-balanced 1500-input expansion,QF_UFLIA.tar.zst,ae14e65e575652b02b7bbac91784726fb70f2b2000acbec2c33f6aaa68ed5c1b,https://zenodo.org/records/16740866,,mathsat/Hash/hash_uns_05_16.smt2,,,unsat
smt-lib-2025/QF_UFLIA/mathsat/Wisa/xs-17-11-3-3-4-5.smt2,e0c6d4ffffb26bef00a137d6c1b4fd3b98e8a8ad3ee5b9da9675baa046e7239d,smt-lib-2025/QF_UFLIA,QF_UFLIA,family-balanced 1500-input expansion,QF_UFLIA.tar.zst,ae14e65e575652b02b7bbac91784726fb70f2b2000acbec2c33f6aaa68ed5c1b,https://zenodo.org/records/16740866,,mathsat/Wisa/xs-17-11-3-3-4-5.smt2,,,sat
smt-lib-2025/QF_UFLIA/mathsat/Wisa/xs-05-09-5-1-2-5.smt2,c4057f408a5c1edec67f56a9ef9af835fba3019e5d53809ddda60745e8825ea2,smt-lib-2025/QF_UFLIA,QF_UFLIA,family-balanced 1500-input expansion,QF_UFLIA.tar.zst,ae14e65e575652b02b7bbac91784726fb70f2b2000acbec2c33f6aaa68ed5c1b,https://zenodo.org/records/16740866,,mathsat/Wisa/xs-05-09-5-1-2-5.smt2,,,unsat
smt-lib-2025/QF_UFLIA/mathsat/Hash/hash_uns_05_08.smt2,3b51c2ac6d8ff3f901f039ab2fc77c74ba9032aca01de974c2ecf553fa3fbc37,smt-lib-2025/QF_UFLIA,QF_UFLIA,family-balanced 1500-input expansion,QF_UFLIA.tar.zst,ae14e65e575652b02b7bbac91784726fb70f2b2000acbec2c33f6aaa68ed5c1b,https://zenodo.org/records/16740866,,mathsat/Hash/hash_uns_05_08.smt2,,,unsat
smt-lib-2025/QF_UFLIA/mathsat/Hash/hash_sat_06_09.smt2,d8db2c8122b1d5734816272ceafd1b9e88e955817b1709a4d3d258c87abecb48,smt-lib-2025/QF_UFLIA,QF_UFLIA,family-balanced 1500-input expansion,QF_UFLIA.tar.zst,ae14e65e575652b02b7bbac91784726fb70f2b2000acbec2c33f6aaa68ed5c1b,https://zenodo.org/records/16740866,,mathsat/Hash/hash_sat_06_09.smt2,,,sat
smt-lib-2025/QF_UFLIA/mathsat/Wisa/xs-13-11-5-3-5-3.smt2,a12dc913f4349a8801f1f4bf14da17b5835a36579036632fa651ca2ed0656bd8,smt-lib-2025/QF_UFLIA,QF_UFLIA,family-balanced 1500-input expansion,QF_UFLIA.tar.zst,ae14e65e575652b02b7bbac91784726fb70f2b2000acbec2c33f6aaa68ed5c1b,https://zenodo.org/records/16740866,,mathsat/Wisa/xs-13-11-5-3-5-3.smt2,,,sat
smt-lib-2025/QF_UFLIA/mathsat/Hash/hash_uns_03_03.smt2,dd2986cd3d565f1eb8abb4318a50bfc348293a0ad062c9783524343c7ac64cbc,smt-lib-2025/QF_UFLIA,QF_UFLIA,family-balanced 1500-input expansion,QF_UFLIA.tar.zst,ae14e65e575652b02b7bbac91784726fb70f2b2000acbec2c33f6aaa68ed5c1b,https://zenodo.org/records/16740866,,mathsat/Hash/hash_uns_03_03.smt2,,,unsat
smt-lib-2025/QF_UFLIA/mathsat/Hash/hash_sat_05_15.smt2,4b9c9d3c25632b262852fc56b37bbf6bb15a91a8c58490637eca4f62d6d8ab61,smt-lib-2025/QF_UFLIA,QF_UFLIA,family-balanced 1500-input expansion,QF_UFLIA.tar.zst,ae14e65e575652b02b7bbac91784726fb70f2b2000acbec2c33f6aaa68ed5c1b,https://zenodo.org/records/16740866,,mathsat/Hash/hash_sat_05_15.smt2,,,sat
smt-lib-2025/QF_UFLIA/mathsat/Wisa/xs-18-13-5-4-1-2.smt2,918338265ede408d7cd15b7255ec6def35ace272421ec307fc21df7c7cd17258,smt-lib-2025/QF_UFLIA,QF_UFLIA,family-balanced 1500-input expansion,QF_UFLIA.tar.zst,ae14e65e575652b02b7bbac91784726fb70f2b2000acbec2c33f6aaa68ed5c1b,https://zenodo.org/records/16740866,,mathsat/Wisa/xs-18-13-5-4-1-2.smt2,,,sat
smt-lib-2025/QF_UFLIA/mathsat/Wisa/xs-12-14-3-5-4-4.smt2,a0afff666b0f0f9b4776962da3922837a7471e163c26de73b70cb97451760b51,smt-lib-2025/QF_UFLIA,QF_UFLIA,family-balanced 1500-input expansion,QF_UFLIA.tar.zst,ae14e65e575652b02b7bbac91784726fb70f2b2000acbec2c33f6aaa68ed5c1b,https://zenodo.org/records/16740866,,mathsat/Wisa/xs-12-14-3-5-4-4.smt2,,,sat
smt-lib-2025/QF_UFLIA/mathsat/Hash/hash_sat_08_06.smt2,1c2643bb265dce349570f08d52f81151dfc3543acf9a9255b255a24dec9c2908,smt-lib-2025/QF_UFLIA,QF_UFLIA,family-balanced 1500-input expansion,QF_UFLIA.tar.zst,ae14e65e575652b02b7bbac91784726fb70f2b2000acbec2c33f6aaa68ed5c1b,https://zenodo.org/records/16740866,,mathsat/Hash/hash_sat_08_06.smt2,,,sat
smt-lib-2025/QF_UFLIA/mathsat/Wisa/xs-08-14-2-3-3-5.smt2,3005f31fd775ffb3bcbf72da5616dfdb2a995fa9050511af1ac6de28f3993b97,smt-lib-2025/QF_UFLIA,QF_UFLIA,family-balanced 1500-input expansion,QF_UFLIA.tar.zst,ae14e65e575652b02b7bbac91784726fb70f2b2000acbec2c33f6aaa68ed5c1b,https://zenodo.org/records/16740866,,mathsat/Wisa/xs-08-14-2-3-3-5.smt2,,,unsat
smt-lib-2025/QF_UFLIA/mathsat/Wisa/xs-08-09-4-5-5-4.smt2,69445c23ed2a628943548be60ba994653110b37fc989c568d12ea9f56a48f5a0,smt-lib-2025/QF_UFLIA,QF_UFLIA,family-balanced 1500-input expansion,QF_UFLIA.tar.zst,ae14e65e575652b02b7bbac91784726fb70f2b2000acbec2c33f6aaa68ed5c1b,https://zenodo.org/records/16740866,,mathsat/Wisa/xs-08-09-4-5-5-4.smt2,,,sat
smt-lib-2025/QF_UFLIA/mathsat/Hash/hash_uns_05_06.smt2,b113785eb02512fdea43ff55e9cdcfdea1fef18c13f68bd8b9be3bd7956e754d,smt-lib-2025/QF_UFLIA,QF_UFLIA,family-balanced 1500-input expansion,QF_UFLIA.tar.zst,ae14e65e575652b02b7bbac91784726fb70f2b2000acbec2c33f6aaa68ed5c1b,https://zenodo.org/records/16740866,,mathsat/Hash/hash_uns_05_06.smt2,,,unsat
smt-lib-2025/QF_UFLIA/mathsat/Wisa/xs-07-06-4-1-5-3.smt2,93430ee34cfc74e8855aa577cd3069a5e6d1182ddc8afd3b228dd4ebc1a52a59,smt-lib-2025/QF_UFLIA,QF_UFLIA,family-balanced 1500-input expansion,QF_UFLIA.tar.zst,ae14e65e575652b02b7bbac91784726fb70f2b2000acbec2c33f6aaa68ed5c1b,https://zenodo.org/records/16740866,,mathsat/Wisa/xs-07-06-4-1-5-3.smt2,,,sat
smt-lib-2025/QF_UFLIA/mathsat/Wisa/xs-16-10-4-3-1-3.smt2,e07940c25dd8a9af054d4e5483d5d0935ea9c15ff2c27604c1cc6a49b312743d,smt-lib-2025/QF_UFLIA,QF_UFLIA,family-balanced 1500-input expansion,QF_UFLIA.tar.zst,ae14e65e575652b02b7bbac91784726fb70f2b2000acbec2c33f6aaa68ed5c1b,https://zenodo.org/records/16740866,,mathsat/Wisa/xs-16-10-4-3-1-3.smt2,,,sat
smt-lib-2025/QF_AUFLIA/cvc/dlx-pc.smt2,ba4bb3a29101ccb1e8bca95f481c32de9a3f8f445922a7f91863f2856eeadec4,smt-lib-2025/QF_AUFLIA,QF_AUFLIA,family-balanced 1500-input expansion,QF_AUFLIA.tar.zst,c2c164258ab5008b9b9142f64ed3dd0b39a1df7f24925216bb74a7b08fb541c1,https://zenodo.org/records/16740866,,cvc/dlx-pc.smt2,,,unsat
smt-lib-2025/QF_AUFLIA/storeinv/storeinv_invalid_t1_pp_nf_ai_00002_001.cvc.smt2,b2b7983c5b850aeb66136194229633ef08b6f3657d7ca0eefcdfa64e1f568df9,smt-lib-2025/QF_AUFLIA,QF_AUFLIA,family-balanced 1500-input expansion,QF_AUFLIA.tar.zst,c2c164258ab5008b9b9142f64ed3dd0b39a1df7f24925216bb74a7b08fb541c1,https://zenodo.org/records/16740866,,storeinv/storeinv_invalid_t1_pp_nf_ai_00002_001.cvc.smt2,,,sat
smt-lib-2025/QF_AUFLIA/swap/swap_invalid_t3_pp_sf_ai_00008_009.cvc.smt2,295a9d8791a2ec8f8beca87ee2c7ecc3f9aa7cd43762b2f906b993d1906bc9d6,smt-lib-2025/QF_AUFLIA,QF_AUFLIA,family-balanced 1500-input expansion,QF_AUFLIA.tar.zst,c2c164258ab5008b9b9142f64ed3dd0b39a1df7f24925216bb74a7b08fb541c1,https://zenodo.org/records/16740866,,swap/swap_invalid_t3_pp_sf_ai_00008_009.cvc.smt2,,,sat
smt-lib-2025/QF_AUFLIA/20170829-Rodin/smt6481616554623030076.smt2,1df0e04cf26d45a0f8e25f37c1c7e7a5a2298172734d3716c20e5eadd406b697,smt-lib-2025/QF_AUFLIA,QF_AUFLIA,family-balanced 1500-input expansion,QF_AUFLIA.tar.zst,c2c164258ab5008b9b9142f64ed3dd0b39a1df7f24925216bb74a7b08fb541c1,https://zenodo.org/records/16740866,,20170829-Rodin/smt6481616554623030076.smt2,,,unsat
smt-lib-2025/QF_AUFLIA/storecomm/storecomm_t1_pp_nf_ni_00060_002.cvc.smt2,d74dd29741a35d1cf77ab149759516ae548c181c1d88c25a7698075b808f443d,smt-lib-2025/QF_AUFLIA,QF_AUFLIA,family-balanced 1500-input expansion,QF_AUFLIA.tar.zst,c2c164258ab5008b9b9142f64ed3dd0b39a1df7f24925216bb74a7b08fb541c1,https://zenodo.org/records/16740866,,storecomm/storecomm_t1_pp_nf_ni_00060_002.cvc.smt2,,,unsat
smt-lib-2025/QF_AUFLIA/storeinv/storeinv_t1_pp_nf_ai_00003_001.cvc.smt2,41d58a1a5b89e43010d9356e11944c51f6327326dba2b4c1ef904413edbb208a,smt-lib-2025/QF_AUFLIA,QF_AUFLIA,family-balanced 1500-input expansion,QF_AUFLIA.tar.zst,c2c164258ab5008b9b9142f64ed3dd0b39a1df7f24925216bb74a7b08fb541c1,https://zenodo.org/records/16740866,,storeinv/storeinv_t1_pp_nf_ai_00003_001.cvc.smt2,,,unsat
smt-lib-2025/QF_AUFLIA/cvc/add5.smt2,88910bc3ff14ad2ce54067c1caae75abcb978b481643bf6bd101f6991f821ca7,smt-lib-2025/QF_AUFLIA,QF_AUFLIA,family-balanced 1500-input expansion,QF_AUFLIA.tar.zst,c2c164258ab5008b9b9142f64ed3dd0b39a1df7f24925216bb74a7b08fb541c1,https://zenodo.org/records/16740866,,cvc/add5.smt2,,,unsat
smt-lib-2025/QF_AUFLIA/swap/swap_t1_pp_sf_ai_00004_003.cvc.smt2,9d68e2bdda06dbbb391859bd6ae7743667f8d264a12d198058b910d8686ea8c7,smt-lib-2025/QF_AUFLIA,QF_AUFLIA,family-balanced 1500-input expansion,QF_AUFLIA.tar.zst,c2c164258ab5008b9b9142f64ed3dd0b39a1df7f24925216bb74a7b08fb541c1,https://zenodo.org/records/16740866,,swap/swap_t1_pp_sf_ai_00004_003.cvc.smt2,,,unsat
smt-lib-2025/QF_AUFLIA/storecomm/storecomm_t2_np_sf_ni_00050_002.cvc.smt2,2163e7b220350dd44d716618a8576de3531ecfc300b7c55014360a919c8f9c9b,smt-lib-2025/QF_AUFLIA,QF_AUFLIA,family-balanced 1500-input expansion,QF_AUFLIA.tar.zst,c2c164258ab5008b9b9142f64ed3dd0b39a1df7f24925216bb74a7b08fb541c1,https://zenodo.org/records/16740866,,storecomm/storecomm_t2_np_sf_ni_00050_002.cvc.smt2,,,unsat
smt-lib-2025/QF_AUFLIA/20170829-Rodin/smt2180380275580545420.smt2,b4af9d27f49795fea541562b8bfb126f6f347aa6b4e0c8def2e48747c51d55f2,smt-lib-2025/QF_AUFLIA,QF_AUFLIA,family-balanced 1500-input expansion,QF_AUFLIA.tar.zst,c2c164258ab5008b9b9142f64ed3dd0b39a1df7f24925216bb74a7b08fb541c1,https://zenodo.org/records/16740866,,20170829-Rodin/smt2180380275580545420.smt2,,,sat
smt-lib-2025/QF_AUFLIA/storeinv/storeinv_t1_pp_sf_ai_00001_001.cvc.smt2,9985ef920fc61bbca2adef403b871170fbb0112f9f1bad870bb3c97c6b89c6d8,smt-lib-2025/QF_AUFLIA,QF_AUFLIA,family-balanced 1500-input expansion,QF_AUFLIA.tar.zst,c2c164258ab5008b9b9142f64ed3dd0b39a1df7f24925216bb74a7b08fb541c1,https://zenodo.org/records/16740866,,storeinv/storeinv_t1_pp_sf_ai_00001_001.cvc.smt2,,,unsat
smt-lib-2025/QF_AUFLIA/cvc/fb_var_27_8.smt2,3b623ff60b2e4d69320b3be42afb54a636d5390f0760d0d65b4fe9c3026670ea,smt-lib-2025/QF_AUFLIA,QF_AUFLIA,family-balanced 1500-input expansion,QF_AUFLIA.tar.zst,c2c164258ab5008b9b9142f64ed3dd0b39a1df7f24925216bb74a7b08fb541c1,https://zenodo.org/records/16740866,,cvc/fb_var_27_8.smt2,,,sat
smt-lib-2025/QF_AUFLIA/storecomm/storecomm_t3_pp_sf_ai_00020_001.cvc.smt2,840f46c6e129f91d48ca62523558919f21793ed888ea93343697e13730370b06,smt-lib-2025/QF_AUFLIA,QF_AUFLIA,family-balanced 1500-input expansion,QF_AUFLIA.tar.zst,c2c164258ab5008b9b9142f64ed3dd0b39a1df7f24925216bb74a7b08fb541c1,https://zenodo.org/records/16740866,,storecomm/storecomm_t3_pp_sf_ai_00020_001.cvc.smt2,,,unsat
smt-lib-2025/QF_AUFLIA/20170829-Rodin/smt1286129643722180277.smt2,f612dcd8896b5db88515be51bd3e349fee51f1d677070d7499658b6af8613ae0,smt-lib-2025/QF_AUFLIA,QF_AUFLIA,family-balanced 1500-input expansion,QF_AUFLIA.tar.zst,c2c164258ab5008b9b9142f64ed3dd0b39a1df7f24925216bb74a7b08fb541c1,https://zenodo.org/records/16740866,,20170829-Rodin/smt1286129643722180277.smt2,,,unsat
smt-lib-2025/QF_AUFLIA/swap/swap_t1_pp_sf_ai_00008_005.cvc.smt2,15d602dfe846cd3930f952c307163378d8cd97f4d6667c3369c9aa6dc760925a,smt-lib-2025/QF_AUFLIA,QF_AUFLIA,family-balanced 1500-input expansion,QF_AUFLIA.tar.zst,c2c164258ab5008b9b9142f64ed3dd0b39a1df7f24925216bb74a7b08fb541c1,https://zenodo.org/records/16740866,,swap/swap_t1_pp_sf_ai_00008_005.cvc.smt2,,,unsat
smt-lib-2025/QF_AUFLIA/storeinv/storeinv_t1_pp_sf_ai_00007_001.cvc.smt2,9448bff357ef08336bf0edb4e63fc66d0dd17fa70860ee2bafb80df4f06d60c0,smt-lib-2025/QF_AUFLIA,QF_AUFLIA,family-balanced 1500-input expansion,QF_AUFLIA.tar.zst,c2c164258ab5008b9b9142f64ed3dd0b39a1df7f24925216bb74a7b08fb541c1,https://zenodo.org/records/16740866,,storeinv/storeinv_t1_pp_sf_ai_00007_001.cvc.smt2,,,unsat
smt-lib-2025/QF_AUFLIA/cvc/dlx-dmem.smt2,12b2b8a8332a5cedfb93758f3eba643cee363df141809f244c1684f805379826,smt-lib-2025/QF_AUFLIA,QF_AUFLIA,family-balanced 1500-input expansion,QF_AUFLIA.tar.zst,c2c164258ab5008b9b9142f64ed3dd0b39a1df7f24925216bb74a7b08fb541c1,https://zenodo.org/records/16740866,,cvc/dlx-dmem.smt2,,,unsat
smt-lib-2025/QF_AUFLIA/storecomm/storecomm_invalid_t3_pp_nf_ni_00050_002.cvc.smt2,a0cccd2a2b3d7acd5014856b89b0bcb91bf6b092ddf831cb9d46e0726b7455d3,smt-lib-2025/QF_AUFLIA,QF_AUFLIA,family-balanced 1500-input expansion,QF_AUFLIA.tar.zst,c2c164258ab5008b9b9142f64ed3dd0b39a1df7f24925216bb74a7b08fb541c1,https://zenodo.org/records/16740866,,storecomm/storecomm_invalid_t3_pp_nf_ni_00050_002.cvc.smt2,,,sat
smt-lib-2025/QF_AUFLIA/swap/swap_invalid_t1_pp_nf_ai_00008_004.cvc.smt2,dd9eb8fd520eea357373108ff18eb0f2484a68f168a4b81ca85771a131e02433,smt-lib-2025/QF_AUFLIA,QF_AUFLIA,family-balanced 1500-input expansion,QF_AUFLIA.tar.zst,c2c164258ab5008b9b9142f64ed3dd0b39a1df7f24925216bb74a7b08fb541c1,https://zenodo.org/records/16740866,,swap/swap_invalid_t1_pp_nf_ai_00008_004.cvc.smt2,,,sat
smt-lib-2025/QF_AUFLIA/20170829-Rodin/smt3487051362416095263.smt2,3dd233d61b43ab8d07e642d4d899ad5afae30e2560b07ed4dd187e0ed4591b38,smt-lib-2025/QF_AUFLIA,QF_AUFLIA,family-balanced 1500-input expansion,QF_AUFLIA.tar.zst,c2c164258ab5008b9b9142f64ed3dd0b39a1df7f24925216bb74a7b08fb541c1,https://zenodo.org/records/16740866,,20170829-Rodin/smt3487051362416095263.smt2,,,unsat
smt-lib-2025/QF_AUFLIA/storeinv/storeinv_invalid_t1_pp_sf_ai_00006_001.cvc.smt2,dab38c1e5d83b3d41d70e2491e3eee7d5daa3f1d23bb5f8e615a39236e5b873f,smt-lib-2025/QF_AUFLIA,QF_AUFLIA,family-balanced 1500-input expansion,QF_AUFLIA.tar.zst,c2c164258ab5008b9b9142f64ed3dd0b39a1df7f24925216bb74a7b08fb541c1,https://zenodo.org/records/16740866,,storeinv/storeinv_invalid_t1_pp_sf_ai_00006_001.cvc.smt2,,,sat
smt-lib-2025/QF_AUFLIA/cvc/add6.smt2,23db20952756beadedd60188ccc70ef903d2e7ee8dc78a2212461298d1559570,smt-lib-2025/QF_AUFLIA,QF_AUFLIA,family-balanced 1500-input expansion,QF_AUFLIA.tar.zst,c2c164258ab5008b9b9142f64ed3dd0b39a1df7f24925216bb74a7b08fb541c1,https://zenodo.org/records/16740866,,cvc/add6.smt2,,,unsat
smt-lib-2025/QF_AUFLIA/storecomm/storecomm_invalid_t3_pp_sf_ni_00030_004.cvc.smt2,c96163267c4a4a615c704e6225ae863946bea9139dbba6caace2ae63f7c9f4e1,smt-lib-2025/QF_AUFLIA,QF_AUFLIA,family-balanced 1500-input expansion,QF_AUFLIA.tar.zst,c2c164258ab5008b9b9142f64ed3dd0b39a1df7f24925216bb74a7b08fb541c1,https://zenodo.org/records/16740866,,storecomm/storecomm_invalid_t3_pp_sf_ni_00030_004.cvc.smt2,,,sat
smt-lib-2025/QF_AUFLIA/swap/swap_t1_pp_nf_ai_00003_004.cvc.smt2,74dcdc6c4977c79d874d26662274e8d3f6101fdf25e8b3c11a62d0a2953e3cba,smt-lib-2025/QF_AUFLIA,QF_AUFLIA,family-balanced 1500-input expansion,QF_AUFLIA.tar.zst,c2c164258ab5008b9b9142f64ed3dd0b39a1df7f24925216bb74a7b08fb541c1,https://zenodo.org/records/16740866,,swap/swap_t1_pp_nf_ai_00003_004.cvc.smt2,,,unsat
smt-lib-2025/QF_AUFLIA/20170829-Rodin/smt4955949051970003181.smt2,84bdf212b4863b855be2a61feb443bd02b991039e1193e5dbc98367dc30019c6,smt-lib-2025/QF_AUFLIA,QF_AUFLIA,family-balanced 1500-input expansion,QF_AUFLIA.tar.zst,c2c164258ab5008b9b9142f64ed3dd0b39a1df7f24925216bb74a7b08fb541c1,https://zenodo.org/records/16740866,,20170829-Rodin/smt4955949051970003181.smt2,,,sat
smt-lib-2025/QF_AUFLIA/storeinv/storeinv_t3_pp_sf_ai_00002_001.cvc.smt2,068ab9bf0c7d48653fe4273a0f9243cfe143d0e85d3f93a3b210863501e951a1,smt-lib-2025/QF_AUFLIA,QF_AUFLIA,family-balanced 1500-input expansion,QF_AUFLIA.tar.zst,c2c164258ab5008b9b9142f64ed3dd0b39a1df7f24925216bb74a7b08fb541c1,https://zenodo.org/records/16740866,,storeinv/storeinv_t3_pp_sf_ai_00002_001.cvc.smt2,,,unsat
smt-lib-2025/QF_AUFLIA/cvc/read7.smt2,dff94df3cd2210af93c10ae02aa25741b05f408cb28c6cacf08d56e6e87da869,smt-lib-2025/QF_AUFLIA,QF_AUFLIA,family-balanced 1500-input expansion,QF_AUFLIA.tar.zst,c2c164258ab5008b9b9142f64ed3dd0b39a1df7f24925216bb74a7b08fb541c1,https://zenodo.org/records/16740866,,cvc/read7.smt2,,,unsat
smt-lib-2025/QF_AUFLIA/storecomm/storecomm_invalid_t3_pp_nf_ni_00060_006.cvc.smt2,104eec350f7f452cb90482aeba1eb5d08bc65efbaad1ba017655de80bf2397b8,smt-lib-2025/QF_AUFLIA,QF_AUFLIA,family-balanced 1500-input expansion,QF_AUFLIA.tar.zst,c2c164258ab5008b9b9142f64ed3dd0b39a1df7f24925216bb74a7b08fb541c1,https://zenodo.org/records/16740866,,storecomm/storecomm_invalid_t3_pp_nf_ni_00060_006.cvc.smt2,,,sat
smt-lib-2025/QF_AUFLIA/20170829-Rodin/smt7523130558871236757.smt2,a2da2c9692d816b91984e9d602702acdfc55b52badf5c08f4fd6adb9551ec912,smt-lib-2025/QF_AUFLIA,QF_AUFLIA,family-balanced 1500-input expansion,QF_AUFLIA.tar.zst,c2c164258ab5008b9b9142f64ed3dd0b39a1df7f24925216bb74a7b08fb541c1,https://zenodo.org/records/16740866,,20170829-Rodin/smt7523130558871236757.smt2,,,unsat
smt-lib-2025/QF_AUFLIA/swap/swap_t1_pp_sf_ai_00003_002.cvc.smt2,00f3f896eb62ebb86d05522f1346f38c0d80738a8e863a3b4373ad0628555d70,smt-lib-2025/QF_AUFLIA,QF_AUFLIA,family-balanced 1500-input expansion,QF_AUFLIA.tar.zst,c2c164258ab5008b9b9142f64ed3dd0b39a1df7f24925216bb74a7b08fb541c1,https://zenodo.org/records/16740866,,swap/swap_t1_pp_sf_ai_00003_002.cvc.smt2,,,unsat
smt-lib-2025/QF_AUFLIA/storeinv/storeinv_t3_pp_sf_ai_00010_001.cvc.smt2,11d3455d8e047ac02359eddd4eb147b95afaa17fae96eda2275caf2543e6509c,smt-lib-2025/QF_AUFLIA,QF_AUFLIA,family-balanced 1500-input expansion,QF_AUFLIA.tar.zst,c2c164258ab5008b9b9142f64ed3dd0b39a1df7f24925216bb74a7b08fb541c1,https://zenodo.org/records/16740866,,storeinv/storeinv_t3_pp_sf_ai_00010_001.cvc.smt2,,,unsat
smt-lib-2025/QF_AUFLIA/cvc/pp-invariant.smt2,4fa7365b4f025478cf34406b7ea2164ec7d5b71dbb6ba550e30e20940f83039b,smt-lib-2025/QF_AUFLIA,QF_AUFLIA,family-balanced 1500-input expansion,QF_AUFLIA.tar.zst,c2c164258ab5008b9b9142f64ed3dd0b39a1df7f24925216bb74a7b08fb541c1,https://zenodo.org/records/16740866,,cvc/pp-invariant.smt2,,,unsat
smt-lib-2025/QF_AUFLIA/20170829-Rodin/smt4574461499410346282.smt2,44de3cbed52b8de6fed838055cb104953eb8a8a58967f9769d4fc7bda468d442,smt-lib-2025/QF_AUFLIA,QF_AUFLIA,family-balanced 1500-input expansion,QF_AUFLIA.tar.zst,c2c164258ab5008b9b9142f64ed3dd0b39a1df7f24925216bb74a7b08fb541c1,https://zenodo.org/records/16740866,,20170829-Rodin/smt4574461499410346282.smt2,,,unsat
smt-lib-2025/QF_AUFLIA/swap/swap_invalid_t3_pp_sf_ai_00002_009.cvc.smt2,0b55b0c67202b8dd5c47877566496fc57468d88d9c5523b9a0220985b0965560,smt-lib-2025/QF_AUFLIA,QF_AUFLIA,family-balanced 1500-input expansion,QF_AUFLIA.tar.zst,c2c164258ab5008b9b9142f64ed3dd0b39a1df7f24925216bb74a7b08fb541c1,https://zenodo.org/records/16740866,,swap/swap_invalid_t3_pp_sf_ai_00002_009.cvc.smt2,,,sat
smt-lib-2025/QF_AUFLIA/storecomm/storecomm_invalid_t3_pp_sf_ai_00010_002.cvc.smt2,0326499fc6a8e6c2475ff5e9d5c3c57ad2f04492f3910969e58e691abd5c2bcd,smt-lib-2025/QF_AUFLIA,QF_AUFLIA,family-balanced 1500-input expansion,QF_AUFLIA.tar.zst,c2c164258ab5008b9b9142f64ed3dd0b39a1df7f24925216bb74a7b08fb541c1,https://zenodo.org/records/16740866,,storecomm/storecomm_invalid_t3_pp_sf_ai_00010_002.cvc.smt2,,,sat
smt-lib-2025/QF_AUFLIA/storeinv/storeinv_invalid_t3_pp_sf_ai_00002_001.cvc.smt2,345480ad64b8ad4325ddcf0270dc72ebda445528d8bad5af0a9e06cfa441c1b2,smt-lib-2025/QF_AUFLIA,QF_AUFLIA,family-balanced 1500-input expansion,QF_AUFLIA.tar.zst,c2c164258ab5008b9b9142f64ed3dd0b39a1df7f24925216bb74a7b08fb541c1,https://zenodo.org/records/16740866,,storeinv/storeinv_invalid_t3_pp_sf_ai_00002_001.cvc.smt2,,,sat
smt-lib-2025/QF_AUFLIA/cvc/read6.smt2,c1eb6c0815483b96b6fdf0c21640782178b9a716a6ddd56637100195eea30915,smt-lib-2025/QF_AUFLIA,QF_AUFLIA,family-balanced 1500-input expansion,QF_AUFLIA.tar.zst,c2c164258ab5008b9b9142f64ed3dd0b39a1df7f24925216bb74a7b08fb541c1,https://zenodo.org/records/16740866,,cvc/read6.smt2,,,unsat
smt-lib-2025/QF_AUFLIA/storecomm/storecomm_invalid_t3_pp_nf_ni_00010_009.cvc.smt2,2bd33fc50727d54c6ef4f839240a2fe4d6badd84a1c0324cff284c4597630135,smt-lib-2025/QF_AUFLIA,QF_AUFLIA,family-balanced 1500-input expansion,QF_AUFLIA.tar.zst,c2c164258ab5008b9b9142f64ed3dd0b39a1df7f24925216bb74a7b08fb541c1,https://zenodo.org/records/16740866,,storecomm/storecomm_invalid_t3_pp_nf_ni_00010_009.cvc.smt2,,,sat
smt-lib-2025/QF_AUFLIA/20170829-Rodin/smt1782466548403316802.smt2,7dde831f623978703ab5b4e9face4803d553f5234cb2be539565a5f412b83287,smt-lib-2025/QF_AUFLIA,QF_AUFLIA,family-balanced 1500-input expansion,QF_AUFLIA.tar.zst,c2c164258ab5008b9b9142f64ed3dd0b39a1df7f24925216bb74a7b08fb541c1,https://zenodo.org/records/16740866,,20170829-Rodin/smt1782466548403316802.smt2,,,unsat
smt-lib-2025/QF_AUFLIA/swap/swap_invalid_t1_pp_sf_ai_00008_003.cvc.smt2,c4213d856182a0bdc20ce59288418c3904330431458ef4304c9d4b6c638a81b2,smt-lib-2025/QF_AUFLIA,QF_AUFLIA,family-balanced 1500-input expansion,QF_AUFLIA.tar.zst,c2c164258ab5008b9b9142f64ed3dd0b39a1df7f24925216bb74a7b08fb541c1,https://zenodo.org/records/16740866,,swap/swap_invalid_t1_pp_sf_ai_00008_003.cvc.smt2,,,sat
smt-lib-2025/QF_AUFLIA/storeinv/storeinv_invalid_t1_pp_nf_ai_00004_001.cvc.smt2,cdec679744fb3410203a33f4fa3e4d50fdd1c45863e1d4c3e658e60e83f505b9,smt-lib-2025/QF_AUFLIA,QF_AUFLIA,family-balanced 1500-input expansion,QF_AUFLIA.tar.zst,c2c164258ab5008b9b9142f64ed3dd0b39a1df7f24925216bb74a7b08fb541c1,https://zenodo.org/records/16740866,,storeinv/storeinv_invalid_t1_pp_nf_ai_00004_001.cvc.smt2,,,sat
smt-lib-2025/QF_AUFLIA/cvc/read8.smt2,69ff9864fe3b0c2c7f00f66a420773676cf5690490dc9ea0b5c7e82cc28d2712,smt-lib-2025/QF_AUFLIA,QF_AUFLIA,family-balanced 1500-input expansion,QF_AUFLIA.tar.zst,c2c164258ab5008b9b9142f64ed3dd0b39a1df7f24925216bb74a7b08fb541c1,https://zenodo.org/records/16740866,,cvc/read8.smt2,,,unsat
smt-lib-2025/QF_AUFLIA/storecomm/storecomm_t1_np_sf_ni_00040_009.cvc.smt2,d9488011fea7c7edbaa648f4dc30f5a16f75a463576d01781526c44636129f44,smt-lib-2025/QF_AUFLIA,QF_AUFLIA,family-balanced 1500-input expansion,QF_AUFLIA.tar.zst,c2c164258ab5008b9b9142f64ed3dd0b39a1df7f24925216bb74a7b08fb541c1,https://zenodo.org/records/16740866,,storecomm/storecomm_t1_np_sf_ni_00040_009.cvc.smt2,,,unsat
smt-lib-2025/QF_AUFLIA/20170829-Rodin/smt2106860836086514151.smt2,fbcad7ea0875739878fc1bbb4faabf4fbdc906dfe484bf2ae62499835fefdb3f,smt-lib-2025/QF_AUFLIA,QF_AUFLIA,family-balanced 1500-input expansion,QF_AUFLIA.tar.zst,c2c164258ab5008b9b9142f64ed3dd0b39a1df7f24925216bb74a7b08fb541c1,https://zenodo.org/records/16740866,,20170829-Rodin/smt2106860836086514151.smt2,,,unsat
smt-lib-2025/QF_AUFLIA/swap/swap_t1_pp_sf_ai_00008_001.cvc.smt2,f73ce6d2898d223bc8dc95d5d6969e699ad83c6a8d49c2c82f7dae01b2455f4d,smt-lib-2025/QF_AUFLIA,QF_AUFLIA,family-balanced 1500-input expansion,QF_AUFLIA.tar.zst,c2c164258ab5008b9b9142f64ed3dd0b39a1df7f24925216bb74a7b08fb541c1,https://zenodo.org/records/16740866,,swap/swap_t1_pp_sf_ai_00008_001.cvc.smt2,,,unsat
smt-lib-2025/QF_AUFLIA/storeinv/storeinv_t1_pp_nf_ai_00009_001.cvc.smt2,cea1363445937e56e8d634e80ec7b8a7cae65155f4612802d60d5df0f03d466e,smt-lib-2025/QF_AUFLIA,QF_AUFLIA,family-balanced 1500-input expansion,QF_AUFLIA.tar.zst,c2c164258ab5008b9b9142f64ed3dd0b39a1df7f24925216bb74a7b08fb541c1,https://zenodo.org/records/16740866,,storeinv/storeinv_t1_pp_nf_ai_00009_001.cvc.smt2,,,unsat
smt-lib-2025/QF_AUFLIA/cvc/fb_var_5_12.smt2,2de231e556f4050449d37cdc5ffe15c92b4b83546227b15805ed051865befb7b,smt-lib-2025/QF_AUFLIA,QF_AUFLIA,family-balanced 1500-input expansion,QF_AUFLIA.tar.zst,c2c164258ab5008b9b9142f64ed3dd0b39a1df7f24925216bb74a7b08fb541c1,https://zenodo.org/records/16740866,,cvc/fb_var_5_12.smt2,,,unsat
smt-lib-2025/QF_AUFLIA/20170829-Rodin/smt6736572510318727716.smt2,4e4dcf6da34c5e3e2e84e9773b3f87ac767251bddf04215ce1eadf6c7f41792e,smt-lib-2025/QF_AUFLIA,QF_AUFLIA,family-balanced 1500-input expansion,QF_AUFLIA.tar.zst,c2c164258ab5008b9b9142f64ed3dd0b39a1df7f24925216bb74a7b08fb541c1,https://zenodo.org/records/16740866,,20170829-Rodin/smt6736572510318727716.smt2,,,unsat
smt-lib-2025/QF_AUFLIA/storecomm/storecomm_t1_pp_sf_ai_00020_002.cvc.smt2,68ae772d9e6e94d1621efdd2fde24c903e311b49e7684f24c93fce5284a37483,smt-lib-2025/QF_AUFLIA,QF_AUFLIA,family-balanced 1500-input expansion,QF_AUFLIA.tar.zst,c2c164258ab5008b9b9142f64ed3dd0b39a1df7f24925216bb74a7b08fb541c1,https://zenodo.org/records/16740866,,storecomm/storecomm_t1_pp_sf_ai_00020_002.cvc.smt2,,,unsat
smt-lib-2025/QF_AUFLIA/swap/swap_t3_pp_sf_ai_00008_002.cvc.smt2,c37e007b92d2be59e7f0eb97b914ac4fb368094ce25af7ed3bb51807b4b2e914,smt-lib-2025/QF_AUFLIA,QF_AUFLIA,family-balanced 1500-input expansion,QF_AUFLIA.tar.zst,c2c164258ab5008b9b9142f64ed3dd0b39a1df7f24925216bb74a7b08fb541c1,https://zenodo.org/records/16740866,,swap/swap_t3_pp_sf_ai_00008_002.cvc.smt2,,,unsat
smt-lib-2025/QF_AUFLIA/storeinv/storeinv_invalid_t1_pp_nf_ai_00007_001.cvc.smt2,18e6ef91c837171e7ef1a5a612048a4fffcbe93868b42481941da9f86a9de0c0,smt-lib-2025/QF_AUFLIA,QF_AUFLIA,family-balanced 1500-input expansion,QF_AUFLIA.tar.zst,c2c164258ab5008b9b9142f64ed3dd0b39a1df7f24925216bb74a7b08fb541c1,https://zenodo.org/records/16740866,,storeinv/storeinv_invalid_t1_pp_nf_ai_00007_001.cvc.smt2,,,sat
smt-lib-2025/QF_AUFLIA/cvc/fb_var_33_6.smt2,5ec0abc160db0342e8e57a17f64325fe789f0f6e2c930d6b252a5b6bb659f898,smt-lib-2025/QF_AUFLIA,QF_AUFLIA,family-balanced 1500-input expansion,QF_AUFLIA.tar.zst,c2c164258ab5008b9b9142f64ed3dd0b39a1df7f24925216bb74a7b08fb541c1,https://zenodo.org/records/16740866,,cvc/fb_var_33_6.smt2,,,unsat
smt-lib-2025/QF_AUFLIA/storecomm/storecomm_t1_pp_nf_ai_00030_006.cvc.smt2,0d316777be58f2315826133dd8e92b731dea226faf71fe59ceeeab212fbb832b,smt-lib-2025/QF_AUFLIA,QF_AUFLIA,family-balanced 1500-input expansion,QF_AUFLIA.tar.zst,c2c164258ab5008b9b9142f64ed3dd0b39a1df7f24925216bb74a7b08fb541c1,https://zenodo.org/records/16740866,,storecomm/storecomm_t1_pp_nf_ai_00030_006.cvc.smt2,,,unsat
smt-lib-2025/QF_AUFLIA/swap/swap_invalid_t3_pp_nf_ai_00004_001.cvc.smt2,2a40d8a748cd4168284977ac3884fe9231ecb7b6106c0f2edc856a6751e8fe54,smt-lib-2025/QF_AUFLIA,QF_AUFLIA,family-balanced 1500-input expansion,QF_AUFLIA.tar.zst,c2c164258ab5008b9b9142f64ed3dd0b39a1df7f24925216bb74a7b08fb541c1,https://zenodo.org/records/16740866,,swap/swap_invalid_t3_pp_nf_ai_00004_001.cvc.smt2,,,sat
smt-lib-2025/QF_AUFLIA/20170829-Rodin/smt8513434858697749825.smt2,95977cbe8f8be071194e9fdc6f8e7acfa52d6bb1a61c3a61bddb192a5b40919c,smt-lib-2025/QF_AUFLIA,QF_AUFLIA,family-balanced 1500-input expansion,QF_AUFLIA.tar.zst,c2c164258ab5008b9b9142f64ed3dd0b39a1df7f24925216bb74a7b08fb541c1,https://zenodo.org/records/16740866,,20170829-Rodin/smt8513434858697749825.smt2,,,unsat
smt-lib-2025/QF_AUFLIA/storeinv/storeinv_t3_pp_sf_ai_00009_001.cvc.smt2,08e3d01b7a5c79bef2b3a5904f829c07d36ec69fb3c1fd7be5e44555090435da,smt-lib-2025/QF_AUFLIA,QF_AUFLIA,family-balanced 1500-input expansion,QF_AUFLIA.tar.zst,c2c164258ab5008b9b9142f64ed3dd0b39a1df7f24925216bb74a7b08fb541c1,https://zenodo.org/records/16740866,,storeinv/storeinv_t3_pp_sf_ai_00009_001.cvc.smt2,,,unsat
smt-lib-2025/QF_AUFLIA/cvc/fb_var_6_12.smt2,b16cc25d3387a7083d45ad4a8bb35775ed24124a5ae64bfe430e5b80b02c398c,smt-lib-2025/QF_AUFLIA,QF_AUFLIA,family-balanced 1500-input expansion,QF_AUFLIA.tar.zst,c2c164258ab5008b9b9142f64ed3dd0b39a1df7f24925216bb74a7b08fb541c1,https://zenodo.org/records/16740866,,cvc/fb_var_6_12.smt2,,,unsat
smt-lib-2025/QF_AUFLIA/storecomm/storecomm_t1_pp_nf_ni_00050_001.cvc.smt2,e8125a5ebdae2aabcd96cc12a9488458dde0acc030fc0f451f4ce1e03b03ea2a,smt-lib-2025/QF_AUFLIA,QF_AUFLIA,family-balanced 1500-input expansion,QF_AUFLIA.tar.zst,c2c164258ab5008b9b9142f64ed3dd0b39a1df7f24925216bb74a7b08fb541c1,https://zenodo.org/records/16740866,,storecomm/storecomm_t1_pp_nf_ni_00050_001.cvc.smt2,,,unsat
smt-lib-2025/QF_AUFLIA/swap/swap_invalid_t1_pp_sf_ai_00007_005.cvc.smt2,9f18f1fe920eed756959a0a4f0f3be722fab5dc9b12e9a2228c8cac870f65280,smt-lib-2025/QF_AUFLIA,QF_AUFLIA,family-balanced 1500-input expansion,QF_AUFLIA.tar.zst,c2c164258ab5008b9b9142f64ed3dd0b39a1df7f24925216bb74a7b08fb541c1,https://zenodo.org/records/16740866,,swap/swap_invalid_t1_pp_sf_ai_00007_005.cvc.smt2,,,sat
smt-lib-2025/QF_AUFLIA/20170829-Rodin/smt65467803538243106.smt2,3b4308b429ae2efcc721b507164dbc751c02aa6f891d7926cb74bbca007703fb,smt-lib-2025/QF_AUFLIA,QF_AUFLIA,family-balanced 1500-input expansion,QF_AUFLIA.tar.zst,c2c164258ab5008b9b9142f64ed3dd0b39a1df7f24925216bb74a7b08fb541c1,https://zenodo.org/records/16740866,,20170829-Rodin/smt65467803538243106.smt2,,,unsat
smt-lib-2025/QF_AUFLIA/storeinv/storeinv_invalid_t3_pp_nf_ai_00009_001.cvc.smt2,e8016c4f54bb69f017a16b7071f9e28e12222458c66e467940f9d704f3b8e119,smt-lib-2025/QF_AUFLIA,QF_AUFLIA,family-balanced 1500-input expansion,QF_AUFLIA.tar.zst,c2c164258ab5008b9b9142f64ed3dd0b39a1df7f24925216bb74a7b08fb541c1,https://zenodo.org/records/16740866,,storeinv/storeinv_invalid_t3_pp_nf_ai_00009_001.cvc.smt2,,,sat
smt-lib-2025/QF_AUFLIA/storecomm/storecomm_invalid_t3_pp_sf_ni_00060_004.cvc.smt2,f95a18b5e2eb8263967d5f7b5d323484d8512c0aef6a5320af34e083f10bd8be,smt-lib-2025/QF_AUFLIA,QF_AUFLIA,family-balanced 1500-input expansion,QF_AUFLIA.tar.zst,c2c164258ab5008b9b9142f64ed3dd0b39a1df7f24925216bb74a7b08fb541c1,https://zenodo.org/records/16740866,,storecomm/storecomm_invalid_t3_pp_sf_ni_00060_004.cvc.smt2,,,sat
smt-lib-2025/QF_AUFLIA/swap/swap_invalid_t3_pp_sf_ai_00003_001.cvc.smt2,e12e5783ee397a9e643445e82afdb9fab074be76fd513824e4ae7ed814dd7909,smt-lib-2025/QF_AUFLIA,QF_AUFLIA,family-balanced 1500-input expansion,QF_AUFLIA.tar.zst,c2c164258ab5008b9b9142f64ed3dd0b39a1df7f24925216bb74a7b08fb541c1,https://zenodo.org/records/16740866,,swap/swap_invalid_t3_pp_sf_ai_00003_001.cvc.smt2,,,sat
smt-lib-2025/QF_AUFLIA/20170829-Rodin/smt7147939896033940408.smt2,3dec8e03ef55f35d8570546231755f3a2103484eff9aca853716a014d70b9178,smt-lib-2025/QF_AUFLIA,QF_AUFLIA,family-balanced 1500-input expansion,QF_AUFLIA.tar.zst,c2c164258ab5008b9b9142f64ed3dd0b39a1df7f24925216bb74a7b08fb541c1,https://zenodo.org/records/16740866,,20170829-Rodin/smt7147939896033940408.smt2,,,unsat
smt-lib-2025/QF_AUFLIA/storeinv/storeinv_invalid_t1_pp_nf_ai_00005_001.cvc.smt2,7ac19f14661fde3bac3fd4c5cbf5f9a30cfd59784502a1e865a00de4956e694f,smt-lib-2025/QF_AUFLIA,QF_AUFLIA,family-balanced 1500-input expansion,QF_AUFLIA.tar.zst,c2c164258ab5008b9b9142f64ed3dd0b39a1df7f24925216bb74a7b08fb541c1,https://zenodo.org/records/16740866,,storeinv/storeinv_invalid_t1_pp_nf_ai_00005_001.cvc.smt2,,,sat
smt-lib-2025/QF_AUFLIA/storecomm/storecomm_invalid_t1_pp_sf_ni_00010_009.cvc.smt2,351dc8f54a968017b9d01fa477dfc91180199c7cb02a1fce95aed4fad2478a3e,smt-lib-2025/QF_AUFLIA,QF_AUFLIA,family-balanced 1500-input expansion,QF_AUFLIA.tar.zst,c2c164258ab5008b9b9142f64ed3dd0b39a1df7f24925216bb74a7b08fb541c1,https://zenodo.org/records/16740866,,storecomm/storecomm_invalid_t1_pp_sf_ni_00010_009.cvc.smt2,,,sat
smt-lib-2025/QF_AUFLIA/swap/swap_t3_pp_sf_ai_00007_006.cvc.smt2,d5f6aa754ad1b546eb6b1276fa0ca98766eadb4e81bfe7d85d3b43195c0f07a2,smt-lib-2025/QF_AUFLIA,QF_AUFLIA,family-balanced 1500-input expansion,QF_AUFLIA.tar.zst,c2c164258ab5008b9b9142f64ed3dd0b39a1df7f24925216bb74a7b08fb541c1,https://zenodo.org/records/16740866,,swap/swap_t3_pp_sf_ai_00007_006.cvc.smt2,,,unsat
smt-lib-2025/QF_AUFLIA/20170829-Rodin/smt1048206973303286471.smt2,d628193a02b18f71ff312bc7a2e5f01d284cd5f5365177b1d3571bbfcafb8d7a,smt-lib-2025/QF_AUFLIA,QF_AUFLIA,family-balanced 1500-input expansion,QF_AUFLIA.tar.zst,c2c164258ab5008b9b9142f64ed3dd0b39a1df7f24925216bb74a7b08fb541c1,https://zenodo.org/records/16740866,,20170829-Rodin/smt1048206973303286471.smt2,,,unsat
smt-lib-2025/QF_AUFLIA/storeinv/storeinv_t3_pp_nf_ai_00008_001.cvc.smt2,bd53ef8b874343b570eb58097f0291f24c0ddd1e17701486064262bc3196c7cf,smt-lib-2025/QF_AUFLIA,QF_AUFLIA,family-balanced 1500-input expansion,QF_AUFLIA.tar.zst,c2c164258ab5008b9b9142f64ed3dd0b39a1df7f24925216bb74a7b08fb541c1,https://zenodo.org/records/16740866,,storeinv/storeinv_t3_pp_nf_ai_00008_001.cvc.smt2,,,unsat
smt-lib-2025/QF_AUFLIA/storecomm/storecomm_invalid_t1_pp_sf_ai_00010_001.cvc.smt2,5debd76a6d0c0c2bd18436c29065c420a14461c8df9c6cdb7edeb70ad6fc6a02,smt-lib-2025/QF_AUFLIA,QF_AUFLIA,family-balanced 1500-input expansion,QF_AUFLIA.tar.zst,c2c164258ab5008b9b9142f64ed3dd0b39a1df7f24925216bb74a7b08fb541c1,https://zenodo.org/records/16740866,,storecomm/storecomm_invalid_t1_pp_sf_ai_00010_001.cvc.smt2,,,sat
smt-lib-2025/QF_AUFLIA/swap/swap_invalid_t1_pp_sf_ai_00010_002.cvc.smt2,710d3cf5f1355e445e689bf6c3c258dce027d36fae7f565ff6a2b2fabb78fdb5,smt-lib-2025/QF_AUFLIA,QF_AUFLIA,family-balanced 1500-input expansion,QF_AUFLIA.tar.zst,c2c164258ab5008b9b9142f64ed3dd0b39a1df7f24925216bb74a7b08fb541c1,https://zenodo.org/records/16740866,,swap/swap_invalid_t1_pp_sf_ai_00010_002.cvc.smt2,,,sat
smt-lib-2025/QF_AUFLIA/20170829-Rodin/smt8987693239582237306.smt2,9db328cf6169f9663e0289e25391ecc4534b4f51c4afee8da2a904a3085e4280,smt-lib-2025/QF_AUFLIA,QF_AUFLIA,family-balanced 1500-input expansion,QF_AUFLIA.tar.zst,c2c164258ab5008b9b9142f64ed3dd0b39a1df7f24925216bb74a7b08fb541c1,https://zenodo.org/records/16740866,,20170829-Rodin/smt8987693239582237306.smt2,,,unsat
smt-lib-2025/QF_AUFLIA/storeinv/storeinv_t3_pp_sf_ai_00005_001.cvc.smt2,87865332270f34857739d676af6808c43fcad23a8f817e21b952a8d1360ba16f,smt-lib-2025/QF_AUFLIA,QF_AUFLIA,family-balanced 1500-input expansion,QF_AUFLIA.tar.zst,c2c164258ab5008b9b9142f64ed3dd0b39a1df7f24925216bb74a7b08fb541c1,https://zenodo.org/records/16740866,,storeinv/storeinv_t3_pp_sf_ai_00005_001.cvc.smt2,,,unsat
smt-lib-2025/QF_AUFLIA/storecomm/storecomm_t1_pp_sf_ni_00060_001.cvc.smt2,64ac10057cb709643a9d6c403a897cffeb7458b7609df598c4e9f3345e3815f7,smt-lib-2025/QF_AUFLIA,QF_AUFLIA,family-balanced 1500-input expansion,QF_AUFLIA.tar.zst,c2c164258ab5008b9b9142f64ed3dd0b39a1df7f24925216bb74a7b08fb541c1,https://zenodo.org/records/16740866,,storecomm/storecomm_t1_pp_sf_ni_00060_001.cvc.smt2,,,unsat
smt-lib-2025/QF_AUFLIA/swap/swap_invalid_t1_pp_sf_ai_00003_008.cvc.smt2,f03f16b39a3c4a0ebd9bdde0631ba22e54dac8ab9e019160ea710bff37b868cc,smt-lib-2025/QF_AUFLIA,QF_AUFLIA,family-balanced 1500-input expansion,QF_AUFLIA.tar.zst,c2c164258ab5008b9b9142f64ed3dd0b39a1df7f24925216bb74a7b08fb541c1,https://zenodo.org/records/16740866,,swap/swap_invalid_t1_pp_sf_ai_00003_008.cvc.smt2,,,sat
smt-lib-2025/QF_AUFLIA/20170829-Rodin/smt6642385862663943481.smt2,fab9f65b90b3165f9114dbb1ae22ac369d39e0edee07b4382b46b2bed4568cd0,smt-lib-2025/QF_AUFLIA,QF_AUFLIA,family-balanced 1500-input expansion,QF_AUFLIA.tar.zst,c2c164258ab5008b9b9142f64ed3dd0b39a1df7f24925216bb74a7b08fb541c1,https://zenodo.org/records/16740866,,20170829-Rodin/smt6642385862663943481.smt2,,,unsat
smt-lib-2025/QF_AUFLIA/storeinv/storeinv_invalid_t3_pp_nf_ai_00003_001.cvc.smt2,3694e82ec75ea1a8984eb1c2d313867bda4d197374aeec38a0ae08ffbaf81ef2,smt-lib-2025/QF_AUFLIA,QF_AUFLIA,family-balanced 1500-input expansion,QF_AUFLIA.tar.zst,c2c164258ab5008b9b9142f64ed3dd0b39a1df7f24925216bb74a7b08fb541c1,https://zenodo.org/records/16740866,,storeinv/storeinv_invalid_t3_pp_nf_ai_00003_001.cvc.smt2,,,sat
smt-lib-2025/QF_AUFLIA/storecomm/storecomm_invalid_t1_pp_nf_ai_00030_008.cvc.smt2,ad55aee7381b36d280520619996d0e22a922d06a25a83b554caf8ed99c095a90,smt-lib-2025/QF_AUFLIA,QF_AUFLIA,family-balanced 1500-input expansion,QF_AUFLIA.tar.zst,c2c164258ab5008b9b9142f64ed3dd0b39a1df7f24925216bb74a7b08fb541c1,https://zenodo.org/records/16740866,,storecomm/storecomm_invalid_t1_pp_nf_ai_00030_008.cvc.smt2,,,sat
smt-lib-2025/QF_AUFLIA/20170829-Rodin/smt362130990708396776.smt2,ce11c546c905cccc109c89b63651db3fc67c16fb4f9fddbdabec893ee3c370a3,smt-lib-2025/QF_AUFLIA,QF_AUFLIA,family-balanced 1500-input expansion,QF_AUFLIA.tar.zst,c2c164258ab5008b9b9142f64ed3dd0b39a1df7f24925216bb74a7b08fb541c1,https://zenodo.org/records/16740866,,20170829-Rodin/smt362130990708396776.smt2,,,unsat
smt-lib-2025/QF_AUFLIA/swap/swap_t3_pp_nf_ai_00010_006.cvc.smt2,c910b52ed7c9c061dbd7dd1ab169dadc6b5ba2d231b19e8ba0f9b0d560f32f2b,smt-lib-2025/QF_AUFLIA,QF_AUFLIA,family-balanced 1500-input expansion,QF_AUFLIA.tar.zst,c2c164258ab5008b9b9142f64ed3dd0b39a1df7f24925216bb74a7b08fb541c1,https://zenodo.org/records/16740866,,swap/swap_t3_pp_nf_ai_00010_006.cvc.smt2,,,unsat
smt-lib-2025/QF_AUFLIA/storeinv/storeinv_invalid_t1_pp_sf_ai_00010_001.cvc.smt2,a31af09f3a029c03a54cf13be200d89fbabeb58575aae7b10663f15beb54d68e,smt-lib-2025/QF_AUFLIA,QF_AUFLIA,family-balanced 1500-input expansion,QF_AUFLIA.tar.zst,c2c164258ab5008b9b9142f64ed3dd0b39a1df7f24925216bb74a7b08fb541c1,https://zenodo.org/records/16740866,,storeinv/storeinv_invalid_t1_pp_sf_ai_00010_001.cvc.smt2,,,sat
smt-lib-2025/QF_AUFLIA/storecomm/storecomm_t3_pp_sf_ni_00040_007.cvc.smt2,1a3180ce05f297ca49125df3248ba8c7e71711e361d0c95f7922becde39c1ed5,smt-lib-2025/QF_AUFLIA,QF_AUFLIA,family-balanced 1500-input expansion,QF_AUFLIA.tar.zst,c2c164258ab5008b9b9142f64ed3dd0b39a1df7f24925216bb74a7b08fb541c1,https://zenodo.org/records/16740866,,storecomm/storecomm_t3_pp_sf_ni_00040_007.cvc.smt2,,,unsat
smt-lib-2025/QF_AUFLIA/20170829-Rodin/smt593896481169620861.smt2,27a98ec75c62b65be962c2accb21a0df467628bed7106672c37b1c22b8089268,smt-lib-2025/QF_AUFLIA,QF_AUFLIA,family-balanced 1500-input expansion,QF_AUFLIA.tar.zst,c2c164258ab5008b9b9142f64ed3dd0b39a1df7f24925216bb74a7b08fb541c1,https://zenodo.org/records/16740866,,20170829-Rodin/smt593896481169620861.smt2,,,sat
smt-lib-2025/QF_AUFLIA/swap/swap_t3_pp_nf_ai_00004_008.cvc.smt2,25dfe63c0fee2a68ec5d43c5ebbe602f733c53b6572d110213bcb43d89ba8658,smt-lib-2025/QF_AUFLIA,QF_AUFLIA,family-balanced 1500-input expansion,QF_AUFLIA.tar.zst,c2c164258ab5008b9b9142f64ed3dd0b39a1df7f24925216bb74a7b08fb541c1,https://zenodo.org/records/16740866,,swap/swap_t3_pp_nf_ai_00004_008.cvc.smt2,,,unsat
smt-lib-2025/QF_AUFLIA/storeinv/storeinv_t1_pp_nf_ai_00005_001.cvc.smt2,b1bde5ae84c83a4bb97264d4c446a874ef9f5aeadc1588dc3a613519c000c257,smt-lib-2025/QF_AUFLIA,QF_AUFLIA,family-balanced 1500-input expansion,QF_AUFLIA.tar.zst,c2c164258ab5008b9b9142f64ed3dd0b39a1df7f24925216bb74a7b08fb541c1,https://zenodo.org/records/16740866,,storeinv/storeinv_t1_pp_nf_ai_00005_001.cvc.smt2,,,unsat
smt-lib-2025/QF_AUFLIA/storecomm/storecomm_t3_pp_nf_ni_00060_003.cvc.smt2,118de1e2bc522a46aa4544f0c2cae827d66cf003ea2cf50e091d452e7228ec2a,smt-lib-2025/QF_AUFLIA,QF_AUFLIA,family-balanced 1500-input expansion,QF_AUFLIA.tar.zst,c2c164258ab5008b9b9142f64ed3dd0b39a1df7f24925216bb74a7b08fb541c1,https://zenodo.org/records/16740866,,storecomm/storecomm_t3_pp_nf_ni_00060_003.cvc.smt2,,,unsat
smt-lib-2025/QF_AUFLIA/20170829-Rodin/smt2187227346843288353.smt2,c3a4779216eea0a4e4ce96ca3bf83d18fc0ce204a3d3bbedbf0f472dedd63c02,smt-lib-2025/QF_AUFLIA,QF_AUFLIA,family-balanced 1500-input expansion,QF_AUFLIA.tar.zst,c2c164258ab5008b9b9142f64ed3dd0b39a1df7f24925216bb74a7b08fb541c1,https://zenodo.org/records/16740866,,20170829-Rodin/smt2187227346843288353.smt2,,,unsat
smt-lib-2025/QF_AUFLIA/swap/swap_invalid_t3_pp_nf_ai_00008_003.cvc.smt2,1d56a8d17cc93d028fdf89e407c2924b460d774ef5a5f01dc55699957740db18,smt-lib-2025/QF_AUFLIA,QF_AUFLIA,family-balanced 1500-input expansion,QF_AUFLIA.tar.zst,c2c164258ab5008b9b9142f64ed3dd0b39a1df7f24925216bb74a7b08fb541c1,https://zenodo.org/records/16740866,,swap/swap_invalid_t3_pp_nf_ai_00008_003.cvc.smt2,,,sat
smt-lib-2025/QF_AUFLIA/storeinv/storeinv_t1_pp_nf_ai_00006_001.cvc.smt2,a793f653299b49fa5842c62b4aef6d3f1bb817696d38bf31b13cd8a1043b472b,smt-lib-2025/QF_AUFLIA,QF_AUFLIA,family-balanced 1500-input expansion,QF_AUFLIA.tar.zst,c2c164258ab5008b9b9142f64ed3dd0b39a1df7f24925216bb74a7b08fb541c1,https://zenodo.org/records/16740866,,storeinv/storeinv_t1_pp_nf_ai_00006_001.cvc.smt2,,,unsat
smt-lib-2025/QF_AUFLIA/storecomm/storecomm_invalid_t3_pp_sf_ni_00010_007.cvc.smt2,306064a262646ccb3b52e04d7ca014b59d2516b3db0d48c0e791338ad9a451e9,smt-lib-2025/QF_AUFLIA,QF_AUFLIA,family-balanced 1500-input expansion,QF_AUFLIA.tar.zst,c2c164258ab5008b9b9142f64ed3dd0b39a1df7f24925216bb74a7b08fb541c1,https://zenodo.org/records/16740866,,storecomm/storecomm_invalid_t3_pp_sf_ni_00010_007.cvc.smt2,,,sat
smt-lib-2025/QF_AUFLIA/20170829-Rodin/smt8077224534801305670.smt2,3d0b4497a4f1d72c582b24bbc5bc697a550d588717b3beb68ab385de08b62d99,smt-lib-2025/QF_AUFLIA,QF_AUFLIA,family-balanced 1500-input expansion,QF_AUFLIA.tar.zst,c2c164258ab5008b9b9142f64ed3dd0b39a1df7f24925216bb74a7b08fb541c1,https://zenodo.org/records/16740866,,20170829-Rodin/smt8077224534801305670.smt2,,,unsat
smt-lib-2025/QF_AUFLIA/swap/swap_t3_pp_nf_ai_00005_007.cvc.smt2,217601b0350333438951b01629cdb5a7cc5ee2f4a2b5cdb5aeec0f3e2ac8d5be,smt-lib-2025/QF_AUFLIA,QF_AUFLIA,family-balanced 1500-input expansion,QF_AUFLIA.tar.zst,c2c164258ab5008b9b9142f64ed3dd0b39a1df7f24925216bb74a7b08fb541c1,https://zenodo.org/records/16740866,,swap/swap_t3_pp_nf_ai_00005_007.cvc.smt2,,,unsat
smt-lib-2025/QF_AUFLIA/storeinv/storeinv_t3_pp_sf_ai_00003_001.cvc.smt2,66aacb80406ce7d244c03bb18ae915b3311f8f334e9d802661d6fc02be3a0bca,smt-lib-2025/QF_AUFLIA,QF_AUFLIA,family-balanced 1500-input expansion,QF_AUFLIA.tar.zst,c2c164258ab5008b9b9142f64ed3dd0b39a1df7f24925216bb74a7b08fb541c1,https://zenodo.org/records/16740866,,storeinv/storeinv_t3_pp_sf_ai_00003_001.cvc.smt2,,,unsat
smt-lib-2025/QF_AUFLIA/storecomm/storecomm_invalid_t1_pp_nf_ni_00020_006.cvc.smt2,07a07b5e6a393f3e62c4aee9d40088310b32f59b63c130bd05bf94ee46fce932,smt-lib-2025/QF_AUFLIA,QF_AUFLIA,family-balanced 1500-input expansion,QF_AUFLIA.tar.zst,c2c164258ab5008b9b9142f64ed3dd0b39a1df7f24925216bb74a7b08fb541c1,https://zenodo.org/records/16740866,,storecomm/storecomm_invalid_t1_pp_nf_ni_00020_006.cvc.smt2,,,sat
smt-lib-2025/QF_AUFLIA/swap/swap_t3_pp_sf_ai_00006_004.cvc.smt2,4cbdd714c9737b4b050655b51342260d1916425d5fe1879332caa16441b54d44,smt-lib-2025/QF_AUFLIA,QF_AUFLIA,family-balanced 1500-input expansion,QF_AUFLIA.tar.zst,c2c164258ab5008b9b9142f64ed3dd0b39a1df7f24925216bb74a7b08fb541c1,https://zenodo.org/records/16740866,,swap/swap_t3_pp_sf_ai_00006_004.cvc.smt2,,,unsat
smt-lib-2025/QF_AUFLIA/20170829-Rodin/smt7033469606705066791.smt2,40a50024cae59431a2e63687a117a7d04d287075439255bb4803eb068826cd63,smt-lib-2025/QF_AUFLIA,QF_AUFLIA,family-balanced 1500-input expansion,QF_AUFLIA.tar.zst,c2c164258ab5008b9b9142f64ed3dd0b39a1df7f24925216bb74a7b08fb541c1,https://zenodo.org/records/16740866,,20170829-Rodin/smt7033469606705066791.smt2,,,unsat
smt-lib-2025/QF_AUFLIA/storeinv/storeinv_invalid_t3_pp_sf_ai_00003_001.cvc.smt2,40c3bb6d0b9c2315c8c15167e987b78a19bbc066eee6f7fc42892155f9b55afd,smt-lib-2025/QF_AUFLIA,QF_AUFLIA,family-balanced 1500-input expansion,QF_AUFLIA.tar.zst,c2c164258ab5008b9b9142f64ed3dd0b39a1df7f24925216bb74a7b08fb541c1,https://zenodo.org/records/16740866,,storeinv/storeinv_invalid_t3_pp_sf_ai_00003_001.cvc.smt2,,,sat
smt-lib-2025/QF_AUFLIA/storecomm/storecomm_invalid_t3_np_nf_ni_00050_006.cvc.smt2,bb919581d600673e4f778abcf6f535cf893a8f8f46f62c2ff76ed4b03ce6ed77,smt-lib-2025/QF_AUFLIA,QF_AUFLIA,family-balanced 1500-input expansion,QF_AUFLIA.tar.zst,c2c164258ab5008b9b9142f64ed3dd0b39a1df7f24925216bb74a7b08fb541c1,https://zenodo.org/records/16740866,,storecomm/storecomm_invalid_t3_np_nf_ni_00050_006.cvc.smt2,,,sat
smt-lib-2025/QF_AUFLIA/20170829-Rodin/smt4572245676070776514.smt2,2c45be4a39b2fe6006000e12d702555fbf2b9cfc7f0ba9e015265b1d4189b54f,smt-lib-2025/QF_AUFLIA,QF_AUFLIA,family-balanced 1500-input expansion,QF_AUFLIA.tar.zst,c2c164258ab5008b9b9142f64ed3dd0b39a1df7f24925216bb74a7b08fb541c1,https://zenodo.org/records/16740866,,20170829-Rodin/smt4572245676070776514.smt2,,,sat
smt-lib-2025/QF_AUFLIA/swap/swap_t3_pp_sf_ai_00010_007.cvc.smt2,458b395aee452a7c952d8b7d8a38546980c69f683af22032fb408e5e4d03f961,smt-lib-2025/QF_AUFLIA,QF_AUFLIA,family-balanced 1500-input expansion,QF_AUFLIA.tar.zst,c2c164258ab5008b9b9142f64ed3dd0b39a1df7f24925216bb74a7b08fb541c1,https://zenodo.org/records/16740866,,swap/swap_t3_pp_sf_ai_00010_007.cvc.smt2,,,unsat
smt-lib-2025/QF_AUFLIA/storeinv/storeinv_t1_pp_sf_ai_00006_001.cvc.smt2,930a7ba44f44ae797706f1834830e361a4e48fcc1256e872b8f54abd8c5fee5e,smt-lib-2025/QF_AUFLIA,QF_AUFLIA,family-balanced 1500-input expansion,QF_AUFLIA.tar.zst,c2c164258ab5008b9b9142f64ed3dd0b39a1df7f24925216bb74a7b08fb541c1,https://zenodo.org/records/16740866,,storeinv/storeinv_t1_pp_sf_ai_00006_001.cvc.smt2,,,unsat
smt-lib-2025/QF_AUFLIA/storecomm/storecomm_t2_np_nf_ni_00060_006.cvc.smt2,5bee09db60699eaa57ecfe10751ead671304f0582bb8d3b3674179aa07f8fed1,smt-lib-2025/QF_AUFLIA,QF_AUFLIA,family-balanced 1500-input expansion,QF_AUFLIA.tar.zst,c2c164258ab5008b9b9142f64ed3dd0b39a1df7f24925216bb74a7b08fb541c1,https://zenodo.org/records/16740866,,storecomm/storecomm_t2_np_nf_ni_00060_006.cvc.smt2,,,unsat
smt-lib-2025/QF_AUFLIA/20170829-Rodin/smt3708937932107853478.smt2,4e0afb5c205a05ca4d8d04de4922b5805033177a9b4f2f11b0cc1e474ef10e71,smt-lib-2025/QF_AUFLIA,QF_AUFLIA,family-balanced 1500-input expansion,QF_AUFLIA.tar.zst,c2c164258ab5008b9b9142f64ed3dd0b39a1df7f24925216bb74a7b08fb541c1,https://zenodo.org/records/16740866,,20170829-Rodin/smt3708937932107853478.smt2,,,unsat
smt-lib-2025/QF_AUFLIA/swap/swap_invalid_t1_pp_sf_ai_00007_007.cvc.smt2,63bc3644c85cfaf64f59927b6b44b966b33d15ed6a16dc5c343ed9e3f3c38dfd,smt-lib-2025/QF_AUFLIA,QF_AUFLIA,family-balanced 1500-input expansion,QF_AUFLIA.tar.zst,c2c164258ab5008b9b9142f64ed3dd0b39a1df7f24925216bb74a7b08fb541c1,https://zenodo.org/records/16740866,,swap/swap_invalid_t1_pp_sf_ai_00007_007.cvc.smt2,,,sat
smt-lib-2025/QF_AUFLIA/storeinv/storeinv_invalid_t1_pp_sf_ai_00008_001.cvc.smt2,d7860b920c7648744618920b239fe2265fe0fb2a75bfc85c428259d8e4d81fb3,smt-lib-2025/QF_AUFLIA,QF_AUFLIA,family-balanced 1500-input expansion,QF_AUFLIA.tar.zst,c2c164258ab5008b9b9142f64ed3dd0b39a1df7f24925216bb74a7b08fb541c1,https://zenodo.org/records/16740866,,storeinv/storeinv_invalid_t1_pp_sf_ai_00008_001.cvc.smt2,,,sat
smt-lib-2025/QF_AUFLIA/storecomm/storecomm_invalid_t3_pp_nf_ni_00020_001.cvc.smt2,6251c0b8f4fe276ecf65548239c703a4ec054d77f1e5686782e85933a657bba5,smt-lib-2025/QF_AUFLIA,QF_AUFLIA,family-balanced 1500-input expansion,QF_AUFLIA.tar.zst,c2c164258ab5008b9b9142f64ed3dd0b39a1df7f24925216bb74a7b08fb541c1,https://zenodo.org/records/16740866,,storecomm/storecomm_invalid_t3_pp_nf_ni_00020_001.cvc.smt2,,,sat
smt-lib-2025/QF_AUFLIA/swap/swap_invalid_t1_pp_sf_ai_00006_009.cvc.smt2,29d740f47d4c2706f948ca5b856e9a4b6924e3322ed6af5865404502c6c896f6,smt-lib-2025/QF_AUFLIA,QF_AUFLIA,family-balanced 1500-input expansion,QF_AUFLIA.tar.zst,c2c164258ab5008b9b9142f64ed3dd0b39a1df7f24925216bb74a7b08fb541c1,https://zenodo.org/records/16740866,,swap/swap_invalid_t1_pp_sf_ai_00006_009.cvc.smt2,,,sat
smt-lib-2025/QF_AUFLIA/20170829-Rodin/smt8706308851182253950.smt2,1bfb4f5ad436e62144679776027fb2b46b7f6c85b394d217dcf43eae6870496e,smt-lib-2025/QF_AUFLIA,QF_AUFLIA,family-balanced 1500-input expansion,QF_AUFLIA.tar.zst,c2c164258ab5008b9b9142f64ed3dd0b39a1df7f24925216bb74a7b08fb541c1,https://zenodo.org/records/16740866,,20170829-Rodin/smt8706308851182253950.smt2,,,sat
smt-lib-2025/QF_AUFLIA/storeinv/storeinv_invalid_t1_pp_nf_ai_00010_001.cvc.smt2,58dcb2acbfebb001873c39e2df813a38be46c46b774f40f735337daee8f671ad,smt-lib-2025/QF_AUFLIA,QF_AUFLIA,family-balanced 1500-input expansion,QF_AUFLIA.tar.zst,c2c164258ab5008b9b9142f64ed3dd0b39a1df7f24925216bb74a7b08fb541c1,https://zenodo.org/records/16740866,,storeinv/storeinv_invalid_t1_pp_nf_ai_00010_001.cvc.smt2,,,sat
smt-lib-2025/QF_AUFLIA/storecomm/storecomm_invalid_t1_pp_nf_ni_00020_002.cvc.smt2,daedec55b6f6cd65186bdb494e4a07954cc56f9a208281987aede25ff15cf6ba,smt-lib-2025/QF_AUFLIA,QF_AUFLIA,family-balanced 1500-input expansion,QF_AUFLIA.tar.zst,c2c164258ab5008b9b9142f64ed3dd0b39a1df7f24925216bb74a7b08fb541c1,https://zenodo.org/records/16740866,,storecomm/storecomm_invalid_t1_pp_nf_ni_00020_002.cvc.smt2,,,sat
smt-lib-2025/QF_AUFLIA/swap/swap_invalid_t1_pp_nf_ai_00004_009.cvc.smt2,224be439a1c64ecde7862613b7d9af611c686b934d82df2a25de5b0cfe0ff3b9,smt-lib-2025/QF_AUFLIA,QF_AUFLIA,family-balanced 1500-input expansion,QF_AUFLIA.tar.zst,c2c164258ab5008b9b9142f64ed3dd0b39a1df7f24925216bb74a7b08fb541c1,https://zenodo.org/records/16740866,,swap/swap_invalid_t1_pp_nf_ai_00004_009.cvc.smt2,,,sat
smt-lib-2025/QF_AUFLIA/20170829-Rodin/smt2524590214650541314.smt2,543b5592254e1317b5638fad78584f9b971375d18bc907ecbc10e96baa6fc760,smt-lib-2025/QF_AUFLIA,QF_AUFLIA,family-balanced 1500-input expansion,QF_AUFLIA.tar.zst,c2c164258ab5008b9b9142f64ed3dd0b39a1df7f24925216bb74a7b08fb541c1,https://zenodo.org/records/16740866,,20170829-Rodin/smt2524590214650541314.smt2,,,unsat
smt-lib-2025/QF_AUFLIA/storeinv/storeinv_invalid_t1_pp_sf_ai_00007_001.cvc.smt2,a586013e59808a684230cc8a1ee42772488c9c42389b674e02260b5da25d8ef5,smt-lib-2025/QF_AUFLIA,QF_AUFLIA,family-balanced 1500-input expansion,QF_AUFLIA.tar.zst,c2c164258ab5008b9b9142f64ed3dd0b39a1df7f24925216bb74a7b08fb541c1,https://zenodo.org/records/16740866,,storeinv/storeinv_invalid_t1_pp_sf_ai_00007_001.cvc.smt2,,,sat
smt-lib-2025/QF_AUFLIA/storecomm/storecomm_invalid_t1_pp_sf_ai_00010_008.cvc.smt2,9458a830d4face7743e611c4bf600670207b0fbcd2db932da23f17e78f49e9eb,smt-lib-2025/QF_AUFLIA,QF_AUFLIA,family-balanced 1500-input expansion,QF_AUFLIA.tar.zst,c2c164258ab5008b9b9142f64ed3dd0b39a1df7f24925216bb74a7b08fb541c1,https://zenodo.org/records/16740866,,storecomm/storecomm_invalid_t1_pp_sf_ai_00010_008.cvc.smt2,,,sat
smt-lib-2025/QF_AUFLIA/swap/swap_t1_pp_sf_ai_00004_001.cvc.smt2,f07c3ae5452de778bd4f1114db7b00a1829e5c85acfbddcf33dacc6907efd656,smt-lib-2025/QF_AUFLIA,QF_AUFLIA,family-balanced 1500-input expansion,QF_AUFLIA.tar.zst,c2c164258ab5008b9b9142f64ed3dd0b39a1df7f24925216bb74a7b08fb541c1,https://zenodo.org/records/16740866,,swap/swap_t1_pp_sf_ai_00004_001.cvc.smt2,,,unsat
smt-lib-2025/QF_AUFLIA/20170829-Rodin/smt570363212685114932.smt2,f4a08ff6beb91de261bfe439749e4e3ec4205073fec5ac11fd69249856360d39,smt-lib-2025/QF_AUFLIA,QF_AUFLIA,family-balanced 1500-input expansion,QF_AUFLIA.tar.zst,c2c164258ab5008b9b9142f64ed3dd0b39a1df7f24925216bb74a7b08fb541c1,https://zenodo.org/records/16740866,,20170829-Rodin/smt570363212685114932.smt2,,,unsat
smt-lib-2025/QF_AUFLIA/storeinv/storeinv_invalid_t1_pp_nf_ai_00006_001.cvc.smt2,64293e52ae5fabef08cec0e5ab8603581cb0c74ccffccf8003c03c3aa7f06c29,smt-lib-2025/QF_AUFLIA,QF_AUFLIA,family-balanced 1500-input expansion,QF_AUFLIA.tar.zst,c2c164258ab5008b9b9142f64ed3dd0b39a1df7f24925216bb74a7b08fb541c1,https://zenodo.org/records/16740866,,storeinv/storeinv_invalid_t1_pp_nf_ai_00006_001.cvc.smt2,,,sat
smt-lib-2025/QF_AUFLIA/storecomm/storecomm_invalid_t1_pp_sf_ni_00020_002.cvc.smt2,aef59111063bd1606373b1a57bd8808f166a4112305edd9388a373b17df5d0c3,smt-lib-2025/QF_AUFLIA,QF_AUFLIA,family-balanced 1500-input expansion,QF_AUFLIA.tar.zst,c2c164258ab5008b9b9142f64ed3dd0b39a1df7f24925216bb74a7b08fb541c1,https://zenodo.org/records/16740866,,storecomm/storecomm_invalid_t1_pp_sf_ni_00020_002.cvc.smt2,,,sat
smt-lib-2025/QF_AUFLIA/swap/swap_invalid_t1_pp_nf_ai_00008_007.cvc.smt2,f087a5fe84a992f3eb0d0647f2d245ebe53a4f5630ad4cc9ce22218f7af5569b,smt-lib-2025/QF_AUFLIA,QF_AUFLIA,family-balanced 1500-input expansion,QF_AUFLIA.tar.zst,c2c164258ab5008b9b9142f64ed3dd0b39a1df7f24925216bb74a7b08fb541c1,https://zenodo.org/records/16740866,,swap/swap_invalid_t1_pp_nf_ai_00008_007.cvc.smt2,,,sat
smt-lib-2025/QF_AUFLIA/20170829-Rodin/smt7006792903852855302.smt2,8b1bdd51bf1e775837c5fd9bc3f0b89f0248546cdd1d91f0f828e05a3a82eca6,smt-lib-2025/QF_AUFLIA,QF_AUFLIA,family-balanced 1500-input expansion,QF_AUFLIA.tar.zst,c2c164258ab5008b9b9142f64ed3dd0b39a1df7f24925216bb74a7b08fb541c1,https://zenodo.org/records/16740866,,20170829-Rodin/smt7006792903852855302.smt2,,,unsat
smt-lib-2025/QF_AUFLIA/storeinv/storeinv_t1_pp_nf_ai_00001_001.cvc.smt2,c1c6341c1eb3710b797c2be23ffbfa15482554e2ec4ca342c3faa4ae09b356e2,smt-lib-2025/QF_AUFLIA,QF_AUFLIA,family-balanced 1500-input expansion,QF_AUFLIA.tar.zst,c2c164258ab5008b9b9142f64ed3dd0b39a1df7f24925216bb74a7b08fb541c1,https://zenodo.org/records/16740866,,storeinv/storeinv_t1_pp_nf_ai_00001_001.cvc.smt2,,,unsat
smt-lib-2025/QF_AUFLIA/storecomm/storecomm_t2_np_sf_ni_00060_009.cvc.smt2,b29a5814c801d6481c8cf6b4f9e2ea660f052131d53a3102cf09b01d6c7238ac,smt-lib-2025/QF_AUFLIA,QF_AUFLIA,family-balanced 1500-input expansion,QF_AUFLIA.tar.zst,c2c164258ab5008b9b9142f64ed3dd0b39a1df7f24925216bb74a7b08fb541c1,https://zenodo.org/records/16740866,,storecomm/storecomm_t2_np_sf_ni_00060_009.cvc.smt2,,,unsat
smt-lib-2025/QF_AUFLIA/swap/swap_invalid_t1_pp_sf_ai_00002_002.cvc.smt2,7c721ccec6ac26116e58d039f1aee257949e036dc2ce487553851850d71f7334,smt-lib-2025/QF_AUFLIA,QF_AUFLIA,family-balanced 1500-input expansion,QF_AUFLIA.tar.zst,c2c164258ab5008b9b9142f64ed3dd0b39a1df7f24925216bb74a7b08fb541c1,https://zenodo.org/records/16740866,,swap/swap_invalid_t1_pp_sf_ai_00002_002.cvc.smt2,,,sat
smt-lib-2025/QF_AUFLIA/20170829-Rodin/smt2905633022829326820.smt2,4b9b7e9a5c647b76444902c38cf96d5411953e607b3f78eb4c8f11a44f6dd984,smt-lib-2025/QF_AUFLIA,QF_AUFLIA,family-balanced 1500-input expansion,QF_AUFLIA.tar.zst,c2c164258ab5008b9b9142f64ed3dd0b39a1df7f24925216bb74a7b08fb541c1,https://zenodo.org/records/16740866,,20170829-Rodin/smt2905633022829326820.smt2,,,unsat
smt-lib-2025/QF_AUFLIA/storeinv/storeinv_t3_pp_sf_ai_00008_001.cvc.smt2,60547753e9ff0f74f53c5bac7cd368eca8c6b74d4eef0ddc8d46e0d4b3dfb0ac,smt-lib-2025/QF_AUFLIA,QF_AUFLIA,family-balanced 1500-input expansion,QF_AUFLIA.tar.zst,c2c164258ab5008b9b9142f64ed3dd0b39a1df7f24925216bb74a7b08fb541c1,https://zenodo.org/records/16740866,,storeinv/storeinv_t3_pp_sf_ai_00008_001.cvc.smt2,,,unsat
smt-lib-2025/QF_AUFLIA/storecomm/storecomm_invalid_t3_np_sf_ni_00040_006.cvc.smt2,126b101f527468afeb9ee7c25170cf67b64ec882774869ac7751281a87c823ac,smt-lib-2025/QF_AUFLIA,QF_AUFLIA,family-balanced 1500-input expansion,QF_AUFLIA.tar.zst,c2c164258ab5008b9b9142f64ed3dd0b39a1df7f24925216bb74a7b08fb541c1,https://zenodo.org/records/16740866,,storecomm/storecomm_invalid_t3_np_sf_ni_00040_006.cvc.smt2,,,sat
smt-lib-2025/QF_AUFLIA/swap/swap_invalid_t1_pp_sf_ai_00007_008.cvc.smt2,0422470c498717cb436bc443b7559a3033673e071030af1be531e0bffb283d32,smt-lib-2025/QF_AUFLIA,QF_AUFLIA,family-balanced 1500-input expansion,QF_AUFLIA.tar.zst,c2c164258ab5008b9b9142f64ed3dd0b39a1df7f24925216bb74a7b08fb541c1,https://zenodo.org/records/16740866,,swap/swap_invalid_t1_pp_sf_ai_00007_008.cvc.smt2,,,sat
smt-lib-2025/QF_AUFLIA/20170829-Rodin/smt672151100080778092.smt2,45a40f2cdbb5600155cfefcbaf0e3a87c8a1e120f92c6eec0de0f69829f0d89a,smt-lib-2025/QF_AUFLIA,QF_AUFLIA,family-balanced 1500-input expansion,QF_AUFLIA.tar.zst,c2c164258ab5008b9b9142f64ed3dd0b39a1df7f24925216bb74a7b08fb541c1,https://zenodo.org/records/16740866,,20170829-Rodin/smt672151100080778092.smt2,,,sat
smt-lib-2025/QF_AUFLIA/storeinv/storeinv_t3_pp_nf_ai_00007_001.cvc.smt2,bb1367c1f6ba021df65b425d45591a7482344d451f6ddee492a7fcdbf8b5476a,smt-lib-2025/QF_AUFLIA,QF_AUFLIA,family-balanced 1500-input expansion,QF_AUFLIA.tar.zst,c2c164258ab5008b9b9142f64ed3dd0b39a1df7f24925216bb74a7b08fb541c1,https://zenodo.org/records/16740866,,storeinv/storeinv_t3_pp_nf_ai_00007_001.cvc.smt2,,,unsat
smt-lib-2025/QF_AUFLIA/storecomm/storecomm_t1_np_nf_ni_00050_004.cvc.smt2,2aa0e40e9f0eaf21d8f6c614d4bcee46f2b027ce1031c65525d89dcefd8847e8,smt-lib-2025/QF_AUFLIA,QF_AUFLIA,family-balanced 1500-input expansion,QF_AUFLIA.tar.zst,c2c164258ab5008b9b9142f64ed3dd0b39a1df7f24925216bb74a7b08fb541c1,https://zenodo.org/records/16740866,,storecomm/storecomm_t1_np_nf_ni_00050_004.cvc.smt2,,,unsat
smt-lib-2025/QF_AUFLIA/swap/swap_t1_pp_sf_ai_00006_006.cvc.smt2,2e209a4907bc85339d47da9311e6db85683c9e8e380c42b520954b615a3465ff,smt-lib-2025/QF_AUFLIA,QF_AUFLIA,family-balanced 1500-input expansion,QF_AUFLIA.tar.zst,c2c164258ab5008b9b9142f64ed3dd0b39a1df7f24925216bb74a7b08fb541c1,https://zenodo.org/records/16740866,,swap/swap_t1_pp_sf_ai_00006_006.cvc.smt2,,,unsat
smt-lib-2025/QF_AUFLIA/20170829-Rodin/smt2931782982977550988.smt2,825b161966fa8213a2ab64475884a1dd0bcba00f9ae6f643c794eef867944de1,smt-lib-2025/QF_AUFLIA,QF_AUFLIA,family-balanced 1500-input expansion,QF_AUFLIA.tar.zst,c2c164258ab5008b9b9142f64ed3dd0b39a1df7f24925216bb74a7b08fb541c1,https://zenodo.org/records/16740866,,20170829-Rodin/smt2931782982977550988.smt2,,,sat
smt-lib-2025/QF_AUFLIA/storeinv/storeinv_t1_pp_sf_ai_00004_001.cvc.smt2,80a73e9a789ee621078825a5a6f61dfee26bd23f27f658cb00f3b82fd75acd73,smt-lib-2025/QF_AUFLIA,QF_AUFLIA,family-balanced 1500-input expansion,QF_AUFLIA.tar.zst,c2c164258ab5008b9b9142f64ed3dd0b39a1df7f24925216bb74a7b08fb541c1,https://zenodo.org/records/16740866,,storeinv/storeinv_t1_pp_sf_ai_00004_001.cvc.smt2,,,unsat
smt-lib-2025/QF_AUFLIA/storecomm/storecomm_t2_np_sf_ni_00050_003.cvc.smt2,a3aa7b7ad9c7401f1d29227e3eb62f34083ff2fc6041070d4b35f5f90a7afd2b,smt-lib-2025/QF_AUFLIA,QF_AUFLIA,family-balanced 1500-input expansion,QF_AUFLIA.tar.zst,c2c164258ab5008b9b9142f64ed3dd0b39a1df7f24925216bb74a7b08fb541c1,https://zenodo.org/records/16740866,,storecomm/storecomm_t2_np_sf_ni_00050_003.cvc.smt2,,,unsat
smt-lib-2025/QF_AUFLIA/swap/swap_invalid_t3_pp_nf_ai_00003_007.cvc.smt2,daa8e103c3a1cc7f8b4f4ca5ce66fefdac3a3b97e87d2c09a125b6f3dfd193e9,smt-lib-2025/QF_AUFLIA,QF_AUFLIA,family-balanced 1500-input expansion,QF_AUFLIA.tar.zst,c2c164258ab5008b9b9142f64ed3dd0b39a1df7f24925216bb74a7b08fb541c1,https://zenodo.org/records/16740866,,swap/swap_invalid_t3_pp_nf_ai_00003_007.cvc.smt2,,,sat
smt-lib-2025/QF_AUFLIA/20170829-Rodin/smt2360244902319652454.smt2,482029f69c2b7f8c90337269e51494ce1acfde1926947eca2c3341e5c483c492,smt-lib-2025/QF_AUFLIA,QF_AUFLIA,family-balanced 1500-input expansion,QF_AUFLIA.tar.zst,c2c164258ab5008b9b9142f64ed3dd0b39a1df7f24925216bb74a7b08fb541c1,https://zenodo.org/records/16740866,,20170829-Rodin/smt2360244902319652454.smt2,,,unsat
smt-lib-2025/QF_AUFLIA/storeinv/storeinv_invalid_t3_pp_nf_ai_00008_001.cvc.smt2,798815bf7d0e9a9649fb37827829d4ca499a1e75903e72ad4ad7086d8d87bb31,smt-lib-2025/QF_AUFLIA,QF_AUFLIA,family-balanced 1500-input expansion,QF_AUFLIA.tar.zst,c2c164258ab5008b9b9142f64ed3dd0b39a1df7f24925216bb74a7b08fb541c1,https://zenodo.org/records/16740866,,storeinv/storeinv_invalid_t3_pp_nf_ai_00008_001.cvc.smt2,,,sat
smt-lib-2025/QF_AUFLIA/storecomm/storecomm_invalid_t1_np_sf_ni_00030_002.cvc.smt2,8b08b3d740ec990168ddd06d06e26bc0b7099b4f7a840ee3a52da9e9f22cda26,smt-lib-2025/QF_AUFLIA,QF_AUFLIA,family-balanced 1500-input expansion,QF_AUFLIA.tar.zst,c2c164258ab5008b9b9142f64ed3dd0b39a1df7f24925216bb74a7b08fb541c1,https://zenodo.org/records/16740866,,storecomm/storecomm_invalid_t1_np_sf_ni_00030_002.cvc.smt2,,,sat
smt-lib-2025/QF_AUFLIA/swap/swap_invalid_t3_pp_sf_ai_00008_008.cvc.smt2,6895e2edc3380e8d2181b22cf727fb0a0ad9d19c4a02a72fd83c1dcf39f580b1,smt-lib-2025/QF_AUFLIA,QF_AUFLIA,family-balanced 1500-input expansion,QF_AUFLIA.tar.zst,c2c164258ab5008b9b9142f64ed3dd0b39a1df7f24925216bb74a7b08fb541c1,https://zenodo.org/records/16740866,,swap/swap_invalid_t3_pp_sf_ai_00008_008.cvc.smt2,,,sat
smt-lib-2025/QF_AUFLIA/20170829-Rodin/smt7534652473557877715.smt2,aa3489c8844cb4e5d1c66d71cc1f382ab125c46c7b9997c8a571ea6bd4723ae1,smt-lib-2025/QF_AUFLIA,QF_AUFLIA,family-balanced 1500-input expansion,QF_AUFLIA.tar.zst,c2c164258ab5008b9b9142f64ed3dd0b39a1df7f24925216bb74a7b08fb541c1,https://zenodo.org/records/16740866,,20170829-Rodin/smt7534652473557877715.smt2,,,unsat
smt-lib-2025/QF_AUFLIA/storeinv/storeinv_invalid_t3_pp_sf_ai_00004_001.cvc.smt2,049beb16da1c3612bb03f26392251839b23f67b5beed8dc3ddb8001a2f9ac766,smt-lib-2025/QF_AUFLIA,QF_AUFLIA,family-balanced 1500-input expansion,QF_AUFLIA.tar.zst,c2c164258ab5008b9b9142f64ed3dd0b39a1df7f24925216bb74a7b08fb541c1,https://zenodo.org/records/16740866,,storeinv/storeinv_invalid_t3_pp_sf_ai_00004_001.cvc.smt2,,,sat
smt-lib-2025/QF_AUFLIA/storecomm/storecomm_t1_pp_nf_ni_00060_005.cvc.smt2,c4b77191d0fc48a122899ab31c43d178321fd74be92d784b9a0db10deefdd73a,smt-lib-2025/QF_AUFLIA,QF_AUFLIA,family-balanced 1500-input expansion,QF_AUFLIA.tar.zst,c2c164258ab5008b9b9142f64ed3dd0b39a1df7f24925216bb74a7b08fb541c1,https://zenodo.org/records/16740866,,storecomm/storecomm_t1_pp_nf_ni_00060_005.cvc.smt2,,,unsat
smt-lib-2025/QF_AUFLIA/swap/swap_invalid_t1_pp_nf_ai_00009_009.cvc.smt2,7345c795b64b656f1f1ed9cac341447164fe519766f9eaf8f0a4e36cc2b90842,smt-lib-2025/QF_AUFLIA,QF_AUFLIA,family-balanced 1500-input expansion,QF_AUFLIA.tar.zst,c2c164258ab5008b9b9142f64ed3dd0b39a1df7f24925216bb74a7b08fb541c1,https://zenodo.org/records/16740866,,swap/swap_invalid_t1_pp_nf_ai_00009_009.cvc.smt2,,,sat
smt-lib-2025/QF_AUFLIA/20170829-Rodin/smt3150137541310906277.smt2,ab16e8a379240b72273215fdf1c09c1cc39c4ad955e2dec7e73a2e2a9326b171,smt-lib-2025/QF_AUFLIA,QF_AUFLIA,family-balanced 1500-input expansion,QF_AUFLIA.tar.zst,c2c164258ab5008b9b9142f64ed3dd0b39a1df7f24925216bb74a7b08fb541c1,https://zenodo.org/records/16740866,,20170829-Rodin/smt3150137541310906277.smt2,,,unsat
smt-lib-2025/QF_AUFLIA/storeinv/storeinv_invalid_t1_pp_sf_ai_00009_001.cvc.smt2,73a51379c6772cf4e286bbe2ecf00d346c0d2397561ac210ad00186e63667702,smt-lib-2025/QF_AUFLIA,QF_AUFLIA,family-balanced 1500-input expansion,QF_AUFLIA.tar.zst,c2c164258ab5008b9b9142f64ed3dd0b39a1df7f24925216bb74a7b08fb541c1,https://zenodo.org/records/16740866,,storeinv/storeinv_invalid_t1_pp_sf_ai_00009_001.cvc.smt2,,,sat
smt-lib-2025/QF_AUFLIA/storecomm/storecomm_t2_np_sf_ni_00010_008.cvc.smt2,f4a8def830e1dd5147fb9a442c5c059ed3649061622a5cd712117fa9d9e828b4,smt-lib-2025/QF_AUFLIA,QF_AUFLIA,family-balanced 1500-input expansion,QF_AUFLIA.tar.zst,c2c164258ab5008b9b9142f64ed3dd0b39a1df7f24925216bb74a7b08fb541c1,https://zenodo.org/records/16740866,,storecomm/storecomm_t2_np_sf_ni_00010_008.cvc.smt2,,,unsat
smt-lib-2025/QF_AUFLIA/swap/swap_t3_pp_sf_ai_00007_007.cvc.smt2,a9680f2f66fd779b4068c082fb5a6ea3e0b055a3b25cfca18dc19c27a5b812fb,smt-lib-2025/QF_AUFLIA,QF_AUFLIA,family-balanced 1500-input expansion,QF_AUFLIA.tar.zst,c2c164258ab5008b9b9142f64ed3dd0b39a1df7f24925216bb74a7b08fb541c1,https://zenodo.org/records/16740866,,swap/swap_t3_pp_sf_ai_00007_007.cvc.smt2,,,unsat
smt-lib-2025/QF_AUFLIA/20170829-Rodin/smt373337730591991193.smt2,c3bdc0f30b9c0dbbb7393bb33b18d805b0b11f3752eed89c0247cdeb07922cd9,smt-lib-2025/QF_AUFLIA,QF_AUFLIA,family-balanced 1500-input expansion,QF_AUFLIA.tar.zst,c2c164258ab5008b9b9142f64ed3dd0b39a1df7f24925216bb74a7b08fb541c1,https://zenodo.org/records/16740866,,20170829-Rodin/smt373337730591991193.smt2,,,unsat
smt-lib-2025/QF_AUFLIA/storecomm/storecomm_t3_np_sf_ni_00040_007.cvc.smt2,a07d0a08358a5bdfc45b67de0625bdb905be109f123ae1cf67b3556ce5cf9d25,smt-lib-2025/QF_AUFLIA,QF_AUFLIA,family-balanced 1500-input expansion,QF_AUFLIA.tar.zst,c2c164258ab5008b9b9142f64ed3dd0b39a1df7f24925216bb74a7b08fb541c1,https://zenodo.org/records/16740866,,storecomm/storecomm_t3_np_sf_ni_00040_007.cvc.smt2,,,unsat
smt-lib-2025/QF_AUFLIA/swap/swap_invalid_t1_pp_nf_ai_00007_008.cvc.smt2,67f61fdec1f68f525bd7a2a4c21774551d71c1f3d650d9643c85e26fe832ab9c,smt-lib-2025/QF_AUFLIA,QF_AUFLIA,family-balanced 1500-input expansion,QF_AUFLIA.tar.zst,c2c164258ab5008b9b9142f64ed3dd0b39a1df7f24925216bb74a7b08fb541c1,https://zenodo.org/records/16740866,,swap/swap_invalid_t1_pp_nf_ai_00007_008.cvc.smt2,,,sat
smt-lib-2025/QF_AUFLIA/20170829-Rodin/smt1524375163231819094.smt2,b6be3709a698ac84676c2959632ed3b44a09c25f1986d03c825be0535beb5304,smt-lib-2025/QF_AUFLIA,QF_AUFLIA,family-balanced 1500-input expansion,QF_AUFLIA.tar.zst,c2c164258ab5008b9b9142f64ed3dd0b39a1df7f24925216bb74a7b08fb541c1,https://zenodo.org/records/16740866,,20170829-Rodin/smt1524375163231819094.smt2,,,unsat
smt-lib-2025/QF_AUFLIA/storecomm/storecomm_t1_pp_nf_ai_00020_002.cvc.smt2,cac0399db29dcdd83cd2e10724f0eebd2b07a949e6cba0f6ac4dd497597b8fcc,smt-lib-2025/QF_AUFLIA,QF_AUFLIA,family-balanced 1500-input expansion,QF_AUFLIA.tar.zst,c2c164258ab5008b9b9142f64ed3dd0b39a1df7f24925216bb74a7b08fb541c1,https://zenodo.org/records/16740866,,storecomm/storecomm_t1_pp_nf_ai_00020_002.cvc.smt2,,,unsat
smt-lib-2025/QF_AUFLIA/swap/swap_t1_pp_nf_ai_00008_008.cvc.smt2,bfa128fc85e356da4ee93ad473120d0056ea445fc270101897a8c28e43421303,smt-lib-2025/QF_AUFLIA,QF_AUFLIA,family-balanced 1500-input expansion,QF_AUFLIA.tar.zst,c2c164258ab5008b9b9142f64ed3dd0b39a1df7f24925216bb74a7b08fb541c1,https://zenodo.org/records/16740866,,swap/swap_t1_pp_nf_ai_00008_008.cvc.smt2,,,unsat
smt-lib-2025/QF_AUFLIA/20170829-Rodin/smt7960645538533115809.smt2,6dda06029f3beba9f078b747b0bd6b630fd3dcfe03e92c31e4aa61f26e701265,smt-lib-2025/QF_AUFLIA,QF_AUFLIA,family-balanced 1500-input expansion,QF_AUFLIA.tar.zst,c2c164258ab5008b9b9142f64ed3dd0b39a1df7f24925216bb74a7b08fb541c1,https://zenodo.org/records/16740866,,20170829-Rodin/smt7960645538533115809.smt2,,,unsat
smt-lib-2025/QF_AUFLIA/storecomm/storecomm_invalid_t3_np_nf_ni_00040_005.cvc.smt2,8cde4147dcf25580244298fc6501527cabef3be24ba5402fc065e1e10382caed,smt-lib-2025/QF_AUFLIA,QF_AUFLIA,family-balanced 1500-input expansion,QF_AUFLIA.tar.zst,c2c164258ab5008b9b9142f64ed3dd0b39a1df7f24925216bb74a7b08fb541c1,https://zenodo.org/records/16740866,,storecomm/storecomm_invalid_t3_np_nf_ni_00040_005.cvc.smt2,,,sat
smt-lib-2025/QF_AUFLIA/swap/swap_t1_pp_nf_ai_00002_001.cvc.smt2,6039230d76c07be540ff2558addb790ae84d43f85bca02b5ebbc870d3499fb06,smt-lib-2025/QF_AUFLIA,QF_AUFLIA,family-balanced 1500-input expansion,QF_AUFLIA.tar.zst,c2c164258ab5008b9b9142f64ed3dd0b39a1df7f24925216bb74a7b08fb541c1,https://zenodo.org/records/16740866,,swap/swap_t1_pp_nf_ai_00002_001.cvc.smt2,,,unsat
smt-lib-2025/QF_AUFLIA/20170829-Rodin/smt3580158146100843999.smt2,b4f2d0270fd95d33928fe02874e760efb2a46d5b3ef9b148c4c3157afc56dfea,smt-lib-2025/QF_AUFLIA,QF_AUFLIA,family-balanced 1500-input expansion,QF_AUFLIA.tar.zst,c2c164258ab5008b9b9142f64ed3dd0b39a1df7f24925216bb74a7b08fb541c1,https://zenodo.org/records/16740866,,20170829-Rodin/smt3580158146100843999.smt2,,,unsat
smt-lib-2025/QF_AUFLIA/storecomm/storecomm_invalid_t1_np_nf_ni_00040_003.cvc.smt2,47b0d5c07b1008ea4a37a5c638ea97ba7415b02ed310ae376ce3c4273dc49775,smt-lib-2025/QF_AUFLIA,QF_AUFLIA,family-balanced 1500-input expansion,QF_AUFLIA.tar.zst,c2c164258ab5008b9b9142f64ed3dd0b39a1df7f24925216bb74a7b08fb541c1,https://zenodo.org/records/16740866,,storecomm/storecomm_invalid_t1_np_nf_ni_00040_003.cvc.smt2,,,sat
smt-lib-2025/QF_AUFLIA/swap/swap_t1_pp_nf_ai_00008_009.cvc.smt2,ba215dccc42ee5a1b3e43a8a16fd8f804744b35bde6b023444f4410e9c8323d6,smt-lib-2025/QF_AUFLIA,QF_AUFLIA,family-balanced 1500-input expansion,QF_AUFLIA.tar.zst,c2c164258ab5008b9b9142f64ed3dd0b39a1df7f24925216bb74a7b08fb541c1,https://zenodo.org/records/16740866,,swap/swap_t1_pp_nf_ai_00008_009.cvc.smt2,,,unsat
smt-lib-2025/QF_AUFLIA/20170829-Rodin/smt8792219215910766754.smt2,f4f18a3356c67abf04d5d18e5dae753b8e377f75a6f12c717d75b55fa4022748,smt-lib-2025/QF_AUFLIA,QF_AUFLIA,family-balanced 1500-input expansion,QF_AUFLIA.tar.zst,c2c164258ab5008b9b9142f64ed3dd0b39a1df7f24925216bb74a7b08fb541c1,https://zenodo.org/records/16740866,,20170829-Rodin/smt8792219215910766754.smt2,,,unsat
smt-lib-2025/QF_AUFLIA/storecomm/storecomm_invalid_t3_pp_nf_ni_00020_009.cvc.smt2,906e3e26349bf737850cb44dea43d3a392284032d901d99ed9d354082d0cb0e0,smt-lib-2025/QF_AUFLIA,QF_AUFLIA,family-balanced 1500-input expansion,QF_AUFLIA.tar.zst,c2c164258ab5008b9b9142f64ed3dd0b39a1df7f24925216bb74a7b08fb541c1,https://zenodo.org/records/16740866,,storecomm/storecomm_invalid_t3_pp_nf_ni_00020_009.cvc.smt2,,,sat
smt-lib-2025/QF_AUFLIA/swap/swap_invalid_t1_pp_nf_ai_00009_002.cvc.smt2,87e320be2d106cd35528649112d71d858b5e410f90ec15da86cb7fa68ae1eba6,smt-lib-2025/QF_AUFLIA,QF_AUFLIA,family-balanced 1500-input expansion,QF_AUFLIA.tar.zst,c2c164258ab5008b9b9142f64ed3dd0b39a1df7f24925216bb74a7b08fb541c1,https://zenodo.org/records/16740866,,swap/swap_invalid_t1_pp_nf_ai_00009_002.cvc.smt2,,,sat
smt-lib-2025/QF_AUFLIA/20170829-Rodin/smt7809753410478836385.smt2,66f7e40020517a1130254eeaf6791f474737f586c70e3a44c50cfec7d232d5f4,smt-lib-2025/QF_AUFLIA,QF_AUFLIA,family-balanced 1500-input expansion,QF_AUFLIA.tar.zst,c2c164258ab5008b9b9142f64ed3dd0b39a1df7f24925216bb74a7b08fb541c1,https://zenodo.org/records/16740866,,20170829-Rodin/smt7809753410478836385.smt2,,,sat
smt-lib-2025/QF_AUFLIA/storecomm/storecomm_invalid_t3_pp_sf_ai_00020_004.cvc.smt2,bb09258f836e0fc85f61f65520a090d0de11f9797970f0da2bfb1b69c3f4a10b,smt-lib-2025/QF_AUFLIA,QF_AUFLIA,family-balanced 1500-input expansion,QF_AUFLIA.tar.zst,c2c164258ab5008b9b9142f64ed3dd0b39a1df7f24925216bb74a7b08fb541c1,https://zenodo.org/records/16740866,,storecomm/storecomm_invalid_t3_pp_sf_ai_00020_004.cvc.smt2,,,sat
smt-lib-2025/QF_AUFLIA/20170829-Rodin/smt7273354942600505220.smt2,0a9fa5d07d3117aae1cdc1cf1bb2c44825d775c6a28f22c63a5a2d61288d8a63,smt-lib-2025/QF_AUFLIA,QF_AUFLIA,family-balanced 1500-input expansion,QF_AUFLIA.tar.zst,c2c164258ab5008b9b9142f64ed3dd0b39a1df7f24925216bb74a7b08fb541c1,https://zenodo.org/records/16740866,,20170829-Rodin/smt7273354942600505220.smt2,,,unsat
smt-lib-2025/QF_AUFLIA/swap/swap_invalid_t1_pp_nf_ai_00004_006.cvc.smt2,5a9c6a2cfb250fceb3d6a2c7299eb1eddffc32bd09824cd9d6a59f03dbc2d771,smt-lib-2025/QF_AUFLIA,QF_AUFLIA,family-balanced 1500-input expansion,QF_AUFLIA.tar.zst,c2c164258ab5008b9b9142f64ed3dd0b39a1df7f24925216bb74a7b08fb541c1,https://zenodo.org/records/16740866,,swap/swap_invalid_t1_pp_nf_ai_00004_006.cvc.smt2,,,sat
smt-lib-2025/QF_AUFLIA/storecomm/storecomm_invalid_t1_np_sf_ni_00050_009.cvc.smt2,69454d482d098c5246e257880ae7442b0c645ac2ca76fe0ef54c9def709e5edd,smt-lib-2025/QF_AUFLIA,QF_AUFLIA,family-balanced 1500-input expansion,QF_AUFLIA.tar.zst,c2c164258ab5008b9b9142f64ed3dd0b39a1df7f24925216bb74a7b08fb541c1,https://zenodo.org/records/16740866,,storecomm/storecomm_invalid_t1_np_sf_ni_00050_009.cvc.smt2,,,sat
smt-lib-2025/QF_AUFLIA/swap/swap_t1_pp_nf_ai_00006_002.cvc.smt2,631d529250591ff684e4458c6feb4e525a91c5c6077ed7b9f0bf56c00ca5c10b,smt-lib-2025/QF_AUFLIA,QF_AUFLIA,family-balanced 1500-input expansion,QF_AUFLIA.tar.zst,c2c164258ab5008b9b9142f64ed3dd0b39a1df7f24925216bb74a7b08fb541c1,https://zenodo.org/records/16740866,,swap/swap_t1_pp_nf_ai_00006_002.cvc.smt2,,,unsat
smt-lib-2025/QF_AUFLIA/20170829-Rodin/smt7726411424237190229.smt2,a0d458270f35d8e8b48a04e742c93df7902e52f122bbeb426d1342631365b188,smt-lib-2025/QF_AUFLIA,QF_AUFLIA,family-balanced 1500-input expansion,QF_AUFLIA.tar.zst,c2c164258ab5008b9b9142f64ed3dd0b39a1df7f24925216bb74a7b08fb541c1,https://zenodo.org/records/16740866,,20170829-Rodin/smt7726411424237190229.smt2,,,unsat
smt-lib-2025/QF_AUFLIA/storecomm/storecomm_invalid_t3_np_nf_ni_00050_005.cvc.smt2,473dcfea9368d151af8376f4cafcdff5b3a014a879f3f320349f10e752f37ea9,smt-lib-2025/QF_AUFLIA,QF_AUFLIA,family-balanced 1500-input expansion,QF_AUFLIA.tar.zst,c2c164258ab5008b9b9142f64ed3dd0b39a1df7f24925216bb74a7b08fb541c1,https://zenodo.org/records/16740866,,storecomm/storecomm_invalid_t3_np_nf_ni_00050_005.cvc.smt2,,,sat
smt-lib-2025/QF_AUFLIA/swap/swap_invalid_t1_pp_sf_ai_00005_007.cvc.smt2,7a76ce5d4d8205220554f1f92ec0d8f9e9357fe804fe3906ed469d406d59310c,smt-lib-2025/QF_AUFLIA,QF_AUFLIA,family-balanced 1500-input expansion,QF_AUFLIA.tar.zst,c2c164258ab5008b9b9142f64ed3dd0b39a1df7f24925216bb74a7b08fb541c1,https://zenodo.org/records/16740866,,swap/swap_invalid_t1_pp_sf_ai_00005_007.cvc.smt2,,,sat
smt-lib-2025/QF_AUFLIA/20170829-Rodin/smt8974883641230246788.smt2,480096c6b6b0bb4da770b3fb2ae0240d5876b9b7da04c40087c52d1539ee3a1a,smt-lib-2025/QF_AUFLIA,QF_AUFLIA,family-balanced 1500-input expansion,QF_AUFLIA.tar.zst,c2c164258ab5008b9b9142f64ed3dd0b39a1df7f24925216bb74a7b08fb541c1,https://zenodo.org/records/16740866,,20170829-Rodin/smt8974883641230246788.smt2,,,unsat
smt-lib-2025/QF_AUFLIA/storecomm/storecomm_t3_pp_nf_ai_00030_007.cvc.smt2,8f611bc2069c26c0cb306e76967ddca0568dda03e44f379ebb6d6c3840b80f31,smt-lib-2025/QF_AUFLIA,QF_AUFLIA,family-balanced 1500-input expansion,QF_AUFLIA.tar.zst,c2c164258ab5008b9b9142f64ed3dd0b39a1df7f24925216bb74a7b08fb541c1,https://zenodo.org/records/16740866,,storecomm/storecomm_t3_pp_nf_ai_00030_007.cvc.smt2,,,unsat
smt-lib-2025/QF_AUFLIA/swap/swap_invalid_t3_pp_sf_ai_00006_003.cvc.smt2,286084689d7c6298d65eb76681af6deee989e7e8e22e1a5fad062a8d151c0639,smt-lib-2025/QF_AUFLIA,QF_AUFLIA,family-balanced 1500-input expansion,QF_AUFLIA.tar.zst,c2c164258ab5008b9b9142f64ed3dd0b39a1df7f24925216bb74a7b08fb541c1,https://zenodo.org/records/16740866,,swap/swap_invalid_t3_pp_sf_ai_00006_003.cvc.smt2,,,sat
smt-lib-2025/QF_AUFLIA/20170829-Rodin/smt7359050099439661129.smt2,c37deca5ae62e5680cb48e67b20095c9310ef0bb583e7d799487d0acb855d5f8,smt-lib-2025/QF_AUFLIA,QF_AUFLIA,family-balanced 1500-input expansion,QF_AUFLIA.tar.zst,c2c164258ab5008b9b9142f64ed3dd0b39a1df7f24925216bb74a7b08fb541c1,https://zenodo.org/records/16740866,,20170829-Rodin/smt7359050099439661129.smt2,,,unsat
smt-lib-2025/QF_AUFLIA/storecomm/storecomm_t1_pp_nf_ai_00020_006.cvc.smt2,5f3bff3825d0624bfae0e18b36a12c80e0e14607632029d22c04f1eedc7c1cc3,smt-lib-2025/QF_AUFLIA,QF_AUFLIA,family-balanced 1500-input expansion,QF_AUFLIA.tar.zst,c2c164258ab5008b9b9142f64ed3dd0b39a1df7f24925216bb74a7b08fb541c1,https://zenodo.org/records/16740866,,storecomm/storecomm_t1_pp_nf_ai_00020_006.cvc.smt2,,,unsat
smt-lib-2025/QF_AUFLIA/swap/swap_invalid_t1_pp_nf_ai_00005_008.cvc.smt2,eff6150fda0b35f2a10d485f357e3c9c3abc89da04f8a54e5fe9808af6850d9c,smt-lib-2025/QF_AUFLIA,QF_AUFLIA,family-balanced 1500-input expansion,QF_AUFLIA.tar.zst,c2c164258ab5008b9b9142f64ed3dd0b39a1df7f24925216bb74a7b08fb541c1,https://zenodo.org/records/16740866,,swap/swap_invalid_t1_pp_nf_ai_00005_008.cvc.smt2,,,sat
smt-lib-2025/QF_AUFLIA/20170829-Rodin/smt4909910871814089418.smt2,fc3f6696b1141fb24ea0f7c8cbf6aa05ed4f93b06d1664c0f52d7613015df04e,smt-lib-2025/QF_AUFLIA,QF_AUFLIA,family-balanced 1500-input expansion,QF_AUFLIA.tar.zst,c2c164258ab5008b9b9142f64ed3dd0b39a1df7f24925216bb74a7b08fb541c1,https://zenodo.org/records/16740866,,20170829-Rodin/smt4909910871814089418.smt2,,,sat
smt-lib-2025/QF_AUFLIA/storecomm/storecomm_t1_np_sf_ni_00030_004.cvc.smt2,55d195f8a5d918a0f1512ec693bc98257508ce644310aba9c13f1b2abe1449a9,smt-lib-2025/QF_AUFLIA,QF_AUFLIA,family-balanced 1500-input expansion,QF_AUFLIA.tar.zst,c2c164258ab5008b9b9142f64ed3dd0b39a1df7f24925216bb74a7b08fb541c1,https://zenodo.org/records/16740866,,storecomm/storecomm_t1_np_sf_ni_00030_004.cvc.smt2,,,unsat
smt-lib-2025/QF_AUFLIA/swap/swap_invalid_t1_pp_sf_ai_00004_001.cvc.smt2,c091a9ad68b0bacf4013c3a1ee2d487b3e3db986d0506de01d2c2481d89cbd14,smt-lib-2025/QF_AUFLIA,QF_AUFLIA,family-balanced 1500-input expansion,QF_AUFLIA.tar.zst,c2c164258ab5008b9b9142f64ed3dd0b39a1df7f24925216bb74a7b08fb541c1,https://zenodo.org/records/16740866,,swap/swap_invalid_t1_pp_sf_ai_00004_001.cvc.smt2,,,sat
smt-lib-2025/QF_AUFLIA/20170829-Rodin/smt2561940327326492283.smt2,905205ebbba208d60370a38e6da09f09fc2b0c235a9c77800fcc3cb56fb126c4,smt-lib-2025/QF_AUFLIA,QF_AUFLIA,family-balanced 1500-input expansion,QF_AUFLIA.tar.zst,c2c164258ab5008b9b9142f64ed3dd0b39a1df7f24925216bb74a7b08fb541c1,https://zenodo.org/records/16740866,,20170829-Rodin/smt2561940327326492283.smt2,,,unsat
smt-lib-2025/QF_AUFLIA/storecomm/storecomm_invalid_t1_np_sf_ni_00020_004.cvc.smt2,a68045e151ddcc5420e243743ad575e8a7de79a59486eab34ec0617f6fd1ccd8,smt-lib-2025/QF_AUFLIA,QF_AUFLIA,family-balanced 1500-input expansion,QF_AUFLIA.tar.zst,c2c164258ab5008b9b9142f64ed3dd0b39a1df7f24925216bb74a7b08fb541c1,https://zenodo.org/records/16740866,,storecomm/storecomm_invalid_t1_np_sf_ni_00020_004.cvc.smt2,,,sat
smt-lib-2025/QF_AUFLIA/swap/swap_t3_pp_nf_ai_00005_003.cvc.smt2,99cb9eb15f21e6e7dfa363645c2391486e17524d691063e016fe1e01cc620a36,smt-lib-2025/QF_AUFLIA,QF_AUFLIA,family-balanced 1500-input expansion,QF_AUFLIA.tar.zst,c2c164258ab5008b9b9142f64ed3dd0b39a1df7f24925216bb74a7b08fb541c1,https://zenodo.org/records/16740866,,swap/swap_t3_pp_nf_ai_00005_003.cvc.smt2,,,unsat
smt-lib-2025/QF_AUFLIA/20170829-Rodin/smt3004264733300706548.smt2,617777586be1f20ca8a4970aaf83553bf511ae7a98232dea1ad891e9cafc407e,smt-lib-2025/QF_AUFLIA,QF_AUFLIA,family-balanced 1500-input expansion,QF_AUFLIA.tar.zst,c2c164258ab5008b9b9142f64ed3dd0b39a1df7f24925216bb74a7b08fb541c1,https://zenodo.org/records/16740866,,20170829-Rodin/smt3004264733300706548.smt2,,,unsat
smt-lib-2025/QF_AUFLIA/storecomm/storecomm_t3_pp_sf_ni_00010_006.cvc.smt2,4c5523a71110e1bd585a5790691ff727da29c713a3a0f2b1dc29b68fc127fe65,smt-lib-2025/QF_AUFLIA,QF_AUFLIA,family-balanced 1500-input expansion,QF_AUFLIA.tar.zst,c2c164258ab5008b9b9142f64ed3dd0b39a1df7f24925216bb74a7b08fb541c1,https://zenodo.org/records/16740866,,storecomm/storecomm_t3_pp_sf_ni_00010_006.cvc.smt2,,,unsat
smt-lib-2025/QF_AUFLIA/20170829-Rodin/smt6818634933433425749.smt2,fb87a0a476e70f03b0b31249e71ee5f419dfe48283a3adf731fb6c42d6c64c8b,smt-lib-2025/QF_AUFLIA,QF_AUFLIA,family-balanced 1500-input expansion,QF_AUFLIA.tar.zst,c2c164258ab5008b9b9142f64ed3dd0b39a1df7f24925216bb74a7b08fb541c1,https://zenodo.org/records/16740866,,20170829-Rodin/smt6818634933433425749.smt2,,,unsat
smt-lib-2025/QF_AUFLIA/swap/swap_t3_pp_nf_ai_00003_005.cvc.smt2,0b238d755ce81d0443746a8bc07cc1e4421caca9994e3ad442a59b31401ebf29,smt-lib-2025/QF_AUFLIA,QF_AUFLIA,family-balanced 1500-input expansion,QF_AUFLIA.tar.zst,c2c164258ab5008b9b9142f64ed3dd0b39a1df7f24925216bb74a7b08fb541c1,https://zenodo.org/records/16740866,,swap/swap_t3_pp_nf_ai_00003_005.cvc.smt2,,,unsat
smt-lib-2025/QF_AUFLIA/storecomm/storecomm_invalid_t1_np_nf_ni_00010_007.cvc.smt2,b385470015f0015f46133ab3e1b4f6affffe90c9ae94b0b2faea025d9ff26358,smt-lib-2025/QF_AUFLIA,QF_AUFLIA,family-balanced 1500-input expansion,QF_AUFLIA.tar.zst,c2c164258ab5008b9b9142f64ed3dd0b39a1df7f24925216bb74a7b08fb541c1,https://zenodo.org/records/16740866,,storecomm/storecomm_invalid_t1_np_nf_ni_00010_007.cvc.smt2,,,sat
smt-lib-2025/QF_AUFLIA/20170829-Rodin/smt1284056365933344272.smt2,3d952efeb8a4eb7f3c963536272290ebdf638da090f6faeb1cff7192e0bdab00,smt-lib-2025/QF_AUFLIA,QF_AUFLIA,family-balanced 1500-input expansion,QF_AUFLIA.tar.zst,c2c164258ab5008b9b9142f64ed3dd0b39a1df7f24925216bb74a7b08fb541c1,https://zenodo.org/records/16740866,,20170829-Rodin/smt1284056365933344272.smt2,,,sat
smt-lib-2025/QF_AUFLIA/swap/swap_invalid_t3_pp_nf_ai_00002_005.cvc.smt2,22cf5eb61972dde4e9ec83dd18a2423bc3189790d20a007380d5e58bbb4a64b9,smt-lib-2025/QF_AUFLIA,QF_AUFLIA,family-balanced 1500-input expansion,QF_AUFLIA.tar.zst,c2c164258ab5008b9b9142f64ed3dd0b39a1df7f24925216bb74a7b08fb541c1,https://zenodo.org/records/16740866,,swap/swap_invalid_t3_pp_nf_ai_00002_005.cvc.smt2,,,sat
smt-lib-2025/QF_AUFLIA/storecomm/storecomm_invalid_t1_pp_sf_ni_00010_005.cvc.smt2,1ca386fa0029eca31363ba3594f8588b8617b7d675fc7db70b414aa2bc1c96ba,smt-lib-2025/QF_AUFLIA,QF_AUFLIA,family-balanced 1500-input expansion,QF_AUFLIA.tar.zst,c2c164258ab5008b9b9142f64ed3dd0b39a1df7f24925216bb74a7b08fb541c1,https://zenodo.org/records/16740866,,storecomm/storecomm_invalid_t1_pp_sf_ni_00010_005.cvc.smt2,,,sat
smt-lib-2025/QF_AUFLIA/20170829-Rodin/smt5361404349484649674.smt2,2143f04328d618ae41007d75b9a9098a8c7053a0d0b3ae98afae6df84a1a7a7c,smt-lib-2025/QF_AUFLIA,QF_AUFLIA,family-balanced 1500-input expansion,QF_AUFLIA.tar.zst,c2c164258ab5008b9b9142f64ed3dd0b39a1df7f24925216bb74a7b08fb541c1,https://zenodo.org/records/16740866,,20170829-Rodin/smt5361404349484649674.smt2,,,unsat
smt-lib-2025/QF_AUFLIA/swap/swap_invalid_t3_pp_sf_ai_00003_007.cvc.smt2,c6f62f3c3a7311b59261fa652cb002106474ed9e5b21b8edea838d512b4722c4,smt-lib-2025/QF_AUFLIA,QF_AUFLIA,family-balanced 1500-input expansion,QF_AUFLIA.tar.zst,c2c164258ab5008b9b9142f64ed3dd0b39a1df7f24925216bb74a7b08fb541c1,https://zenodo.org/records/16740866,,swap/swap_invalid_t3_pp_sf_ai_00003_007.cvc.smt2,,,sat
smt-lib-2025/QF_AUFLIA/storecomm/storecomm_invalid_t3_np_sf_ni_00010_002.cvc.smt2,c2a91e9fd19f77dad3f9d9f42a9e4cfea23f1c853f3a2cb9d8a700632cdc5b84,smt-lib-2025/QF_AUFLIA,QF_AUFLIA,family-balanced 1500-input expansion,QF_AUFLIA.tar.zst,c2c164258ab5008b9b9142f64ed3dd0b39a1df7f24925216bb74a7b08fb541c1,https://zenodo.org/records/16740866,,storecomm/storecomm_invalid_t3_np_sf_ni_00010_002.cvc.smt2,,,sat
smt-lib-2025/QF_AUFLIA/20170829-Rodin/smt6456719111248078638.smt2,d1a686f51c03057d8d383306a835fe526eeca42afe8ebcd3ba3d5381fed6fc6d,smt-lib-2025/QF_AUFLIA,QF_AUFLIA,family-balanced 1500-input expansion,QF_AUFLIA.tar.zst,c2c164258ab5008b9b9142f64ed3dd0b39a1df7f24925216bb74a7b08fb541c1,https://zenodo.org/records/16740866,,20170829-Rodin/smt6456719111248078638.smt2,,,unsat
smt-lib-2025/QF_AUFLIA/swap/swap_invalid_t1_pp_nf_ai_00010_009.cvc.smt2,c6f589e857a8c8d23e79405808c857cf57acd613d0e08e26b0ea4b9e96d9fe60,smt-lib-2025/QF_AUFLIA,QF_AUFLIA,family-balanced 1500-input expansion,QF_AUFLIA.tar.zst,c2c164258ab5008b9b9142f64ed3dd0b39a1df7f24925216bb74a7b08fb541c1,https://zenodo.org/records/16740866,,swap/swap_invalid_t1_pp_nf_ai_00010_009.cvc.smt2,,,sat
smt-lib-2025/QF_AUFLIA/storecomm/storecomm_invalid_t1_pp_sf_ni_00010_004.cvc.smt2,e5c01b8ad54f2dc88bd22c34ce2c17c57a94eb1a7d6c9435ca1a29c7de0611cc,smt-lib-2025/QF_AUFLIA,QF_AUFLIA,family-balanced 1500-input expansion,QF_AUFLIA.tar.zst,c2c164258ab5008b9b9142f64ed3dd0b39a1df7f24925216bb74a7b08fb541c1,https://zenodo.org/records/16740866,,storecomm/storecomm_invalid_t1_pp_sf_ni_00010_004.cvc.smt2,,,sat
smt-lib-2025/QF_AUFLIA/20170829-Rodin/smt7178509395836479705.smt2,f658da12193bcd4c4f6ff1d91bac0657ac438ae09033acef9661f74addb7a8c5,smt-lib-2025/QF_AUFLIA,QF_AUFLIA,family-balanced 1500-input expansion,QF_AUFLIA.tar.zst,c2c164258ab5008b9b9142f64ed3dd0b39a1df7f24925216bb74a7b08fb541c1,https://zenodo.org/records/16740866,,20170829-Rodin/smt7178509395836479705.smt2,,,unsat
smt-lib-2025/QF_AUFLIA/swap/swap_t1_pp_nf_ai_00009_002.cvc.smt2,3ec7426812282fe99514d37f8e8a8e708ce75a26625a985cc3f1371c41751a51,smt-lib-2025/QF_AUFLIA,QF_AUFLIA,family-balanced 1500-input expansion,QF_AUFLIA.tar.zst,c2c164258ab5008b9b9142f64ed3dd0b39a1df7f24925216bb74a7b08fb541c1,https://zenodo.org/records/16740866,,swap/swap_t1_pp_nf_ai_00009_002.cvc.smt2,,,unsat
smt-lib-2025/QF_AUFLIA/storecomm/storecomm_invalid_t3_pp_sf_ni_00060_009.cvc.smt2,199c61bffac8fe81275b37c4058be551457436fed4a73848378fc3aceaceade1,smt-lib-2025/QF_AUFLIA,QF_AUFLIA,family-balanced 1500-input expansion,QF_AUFLIA.tar.zst,c2c164258ab5008b9b9142f64ed3dd0b39a1df7f24925216bb74a7b08fb541c1,https://zenodo.org/records/16740866,,storecomm/storecomm_invalid_t3_pp_sf_ni_00060_009.cvc.smt2,,,sat
smt-lib-2025/QF_AUFLIA/20170829-Rodin/smt2960554548505310231.smt2,79168852016a729bf1e24665036f6ef858e78da7cbdd69c8334e755790a02108,smt-lib-2025/QF_AUFLIA,QF_AUFLIA,family-balanced 1500-input expansion,QF_AUFLIA.tar.zst,c2c164258ab5008b9b9142f64ed3dd0b39a1df7f24925216bb74a7b08fb541c1,https://zenodo.org/records/16740866,,20170829-Rodin/smt2960554548505310231.smt2,,,unsat
smt-lib-2025/QF_AUFLIA/swap/swap_invalid_t3_pp_sf_ai_00006_006.cvc.smt2,cb1dd4256395a917656ae7450d5fc945bb4dd1d30621687e5a80ddce5f8e6c9e,smt-lib-2025/QF_AUFLIA,QF_AUFLIA,family-balanced 1500-input expansion,QF_AUFLIA.tar.zst,c2c164258ab5008b9b9142f64ed3dd0b39a1df7f24925216bb74a7b08fb541c1,https://zenodo.org/records/16740866,,swap/swap_invalid_t3_pp_sf_ai_00006_006.cvc.smt2,,,sat
smt-lib-2025/QF_AUFLIA/storecomm/storecomm_t3_pp_nf_ni_00020_004.cvc.smt2,dc6bf0b9b7c3f6a08a1fc840c7ff02eb2a235b6716ed08ae52e67709035bd11a,smt-lib-2025/QF_AUFLIA,QF_AUFLIA,family-balanced 1500-input expansion,QF_AUFLIA.tar.zst,c2c164258ab5008b9b9142f64ed3dd0b39a1df7f24925216bb74a7b08fb541c1,https://zenodo.org/records/16740866,,storecomm/storecomm_t3_pp_nf_ni_00020_004.cvc.smt2,,,unsat
smt-lib-2025/QF_AUFLIA/swap/swap_t1_pp_sf_ai_00006_002.cvc.smt2,de881db4795256fc12073b2965bddbd16e94a9521cbc5237b5e5013e10e7128d,smt-lib-2025/QF_AUFLIA,QF_AUFLIA,family-balanced 1500-input expansion,QF_AUFLIA.tar.zst,c2c164258ab5008b9b9142f64ed3dd0b39a1df7f24925216bb74a7b08fb541c1,https://zenodo.org/records/16740866,,swap/swap_t1_pp_sf_ai_00006_002.cvc.smt2,,,unsat
smt-lib-2025/QF_AUFLIA/20170829-Rodin/smt3899959149727363456.smt2,db1e6f68a8aa5627cb13b428d307f1e71a864de84e6c0edcbdc431327cb3a97b,smt-lib-2025/QF_AUFLIA,QF_AUFLIA,family-balanced 1500-input expansion,QF_AUFLIA.tar.zst,c2c164258ab5008b9b9142f64ed3dd0b39a1df7f24925216bb74a7b08fb541c1,https://zenodo.org/records/16740866,,20170829-Rodin/smt3899959149727363456.smt2,,,unsat
smt-lib-2025/QF_AUFLIA/storecomm/storecomm_invalid_t3_pp_sf_ai_00010_004.cvc.smt2,f5b78f98c827ca611cd74860b8ee82341915207059a7420f20eb40b535bbcdcc,smt-lib-2025/QF_AUFLIA,QF_AUFLIA,family-balanced 1500-input expansion,QF_AUFLIA.tar.zst,c2c164258ab5008b9b9142f64ed3dd0b39a1df7f24925216bb74a7b08fb541c1,https://zenodo.org/records/16740866,,storecomm/storecomm_invalid_t3_pp_sf_ai_00010_004.cvc.smt2,,,sat
smt-lib-2025/QF_AUFLIA/swap/swap_t1_pp_sf_ai_00003_008.cvc.smt2,5804dafa02935c47c40794377e20565beca01e6bd6146e4c90230783c4458c69,smt-lib-2025/QF_AUFLIA,QF_AUFLIA,family-balanced 1500-input expansion,QF_AUFLIA.tar.zst,c2c164258ab5008b9b9142f64ed3dd0b39a1df7f24925216bb74a7b08fb541c1,https://zenodo.org/records/16740866,,swap/swap_t1_pp_sf_ai_00003_008.cvc.smt2,,,unsat
smt-lib-2025/QF_AUFLIA/20170829-Rodin/smt7092553497391582906.smt2,80f27d156af59dbba6532967aba356016acb4fe3d1c6498d0d07c8bc4c4e955d,smt-lib-2025/QF_AUFLIA,QF_AUFLIA,family-balanced 1500-input expansion,QF_AUFLIA.tar.zst,c2c164258ab5008b9b9142f64ed3dd0b39a1df7f24925216bb74a7b08fb541c1,https://zenodo.org/records/16740866,,20170829-Rodin/smt7092553497391582906.smt2,,,unsat
smt-lib-2025/QF_AUFLIA/storecomm/storecomm_invalid_t3_np_sf_ni_00010_003.cvc.smt2,beb060de97d2fcdd66cb336c8c0ba1aa77316f9ae774c96ba1f79234c413d2ff,smt-lib-2025/QF_AUFLIA,QF_AUFLIA,family-balanced 1500-input expansion,QF_AUFLIA.tar.zst,c2c164258ab5008b9b9142f64ed3dd0b39a1df7f24925216bb74a7b08fb541c1,https://zenodo.org/records/16740866,,storecomm/storecomm_invalid_t3_np_sf_ni_00010_003.cvc.smt2,,,sat
smt-lib-2025/QF_AUFLIA/20170829-Rodin/smt615792926171406937.smt2,697bd256bbc58e6faf3ecafaa7b225c15cabdc4af4499cf7be9600a1f465a719,smt-lib-2025/QF_AUFLIA,QF_AUFLIA,family-balanced 1500-input expansion,QF_AUFLIA.tar.zst,c2c164258ab5008b9b9142f64ed3dd0b39a1df7f24925216bb74a7b08fb541c1,https://zenodo.org/records/16740866,,20170829-Rodin/smt615792926171406937.smt2,,,unsat
smt-lib-2025/QF_AUFLIA/swap/swap_t1_pp_sf_ai_00008_003.cvc.smt2,a67f16e581e68833c7aed9ead71913fa5491c81ff0f1cc1cc8aa2431da9fd777,smt-lib-2025/QF_AUFLIA,QF_AUFLIA,family-balanced 1500-input expansion,QF_AUFLIA.tar.zst,c2c164258ab5008b9b9142f64ed3dd0b39a1df7f24925216bb74a7b08fb541c1,https://zenodo.org/records/16740866,,swap/swap_t1_pp_sf_ai_00008_003.cvc.smt2,,,unsat
smt-lib-2025/QF_AUFLIA/storecomm/storecomm_t3_pp_nf_ni_00030_003.cvc.smt2,879d40345f2b43a0a728fe8e40418dba2231a58d7357aaf4a7c92723a75f8abb,smt-lib-2025/QF_AUFLIA,QF_AUFLIA,family-balanced 1500-input expansion,QF_AUFLIA.tar.zst,c2c164258ab5008b9b9142f64ed3dd0b39a1df7f24925216bb74a7b08fb541c1,https://zenodo.org/records/16740866,,storecomm/storecomm_t3_pp_nf_ni_00030_003.cvc.smt2,,,unsat
smt-lib-2025/QF_AUFLIA/20170829-Rodin/smt8289280324694207722.smt2,fcd829e3a011b298a4467aad4552cabf2799e7fb9b8aa3cbd290d27e9ab07194,smt-lib-2025/QF_AUFLIA,QF_AUFLIA,family-balanced 1500-input expansion,QF_AUFLIA.tar.zst,c2c164258ab5008b9b9142f64ed3dd0b39a1df7f24925216bb74a7b08fb541c1,https://zenodo.org/records/16740866,,20170829-Rodin/smt8289280324694207722.smt2,,,unsat
smt-lib-2025/QF_AUFLIA/swap/swap_invalid_t3_pp_sf_ai_00003_006.cvc.smt2,e4f2f30612293bc4b293ef8736bd597b9401efb10810d0c66ff6cd3edc50d13b,smt-lib-2025/QF_AUFLIA,QF_AUFLIA,family-balanced 1500-input expansion,QF_AUFLIA.tar.zst,c2c164258ab5008b9b9142f64ed3dd0b39a1df7f24925216bb74a7b08fb541c1,https://zenodo.org/records/16740866,,swap/swap_invalid_t3_pp_sf_ai_00003_006.cvc.smt2,,,sat
smt-lib-2025/QF_AUFLIA/storecomm/storecomm_t1_pp_sf_ni_00030_005.cvc.smt2,49f8be8e323a4f1b10cf9a334ecb096b12f893c8f19489ebe66df2aeddc6d4ed,smt-lib-2025/QF_AUFLIA,QF_AUFLIA,family-balanced 1500-input expansion,QF_AUFLIA.tar.zst,c2c164258ab5008b9b9142f64ed3dd0b39a1df7f24925216bb74a7b08fb541c1,https://zenodo.org/records/16740866,,storecomm/storecomm_t1_pp_sf_ni_00030_005.cvc.smt2,,,unsat
smt-lib-2025/QF_AUFLIA/swap/swap_t3_pp_nf_ai_00010_007.cvc.smt2,647a39f71331fa42b23da1ba23fc721049efa76ae91ea1befffc3d17db697f43,smt-lib-2025/QF_AUFLIA,QF_AUFLIA,family-balanced 1500-input expansion,QF_AUFLIA.tar.zst,c2c164258ab5008b9b9142f64ed3dd0b39a1df7f24925216bb74a7b08fb541c1,https://zenodo.org/records/16740866,,swap/swap_t3_pp_nf_ai_00010_007.cvc.smt2,,,unsat
smt-lib-2025/QF_AUFLIA/20170829-Rodin/smt4514744799427321218.smt2,699262d8c85972ce5254a4ad53532ed08d2ba87cd2edbcfb959a5ffe4ed5b666,smt-lib-2025/QF_AUFLIA,QF_AUFLIA,family-balanced 1500-input expansion,QF_AUFLIA.tar.zst,c2c164258ab5008b9b9142f64ed3dd0b39a1df7f24925216bb74a7b08fb541c1,https://zenodo.org/records/16740866,,20170829-Rodin/smt4514744799427321218.smt2,,,unsat
smt-lib-2025/QF_AUFLIA/storecomm/storecomm_invalid_t3_np_nf_ni_00060_007.cvc.smt2,ff807a1c619d3e76ab2c5c7376df8f15ee20655b00c2b64c3c9c2415425186b7,smt-lib-2025/QF_AUFLIA,QF_AUFLIA,family-balanced 1500-input expansion,QF_AUFLIA.tar.zst,c2c164258ab5008b9b9142f64ed3dd0b39a1df7f24925216bb74a7b08fb541c1,https://zenodo.org/records/16740866,,storecomm/storecomm_invalid_t3_np_nf_ni_00060_007.cvc.smt2,,,sat
smt-lib-2025/QF_AUFLIA/swap/swap_invalid_t1_pp_nf_ai_00006_008.cvc.smt2,744263002df7e0a4e5597ba368b7e24a2ab5e226a5763e43088b94f2e1c53645,smt-lib-2025/QF_AUFLIA,QF_AUFLIA,family-balanced 1500-input expansion,QF_AUFLIA.tar.zst,c2c164258ab5008b9b9142f64ed3dd0b39a1df7f24925216bb74a7b08fb541c1,https://zenodo.org/records/16740866,,swap/swap_invalid_t1_pp_nf_ai_00006_008.cvc.smt2,,,sat
smt-lib-2025/QF_AUFLIA/20170829-Rodin/smt194092121051256533.smt2,294d6c6155aa0c5b8387ac41fecdd81b0d9e419827227cd71ed3c51ccef5567f,smt-lib-2025/QF_AUFLIA,QF_AUFLIA,family-balanced 1500-input expansion,QF_AUFLIA.tar.zst,c2c164258ab5008b9b9142f64ed3dd0b39a1df7f24925216bb74a7b08fb541c1,https://zenodo.org/records/16740866,,20170829-Rodin/smt194092121051256533.smt2,,,unsat
smt-lib-2025/QF_AUFLIA/storecomm/storecomm_invalid_t1_np_nf_ni_00040_002.cvc.smt2,e6731cf652dba35dd5ae7031b8253ddcc757ffbfdb9a74178bb4be944fc5c27c,smt-lib-2025/QF_AUFLIA,QF_AUFLIA,family-balanced 1500-input expansion,QF_AUFLIA.tar.zst,c2c164258ab5008b9b9142f64ed3dd0b39a1df7f24925216bb74a7b08fb541c1,https://zenodo.org/records/16740866,,storecomm/storecomm_invalid_t1_np_nf_ni_00040_002.cvc.smt2,,,sat
smt-lib-2025/QF_AUFLIA/swap/swap_t1_pp_sf_ai_00005_003.cvc.smt2,964e882862017aa400869b66a1428a5b23f3f3df22b293c3bca4c4ee5c204427,smt-lib-2025/QF_AUFLIA,QF_AUFLIA,family-balanced 1500-input expansion,QF_AUFLIA.tar.zst,c2c164258ab5008b9b9142f64ed3dd0b39a1df7f24925216bb74a7b08fb541c1,https://zenodo.org/records/16740866,,swap/swap_t1_pp_sf_ai_00005_003.cvc.smt2,,,unsat
smt-lib-2025/QF_AUFLIA/20170829-Rodin/smt8135394236603703050.smt2,4a15b1ccdab458e1d94c20e4c4dac5ca35eab0a176b02e8abf8634f70495bc85,smt-lib-2025/QF_AUFLIA,QF_AUFLIA,family-balanced 1500-input expansion,QF_AUFLIA.tar.zst,c2c164258ab5008b9b9142f64ed3dd0b39a1df7f24925216bb74a7b08fb541c1,https://zenodo.org/records/16740866,,20170829-Rodin/smt8135394236603703050.smt2,,,unsat
smt-lib-2025/QF_AUFLIA/storecomm/storecomm_t3_pp_sf_ni_00020_006.cvc.smt2,ca516148928116cbe3b52171735d22f84569157cf23714af722fc2f69a3cb201,smt-lib-2025/QF_AUFLIA,QF_AUFLIA,family-balanced 1500-input expansion,QF_AUFLIA.tar.zst,c2c164258ab5008b9b9142f64ed3dd0b39a1df7f24925216bb74a7b08fb541c1,https://zenodo.org/records/16740866,,storecomm/storecomm_t3_pp_sf_ni_00020_006.cvc.smt2,,,unsat
smt-lib-2025/QF_AUFLIA/20170829-Rodin/smt2282925904598514077.smt2,3327b40c8ed7c195c2d96cad03f58ef536fd97e1b79add010ae25a5712335487,smt-lib-2025/QF_AUFLIA,QF_AUFLIA,family-balanced 1500-input expansion,QF_AUFLIA.tar.zst,c2c164258ab5008b9b9142f64ed3dd0b39a1df7f24925216bb74a7b08fb541c1,https://zenodo.org/records/16740866,,20170829-Rodin/smt2282925904598514077.smt2,,,unsat
smt-lib-2025/QF_AUFLIA/swap/swap_invalid_t3_pp_sf_ai_00004_003.cvc.smt2,0e2aea22caabbba92ccdbe5c0b865d675d9017a13c2742ed49404ccfdbc5570f,smt-lib-2025/QF_AUFLIA,QF_AUFLIA,family-balanced 1500-input expansion,QF_AUFLIA.tar.zst,c2c164258ab5008b9b9142f64ed3dd0b39a1df7f24925216bb74a7b08fb541c1,https://zenodo.org/records/16740866,,swap/swap_invalid_t3_pp_sf_ai_00004_003.cvc.smt2,,,sat
smt-lib-2025/QF_AUFLIA/storecomm/storecomm_t3_np_nf_ni_00010_005.cvc.smt2,7b4af2b38dc7d9c26c8b1913a92666c898df91df4a28478ce30a94a1971f3dc4,smt-lib-2025/QF_AUFLIA,QF_AUFLIA,family-balanced 1500-input expansion,QF_AUFLIA.tar.zst,c2c164258ab5008b9b9142f64ed3dd0b39a1df7f24925216bb74a7b08fb541c1,https://zenodo.org/records/16740866,,storecomm/storecomm_t3_np_nf_ni_00010_005.cvc.smt2,,,unsat
smt-lib-2025/QF_AUFLIA/swap/swap_t3_pp_sf_ai_00006_003.cvc.smt2,402ce4189faac00ac3bb9192c299297801f056b6bdf496264367719d7cb3f29b,smt-lib-2025/QF_AUFLIA,QF_AUFLIA,family-balanced 1500-input expansion,QF_AUFLIA.tar.zst,c2c164258ab5008b9b9142f64ed3dd0b39a1df7f24925216bb74a7b08fb541c1,https://zenodo.org/records/16740866,,swap/swap_t3_pp_sf_ai_00006_003.cvc.smt2,,,unsat
smt-lib-2025/QF_AUFLIA/20170829-Rodin/smt3698555390396458023.smt2,16b7e00331aa0e47c0a26b9f35083b10f27a8d99756088052eab376617f3dc18,smt-lib-2025/QF_AUFLIA,QF_AUFLIA,family-balanced 1500-input expansion,QF_AUFLIA.tar.zst,c2c164258ab5008b9b9142f64ed3dd0b39a1df7f24925216bb74a7b08fb541c1,https://zenodo.org/records/16740866,,20170829-Rodin/smt3698555390396458023.smt2,,,unsat
smt-lib-2025/QF_AUFLIA/storecomm/storecomm_t3_pp_sf_ai_00020_005.cvc.smt2,2105022f33f92deda2bdf73fb3928a613dd6cad9c04e1bd94dbe358bd460db08,smt-lib-2025/QF_AUFLIA,QF_AUFLIA,family-balanced 1500-input expansion,QF_AUFLIA.tar.zst,c2c164258ab5008b9b9142f64ed3dd0b39a1df7f24925216bb74a7b08fb541c1,https://zenodo.org/records/16740866,,storecomm/storecomm_t3_pp_sf_ai_00020_005.cvc.smt2,,,unsat
smt-lib-2025/QF_AUFLIA/swap/swap_t3_pp_nf_ai_00010_009.cvc.smt2,4ecc65a30d943fa6fe1f8fd0956207abcd408aae3e5e39bcbea0efb3993c69c5,smt-lib-2025/QF_AUFLIA,QF_AUFLIA,family-balanced 1500-input expansion,QF_AUFLIA.tar.zst,c2c164258ab5008b9b9142f64ed3dd0b39a1df7f24925216bb74a7b08fb541c1,https://zenodo.org/records/16740866,,swap/swap_t3_pp_nf_ai_00010_009.cvc.smt2,,,unsat
smt-lib-2025/QF_AUFLIA/20170829-Rodin/smt5776021850984479403.smt2,df3d96262fd57f3b6a8438169d9614e44065c6766ee58ff3eb234550418f29ed,smt-lib-2025/QF_AUFLIA,QF_AUFLIA,family-balanced 1500-input expansion,QF_AUFLIA.tar.zst,c2c164258ab5008b9b9142f64ed3dd0b39a1df7f24925216bb74a7b08fb541c1,https://zenodo.org/records/16740866,,20170829-Rodin/smt5776021850984479403.smt2,,,unsat
smt-lib-2025/QF_AUFLIA/storecomm/storecomm_t1_np_sf_ni_00050_008.cvc.smt2,29820a1879c96dca3af89df3f3ba08bdc145f1d8bbf52f08cb8e1d167eb31c07,smt-lib-2025/QF_AUFLIA,QF_AUFLIA,family-balanced 1500-input expansion,QF_AUFLIA.tar.zst,c2c164258ab5008b9b9142f64ed3dd0b39a1df7f24925216bb74a7b08fb541c1,https://zenodo.org/records/16740866,,storecomm/storecomm_t1_np_sf_ni_00050_008.cvc.smt2,,,unsat
smt-lib-2025/QF_AUFLIA/swap/swap_invalid_t1_pp_nf_ai_00010_005.cvc.smt2,f921771f4bafbf854879b6f03575463a3d34bff75564ddd21439bbc638547e8c,smt-lib-2025/QF_AUFLIA,QF_AUFLIA,family-balanced 1500-input expansion,QF_AUFLIA.tar.zst,c2c164258ab5008b9b9142f64ed3dd0b39a1df7f24925216bb74a7b08fb541c1,https://zenodo.org/records/16740866,,swap/swap_invalid_t1_pp_nf_ai_00010_005.cvc.smt2,,,sat
smt-lib-2025/QF_AUFLIA/20170829-Rodin/smt1026703085055728276.smt2,4e8fcb889e6416f479303d5c04704fbeb0479bfa14c3acfa8a330f5d8ab27645,smt-lib-2025/QF_AUFLIA,QF_AUFLIA,family-balanced 1500-input expansion,QF_AUFLIA.tar.zst,c2c164258ab5008b9b9142f64ed3dd0b39a1df7f24925216bb74a7b08fb541c1,https://zenodo.org/records/16740866,,20170829-Rodin/smt1026703085055728276.smt2,,,sat
smt-lib-2025/QF_AUFLIA/storecomm/storecomm_invalid_t1_pp_sf_ni_00040_009.cvc.smt2,07f5e7ec74d6fc18778b6efebcfffdf37b9cb5fcb7bc8d4671c37642a8945f13,smt-lib-2025/QF_AUFLIA,QF_AUFLIA,family-balanced 1500-input expansion,QF_AUFLIA.tar.zst,c2c164258ab5008b9b9142f64ed3dd0b39a1df7f24925216bb74a7b08fb541c1,https://zenodo.org/records/16740866,,storecomm/storecomm_invalid_t1_pp_sf_ni_00040_009.cvc.smt2,,,sat
smt-lib-2025/QF_AUFLIA/swap/swap_t3_pp_sf_ai_00005_008.cvc.smt2,4f4203f8b4ebfb4b5f5b828adad066b6cb2542e9d4e56a8a50adfe9984d39cc5,smt-lib-2025/QF_AUFLIA,QF_AUFLIA,family-balanced 1500-input expansion,QF_AUFLIA.tar.zst,c2c164258ab5008b9b9142f64ed3dd0b39a1df7f24925216bb74a7b08fb541c1,https://zenodo.org/records/16740866,,swap/swap_t3_pp_sf_ai_00005_008.cvc.smt2,,,unsat
smt-lib-2025/QF_AUFLIA/20170829-Rodin/smt7909578851601176589.smt2,78e40d21007f613e7208d127d1b7336f9a3a26f59f3953b1b0ddfc0431709ea6,smt-lib-2025/QF_AUFLIA,QF_AUFLIA,family-balanced 1500-input expansion,QF_AUFLIA.tar.zst,c2c164258ab5008b9b9142f64ed3dd0b39a1df7f24925216bb74a7b08fb541c1,https://zenodo.org/records/16740866,,20170829-Rodin/smt7909578851601176589.smt2,,,unsat
smt-lib-2025/QF_AUFLIA/storecomm/storecomm_invalid_t1_pp_nf_ni_00060_004.cvc.smt2,510ff1721be4124645f53aaa26ed6b03fae658fd8cbcdf78866e2a68b75f966f,smt-lib-2025/QF_AUFLIA,QF_AUFLIA,family-balanced 1500-input expansion,QF_AUFLIA.tar.zst,c2c164258ab5008b9b9142f64ed3dd0b39a1df7f24925216bb74a7b08fb541c1,https://zenodo.org/records/16740866,,storecomm/storecomm_invalid_t1_pp_nf_ni_00060_004.cvc.smt2,,,sat
smt-lib-2025/QF_AUFLIA/swap/swap_invalid_t1_pp_sf_ai_00002_008.cvc.smt2,c97f606d46449fcc0ceea4ca8e16311844cd96ce479d7584dbd2316ce9a8ba3e,smt-lib-2025/QF_AUFLIA,QF_AUFLIA,family-balanced 1500-input expansion,QF_AUFLIA.tar.zst,c2c164258ab5008b9b9142f64ed3dd0b39a1df7f24925216bb74a7b08fb541c1,https://zenodo.org/records/16740866,,swap/swap_invalid_t1_pp_sf_ai_00002_008.cvc.smt2,,,sat
smt-lib-2025/QF_AUFLIA/20170829-Rodin/smt1789157312273459318.smt2,9bc41e1e2300834b2886d559b4eb45925910fc944782ec7114f6813ba086f58b,smt-lib-2025/QF_AUFLIA,QF_AUFLIA,family-balanced 1500-input expansion,QF_AUFLIA.tar.zst,c2c164258ab5008b9b9142f64ed3dd0b39a1df7f24925216bb74a7b08fb541c1,https://zenodo.org/records/16740866,,20170829-Rodin/smt1789157312273459318.smt2,,,unsat
smt-lib-2025/QF_AUFLIA/storecomm/storecomm_t1_pp_nf_ai_00030_001.cvc.smt2,3f9c9136e679d763b063184b907f4a4f915fee68a03c56b0a57688e3b2d3fc78,smt-lib-2025/QF_AUFLIA,QF_AUFLIA,family-balanced 1500-input expansion,QF_AUFLIA.tar.zst,c2c164258ab5008b9b9142f64ed3dd0b39a1df7f24925216bb74a7b08fb541c1,https://zenodo.org/records/16740866,,storecomm/storecomm_t1_pp_nf_ai_00030_001.cvc.smt2,,,unsat
smt-lib-2025/QF_AUFLIA/swap/swap_t3_pp_nf_ai_00006_007.cvc.smt2,d77809d225fbc5a6f9c253a83d1e863764cd11dd5ac9e26ef78a1ffc97151303,smt-lib-2025/QF_AUFLIA,QF_AUFLIA,family-balanced 1500-input expansion,QF_AUFLIA.tar.zst,c2c164258ab5008b9b9142f64ed3dd0b39a1df7f24925216bb74a7b08fb541c1,https://zenodo.org/records/16740866,,swap/swap_t3_pp_nf_ai_00006_007.cvc.smt2,,,unsat
smt-lib-2025/QF_AUFLIA/20170829-Rodin/smt4735237723456590332.smt2,16bab2b0a325207d918e51bcc9c85cfcdbff2f42df6db3d8b67d7ccf2c04d2d5,smt-lib-2025/QF_AUFLIA,QF_AUFLIA,family-balanced 1500-input expansion,QF_AUFLIA.tar.zst,c2c164258ab5008b9b9142f64ed3dd0b39a1df7f24925216bb74a7b08fb541c1,https://zenodo.org/records/16740866,,20170829-Rodin/smt4735237723456590332.smt2,,,unsat
smt-lib-2025/QF_AUFLIA/storecomm/storecomm_t3_pp_sf_ni_00050_001.cvc.smt2,fbc9e38e3abdae78050481400b0bfe26a9bdc3224de35b2d8e38859af9c779d0,smt-lib-2025/QF_AUFLIA,QF_AUFLIA,family-balanced 1500-input expansion,QF_AUFLIA.tar.zst,c2c164258ab5008b9b9142f64ed3dd0b39a1df7f24925216bb74a7b08fb541c1,https://zenodo.org/records/16740866,,storecomm/storecomm_t3_pp_sf_ni_00050_001.cvc.smt2,,,unsat
smt-lib-2025/QF_AUFLIA/swap/swap_invalid_t1_pp_sf_ai_00005_008.cvc.smt2,4f6320516ec64747f1d887ce6cb96f9b050e53c1ce94c219861c091746429bc4,smt-lib-2025/QF_AUFLIA,QF_AUFLIA,family-balanced 1500-input expansion,QF_AUFLIA.tar.zst,c2c164258ab5008b9b9142f64ed3dd0b39a1df7f24925216bb74a7b08fb541c1,https://zenodo.org/records/16740866,,swap/swap_invalid_t1_pp_sf_ai_00005_008.cvc.smt2,,,sat
smt-lib-2025/QF_AUFLIA/20170829-Rodin/smt5563843641339295592.smt2,2cc952b82e467a086f243d198b7877e043caa3aa17e28caeab8dd224b272392c,smt-lib-2025/QF_AUFLIA,QF_AUFLIA,family-balanced 1500-input expansion,QF_AUFLIA.tar.zst,c2c164258ab5008b9b9142f64ed3dd0b39a1df7f24925216bb74a7b08fb541c1,https://zenodo.org/records/16740866,,20170829-Rodin/smt5563843641339295592.smt2,,,sat
smt-lib-2025/QF_AUFLIA/storecomm/storecomm_t3_np_nf_ni_00010_002.cvc.smt2,350bf9f799ac72abbcd7ffe36c698c89f4bd96c459c303271109b1aa22159d5d,smt-lib-2025/QF_AUFLIA,QF_AUFLIA,family-balanced 1500-input expansion,QF_AUFLIA.tar.zst,c2c164258ab5008b9b9142f64ed3dd0b39a1df7f24925216bb74a7b08fb541c1,https://zenodo.org/records/16740866,,storecomm/storecomm_t3_np_nf_ni_00010_002.cvc.smt2,,,unsat
smt-lib-2025/QF_AUFLIA/swap/swap_t1_pp_sf_ai_00002_008.cvc.smt2,709ddb0fd7ab2d2ff60ae61111caf8104fd876d0c488ec908ed0eba748eef127,smt-lib-2025/QF_AUFLIA,QF_AUFLIA,family-balanced 1500-input expansion,QF_AUFLIA.tar.zst,c2c164258ab5008b9b9142f64ed3dd0b39a1df7f24925216bb74a7b08fb541c1,https://zenodo.org/records/16740866,,swap/swap_t1_pp_sf_ai_00002_008.cvc.smt2,,,unsat
smt-lib-2025/QF_AUFLIA/20170829-Rodin/smt1495354633285877311.smt2,1e55dbce339dfd7ceef47d7f1ae3e71d2ef51e1e27ef51af9edd3365bcc4434e,smt-lib-2025/QF_AUFLIA,QF_AUFLIA,family-balanced 1500-input expansion,QF_AUFLIA.tar.zst,c2c164258ab5008b9b9142f64ed3dd0b39a1df7f24925216bb74a7b08fb541c1,https://zenodo.org/records/16740866,,20170829-Rodin/smt1495354633285877311.smt2,,,sat
smt-lib-2025/QF_DT/20172804-Barrett/barrett-jsat/typed/v3/typed_v3l70060.cvc.smt2,06fdea7f05ddbcff686b200231a3d955397b1de5d02612cf7605986a459eba8e,smt-lib-2025/QF_DT,QF_DT,family-balanced 1500-input expansion,QF_DT.tar.zst,13bf882fceec9979ba4ea80333b994eeff0fcf4e046fb93d7b5d1518e704e4fb,https://zenodo.org/records/16740866,,20172804-Barrett/barrett-jsat/typed/v3/typed_v3l70060.cvc.smt2,,,unsat
smt-lib-2025/QF_DT/20230720-blocksworld/blocksworld_from_7_2_0_to_7_0_2_negated_goal_bmc_3.smt2,6cc6bb3a7843bbadebfcf0c6a412ac9a94354abe93e5fb9ea2e5dd4104351791,smt-lib-2025/QF_DT,QF_DT,family-balanced 1500-input expansion,QF_DT.tar.zst,13bf882fceec9979ba4ea80333b994eeff0fcf4e046fb93d7b5d1518e704e4fb,https://zenodo.org/records/16740866,,20230720-blocksworld/blocksworld_from_7_2_0_to_7_0_2_negated_goal_bmc_3.smt2,,,unsat
smt-lib-2025/QF_DT/20172804-Barrett/barrett-jsat/typed/v5/typed_v5l70039.cvc.smt2,c06372eff3112206c3c47dae41493d56d41186694c4c4134bf3bb591cf603bd6,smt-lib-2025/QF_DT,QF_DT,family-balanced 1500-input expansion,QF_DT.tar.zst,13bf882fceec9979ba4ea80333b994eeff0fcf4e046fb93d7b5d1518e704e4fb,https://zenodo.org/records/16740866,,20172804-Barrett/barrett-jsat/typed/v5/typed_v5l70039.cvc.smt2,,,sat
smt-lib-2025/QF_DT/20230720-blocksworld/blocksworld_from_5_7_12_to_9_3_12_negated_goal_bmc_1.smt2,6856d7d782da317cb8251af0f2f664c04c86ebb44ee721ceeff5c6d463a0f85b,smt-lib-2025/QF_DT,QF_DT,family-balanced 1500-input expansion,QF_DT.tar.zst,13bf882fceec9979ba4ea80333b994eeff0fcf4e046fb93d7b5d1518e704e4fb,https://zenodo.org/records/16740866,,20230720-blocksworld/blocksworld_from_5_7_12_to_9_3_12_negated_goal_bmc_1.smt2,,,unsat
smt-lib-2025/QF_DT/20172804-Barrett/barrett-jsat/typed/v1/typed_v1l40053.cvc.smt2,66ce6e75a1090335341ba9e7dbebccd82c7612805c9d900d5026fae7b5485431,smt-lib-2025/QF_DT,QF_DT,family-balanced 1500-input expansion,QF_DT.tar.zst,13bf882fceec9979ba4ea80333b994eeff0fcf4e046fb93d7b5d1518e704e4fb,https://zenodo.org/records/16740866,,20172804-Barrett/barrett-jsat/typed/v1/typed_v1l40053.cvc.smt2,,,unsat
smt-lib-2025/QF_DT/20230720-blocksworld/blocksworld_from_0_0_21_to_10_8_3_negated_goal_bmc_0.smt2,fd2eb1b259b169e1d49a0f0cff100aea85ebdb0a6b2e85a959e7cf118939287f,smt-lib-2025/QF_DT,QF_DT,family-balanced 1500-input expansion,QF_DT.tar.zst,13bf882fceec9979ba4ea80333b994eeff0fcf4e046fb93d7b5d1518e704e4fb,https://zenodo.org/records/16740866,,20230720-blocksworld/blocksworld_from_0_0_21_to_10_8_3_negated_goal_bmc_0.smt2,,,unsat
smt-lib-2025/QF_DT/20172804-Barrett/barrett-jsat/typed/v2/typed_v2l90040.cvc.smt2,e13cc0bcd41e4b3214a8a9f53a71eccfa359af2fa3d7832f98aa571a5f1cf162,smt-lib-2025/QF_DT,QF_DT,family-balanced 1500-input expansion,QF_DT.tar.zst,13bf882fceec9979ba4ea80333b994eeff0fcf4e046fb93d7b5d1518e704e4fb,https://zenodo.org/records/16740866,,20172804-Barrett/barrett-jsat/typed/v2/typed_v2l90040.cvc.smt2,,,unsat
smt-lib-2025/QF_DT/20230720-blocksworld/blocksworld_from_5_4_17_to_12_6_8_negated_goal_bmc_2.smt2,fbc11b426cf43a1d555f735602c3ca024f6ed4d7ede0dfe2cfb687dcd2ce6917,smt-lib-2025/QF_DT,QF_DT,family-balanced 1500-input expansion,QF_DT.tar.zst,13bf882fceec9979ba4ea80333b994eeff0fcf4e046fb93d7b5d1518e704e4fb,https://zenodo.org/records/16740866,,20230720-blocksworld/blocksworld_from_5_4_17_to_12_6_8_negated_goal_bmc_2.smt2,,,unsat
smt-lib-2025/QF_DT/20172804-Barrett/barrett-jsat/typed/v10/typed_v10l20023.cvc.smt2,805cc518e6e07c56ff6e7f35cc46d949d0a01f7d44ea2350af49d6ed2650f32e,smt-lib-2025/QF_DT,QF_DT,family-balanced 1500-input expansion,QF_DT.tar.zst,13bf882fceec9979ba4ea80333b994eeff0fcf4e046fb93d7b5d1518e704e4fb,https://zenodo.org/records/16740866,,20172804-Barrett/barrett-jsat/typed/v10/typed_v10l20023.cvc.smt2,,,sat
smt-lib-2025/QF_DT/20230720-blocksworld/blocksworld_from_5_7_12_to_9_3_12_negated_goal_bmc_3.smt2,f5041adb2f3900906df2f14ca8b339228248238f3548dbf04e81bd5dcc4b4c78,smt-lib-2025/QF_DT,QF_DT,family-balanced 1500-input expansion,QF_DT.tar.zst,13bf882fceec9979ba4ea80333b994eeff0fcf4e046fb93d7b5d1518e704e4fb,https://zenodo.org/records/16740866,,20230720-blocksworld/blocksworld_from_5_7_12_to_9_3_12_negated_goal_bmc_3.smt2,,,unsat
smt-lib-2025/QF_DT/20172804-Barrett/barrett-jsat/tests/v1/v1l60056.cvc.smt2,bc72340b72505bb31f3bc584a8854446ff1dbb864f3ef92a64aaf7bcc93c13c8,smt-lib-2025/QF_DT,QF_DT,family-balanced 1500-input expansion,QF_DT.tar.zst,13bf882fceec9979ba4ea80333b994eeff0fcf4e046fb93d7b5d1518e704e4fb,https://zenodo.org/records/16740866,,20172804-Barrett/barrett-jsat/tests/v1/v1l60056.cvc.smt2,,,unsat
smt-lib-2025/QF_DT/20230720-blocksworld/blocksworld_from_13_1_5_to_8_4_7_negated_goal_bmc_2.smt2,a1fc96a764d53c3e77516b9da7eaa5bb9133d810c12b7549389a7e9ea5899420,smt-lib-2025/QF_DT,QF_DT,family-balanced 1500-input expansion,QF_DT.tar.zst,13bf882fceec9979ba4ea80333b994eeff0fcf4e046fb93d7b5d1518e704e4fb,https://zenodo.org/records/16740866,,20230720-blocksworld/blocksworld_from_13_1_5_to_8_4_7_negated_goal_bmc_2.smt2,,,unsat
smt-lib-2025/QF_DT/20172804-Barrett/barrett-jsat/typed/v10/typed_v10l90009.cvc.smt2,5db2e042e4228d390f00383d967fd99a66e07d4120927a99d81d9c7325f803c4,smt-lib-2025/QF_DT,QF_DT,family-balanced 1500-input expansion,QF_DT.tar.zst,13bf882fceec9979ba4ea80333b994eeff0fcf4e046fb93d7b5d1518e704e4fb,https://zenodo.org/records/16740866,,20172804-Barrett/barrett-jsat/typed/v10/typed_v10l90009.cvc.smt2,,,unsat
smt-lib-2025/QF_DT/20230720-blocksworld/blocksworld_from_4_0_5_to_8_0_1_negated_goal_bmc_1.smt2,39c5b4227bd21be03f85043e6e7fb1ab27a96732d13a285214c1b037fcf5c34d,smt-lib-2025/QF_DT,QF_DT,family-balanced 1500-input expansion,QF_DT.tar.zst,13bf882fceec9979ba4ea80333b994eeff0fcf4e046fb93d7b5d1518e704e4fb,https://zenodo.org/records/16740866,,20230720-blocksworld/blocksworld_from_4_0_5_to_8_0_1_negated_goal_bmc_1.smt2,,,unsat
smt-lib-2025/QF_DT/20172804-Barrett/barrett-jsat/tests/v5/v5l50042.cvc.smt2,726ecb64d72e0fe75d7432e1c76e02b78b27e8b37e2a6854cb6a4178fb14d50a,smt-lib-2025/QF_DT,QF_DT,family-balanced 1500-input expansion,QF_DT.tar.zst,13bf882fceec9979ba4ea80333b994eeff0fcf4e046fb93d7b5d1518e704e4fb,https://zenodo.org/records/16740866,,20172804-Barrett/barrett-jsat/tests/v5/v5l50042.cvc.smt2,,,unsat
smt-lib-2025/QF_DT/20230720-blocksworld/blocksworld_from_5_2_3_to_9_0_1_negated_goal_bmc_2.smt2,5c893f2c2107c0fd1c80ad4a27f4bb3dbc2cd0233ec562bc94ab288c3c1e5870,smt-lib-2025/QF_DT,QF_DT,family-balanced 1500-input expansion,QF_DT.tar.zst,13bf882fceec9979ba4ea80333b994eeff0fcf4e046fb93d7b5d1518e704e4fb,https://zenodo.org/records/16740866,,20230720-blocksworld/blocksworld_from_5_2_3_to_9_0_1_negated_goal_bmc_2.smt2,,,unsat
smt-lib-2025/QF_DT/20172804-Barrett/barrett-jsat/typed/v3/typed_v3l20085.cvc.smt2,34f572ffc88efdbcb8d56a13c6975ac69e71efb0351e3d6d8b8ff4aabf3f9473,smt-lib-2025/QF_DT,QF_DT,family-balanced 1500-input expansion,QF_DT.tar.zst,13bf882fceec9979ba4ea80333b994eeff0fcf4e046fb93d7b5d1518e704e4fb,https://zenodo.org/records/16740866,,20172804-Barrett/barrett-jsat/typed/v3/typed_v3l20085.cvc.smt2,,,sat
smt-lib-2025/QF_DT/20230720-blocksworld/blocksworld_from_3_1_18_to_3_16_3_negated_goal_bmc_1.smt2,6e8e2d5408fc51143ae2f234a731601ff3686fe659ad73bd883e128d1f68358d,smt-lib-2025/QF_DT,QF_DT,family-balanced 1500-input expansion,QF_DT.tar.zst,13bf882fceec9979ba4ea80333b994eeff0fcf4e046fb93d7b5d1518e704e4fb,https://zenodo.org/records/16740866,,20230720-blocksworld/blocksworld_from_3_1_18_to_3_16_3_negated_goal_bmc_1.smt2,,,unsat
smt-lib-2025/QF_DT/20172804-Barrett/barrett-jsat/typed/v2/typed_v2l90032.cvc.smt2,a1f74516033601596ee1e0ee82df1ae7b0c1782ff7fd2ec4491eef7f2513dda0,smt-lib-2025/QF_DT,QF_DT,family-balanced 1500-input expansion,QF_DT.tar.zst,13bf882fceec9979ba4ea80333b994eeff0fcf4e046fb93d7b5d1518e704e4fb,https://zenodo.org/records/16740866,,20172804-Barrett/barrett-jsat/typed/v2/typed_v2l90032.cvc.smt2,,,unsat
smt-lib-2025/QF_DT/20230720-blocksworld/blocksworld_from_8_8_1_to_9_4_4_negated_goal_bmc_2.smt2,b0a7f8da29c4ed4399aeb6620e2d35111c890436168339f94d5b3d66f1a1a6bb,smt-lib-2025/QF_DT,QF_DT,family-balanced 1500-input expansion,QF_DT.tar.zst,13bf882fceec9979ba4ea80333b994eeff0fcf4e046fb93d7b5d1518e704e4fb,https://zenodo.org/records/16740866,,20230720-blocksworld/blocksworld_from_8_8_1_to_9_4_4_negated_goal_bmc_2.smt2,,,unsat
smt-lib-2025/QF_DT/20172804-Barrett/barrett-jsat/tests/v2/v2l80065.cvc.smt2,88ff5b7fe5be7d58da6f6cd5a195299687679f08c1d70d5260bfe57e3d8a51a2,smt-lib-2025/QF_DT,QF_DT,family-balanced 1500-input expansion,QF_DT.tar.zst,13bf882fceec9979ba4ea80333b994eeff0fcf4e046fb93d7b5d1518e704e4fb,https://zenodo.org/records/16740866,,20172804-Barrett/barrett-jsat/tests/v2/v2l80065.cvc.smt2,,,sat
smt-lib-2025/QF_DT/20230720-blocksworld/blocksworld_from_9_4_4_to_14_1_2_negated_goal_bmc_3.smt2,c6e616bc16464f900afcce1c56f60ad2fcc2de49343c8ce7a58cb844d26fc0fe,smt-lib-2025/QF_DT,QF_DT,family-balanced 1500-input expansion,QF_DT.tar.zst,13bf882fceec9979ba4ea80333b994eeff0fcf4e046fb93d7b5d1518e704e4fb,https://zenodo.org/records/16740866,,20230720-blocksworld/blocksworld_from_9_4_4_to_14_1_2_negated_goal_bmc_3.smt2,,,unsat
smt-lib-2025/QF_DT/20172804-Barrett/barrett-jsat/tests/v2/v2l90100.cvc.smt2,affd7672c33a8ecf406ff26d400f033846c8a5d1d278089d2ed481664aed6437,smt-lib-2025/QF_DT,QF_DT,family-balanced 1500-input expansion,QF_DT.tar.zst,13bf882fceec9979ba4ea80333b994eeff0fcf4e046fb93d7b5d1518e704e4fb,https://zenodo.org/records/16740866,,20172804-Barrett/barrett-jsat/tests/v2/v2l90100.cvc.smt2,,,unsat
smt-lib-2025/QF_DT/20230720-blocksworld/blocksworld_from_7_2_0_to_7_0_2_negated_goal_bmc_0.smt2,06ed1fed48f9ddab623bf9801ebfc77fe6bf165e5a18ddd1aa2070912e181ae7,smt-lib-2025/QF_DT,QF_DT,family-balanced 1500-input expansion,QF_DT.tar.zst,13bf882fceec9979ba4ea80333b994eeff0fcf4e046fb93d7b5d1518e704e4fb,https://zenodo.org/records/16740866,,20230720-blocksworld/blocksworld_from_7_2_0_to_7_0_2_negated_goal_bmc_0.smt2,,,unsat
smt-lib-2025/QF_DT/20172804-Barrett/barrett-jsat/typed/v2/typed_v2l40031.cvc.smt2,78df9c65126e9221de5fa2954377fa001b090628d640b4b38390655e147c3e50,smt-lib-2025/QF_DT,QF_DT,family-balanced 1500-input expansion,QF_DT.tar.zst,13bf882fceec9979ba4ea80333b994eeff0fcf4e046fb93d7b5d1518e704e4fb,https://zenodo.org/records/16740866,,20172804-Barrett/barrett-jsat/typed/v2/typed_v2l40031.cvc.smt2,,,unsat
smt-lib-2025/QF_DT/20230720-blocksworld/blocksworld_from_11_0_0_to_6_4_1_negated_goal_bmc_1.smt2,b19c049e3a88998d34ea559446dff63dc934814c30c080480e2f2ec98b704c34,smt-lib-2025/QF_DT,QF_DT,family-balanced 1500-input expansion,QF_DT.tar.zst,13bf882fceec9979ba4ea80333b994eeff0fcf4e046fb93d7b5d1518e704e4fb,https://zenodo.org/records/16740866,,20230720-blocksworld/blocksworld_from_11_0_0_to_6_4_1_negated_goal_bmc_1.smt2,,,unsat
smt-lib-2025/QF_DT/20172804-Barrett/barrett-jsat/tests/v10/v10l70097.cvc.smt2,a95cfb928f4ff19dda43082db0c7aa6c9c149e26dc63720e320648a1dc8db7b8,smt-lib-2025/QF_DT,QF_DT,family-balanced 1500-input expansion,QF_DT.tar.zst,13bf882fceec9979ba4ea80333b994eeff0fcf4e046fb93d7b5d1518e704e4fb,https://zenodo.org/records/16740866,,20172804-Barrett/barrett-jsat/tests/v10/v10l70097.cvc.smt2,,,sat
smt-lib-2025/QF_DT/20230720-blocksworld/blocksworld_from_6_1_11_to_6_0_12_negated_goal_bmc_1.smt2,dc2e505763ece9d00cb60536cf36add2f2698925d3cc1dd66cba74238dddc578,smt-lib-2025/QF_DT,QF_DT,family-balanced 1500-input expansion,QF_DT.tar.zst,13bf882fceec9979ba4ea80333b994eeff0fcf4e046fb93d7b5d1518e704e4fb,https://zenodo.org/records/16740866,,20230720-blocksworld/blocksworld_from_6_1_11_to_6_0_12_negated_goal_bmc_1.smt2,,,unsat
smt-lib-2025/QF_DT/20172804-Barrett/barrett-jsat/tests/v2/v2l80072.cvc.smt2,568bca174461334ab65d870216f8bc650732f73ad9e4f79001dd722cd06556d8,smt-lib-2025/QF_DT,QF_DT,family-balanced 1500-input expansion,QF_DT.tar.zst,13bf882fceec9979ba4ea80333b994eeff0fcf4e046fb93d7b5d1518e704e4fb,https://zenodo.org/records/16740866,,20172804-Barrett/barrett-jsat/tests/v2/v2l80072.cvc.smt2,,,unsat
smt-lib-2025/QF_DT/20230720-blocksworld/blocksworld_from_12_1_3_to_11_1_4_negated_goal_bmc_2.smt2,ec0b5e9681b23db1ad032edd5e747d142b76508f425a0d0dac73520d1b538489,smt-lib-2025/QF_DT,QF_DT,family-balanced 1500-input expansion,QF_DT.tar.zst,13bf882fceec9979ba4ea80333b994eeff0fcf4e046fb93d7b5d1518e704e4fb,https://zenodo.org/records/16740866,,20230720-blocksworld/blocksworld_from_12_1_3_to_11_1_4_negated_goal_bmc_2.smt2,,,unsat
smt-lib-2025/QF_DT/20172804-Barrett/barrett-jsat/tests/v2/v2l60009.cvc.smt2,d99d67e5e979a5a4ef71d101b6d08c94e8aeefa6ee92b3867b8b97f229a5313e,smt-lib-2025/QF_DT,QF_DT,family-balanced 1500-input expansion,QF_DT.tar.zst,13bf882fceec9979ba4ea80333b994eeff0fcf4e046fb93d7b5d1518e704e4fb,https://zenodo.org/records/16740866,,20172804-Barrett/barrett-jsat/tests/v2/v2l60009.cvc.smt2,,,unsat
smt-lib-2025/QF_DT/20230720-blocksworld/blocksworld_from_6_0_2_to_2_5_1_negated_goal_bmc_2.smt2,a244cc10c89b8a8bb01eb7b072cbf04ea76539740745cce39bbf6a7ae6dccbec,smt-lib-2025/QF_DT,QF_DT,family-balanced 1500-input expansion,QF_DT.tar.zst,13bf882fceec9979ba4ea80333b994eeff0fcf4e046fb93d7b5d1518e704e4fb,https://zenodo.org/records/16740866,,20230720-blocksworld/blocksworld_from_6_0_2_to_2_5_1_negated_goal_bmc_2.smt2,,,unsat
smt-lib-2025/QF_DT/20172804-Barrett/barrett-jsat/tests/v2/v2l40045.cvc.smt2,bd13a4d8e93582a959f9e525df8dfa642fb2b090caac6ed595f023b795e483ba,smt-lib-2025/QF_DT,QF_DT,family-balanced 1500-input expansion,QF_DT.tar.zst,13bf882fceec9979ba4ea80333b994eeff0fcf4e046fb93d7b5d1518e704e4fb,https://zenodo.org/records/16740866,,20172804-Barrett/barrett-jsat/tests/v2/v2l40045.cvc.smt2,,,sat
smt-lib-2025/QF_DT/20230720-blocksworld/blocksworld_from_17_0_1_to_1_10_7_negated_goal_bmc_3.smt2,8c87680f247eb0ad8e740e6c0a454eaa0a997a94b0f163310a62c03387ae1259,smt-lib-2025/QF_DT,QF_DT,family-balanced 1500-input expansion,QF_DT.tar.zst,13bf882fceec9979ba4ea80333b994eeff0fcf4e046fb93d7b5d1518e704e4fb,https://zenodo.org/records/16740866,,20230720-blocksworld/blocksworld_from_17_0_1_to_1_10_7_negated_goal_bmc_3.smt2,,,unsat
smt-lib-2025/QF_DT/20172804-Barrett/barrett-jsat/typed/v2/typed_v2l70081.cvc.smt2,035321eadfd7bb4d2b857fa5475281a5b12b1a1bfd9d1e1fd4fe8224715f9d05,smt-lib-2025/QF_DT,QF_DT,family-balanced 1500-input expansion,QF_DT.tar.zst,13bf882fceec9979ba4ea80333b994eeff0fcf4e046fb93d7b5d1518e704e4fb,https://zenodo.org/records/16740866,,20172804-Barrett/barrett-jsat/typed/v2/typed_v2l70081.cvc.smt2,,,unsat
smt-lib-2025/QF_DT/20230720-blocksworld/blocksworld_from_3_4_1_to_7_0_1_negated_goal_bmc_0.smt2,0a30ae2886457a42ad2c87c5688b53072273eab84d3d3081f15b911f4fb92295,smt-lib-2025/QF_DT,QF_DT,family-balanced 1500-input expansion,QF_DT.tar.zst,13bf882fceec9979ba4ea80333b994eeff0fcf4e046fb93d7b5d1518e704e4fb,https://zenodo.org/records/16740866,,20230720-blocksworld/blocksworld_from_3_4_1_to_7_0_1_negated_goal_bmc_0.smt2,,,unsat
smt-lib-2025/QF_DT/20172804-Barrett/barrett-jsat/tests/v10/v10l60045.cvc.smt2,374f3c1dd7d0d6eee4fa378eecfb056e51ef04f7b00d652ddb7dfeedbdf64029,smt-lib-2025/QF_DT,QF_DT,family-balanced 1500-input expansion,QF_DT.tar.zst,13bf882fceec9979ba4ea80333b994eeff0fcf4e046fb93d7b5d1518e704e4fb,https://zenodo.org/records/16740866,,20172804-Barrett/barrett-jsat/tests/v10/v10l60045.cvc.smt2,,,unsat
smt-lib-2025/QF_DT/20230720-blocksworld/blocksworld_from_0_6_0_to_5_0_1_negated_goal_bmc_0.smt2,d65c4343b95943bd7e7f132d43a631983cb8585770f75e85e1d741f1f9db5436,smt-lib-2025/QF_DT,QF_DT,family-balanced 1500-input expansion,QF_DT.tar.zst,13bf882fceec9979ba4ea80333b994eeff0fcf4e046fb93d7b5d1518e704e4fb,https://zenodo.org/records/16740866,,20230720-blocksworld/blocksworld_from_0_6_0_to_5_0_1_negated_goal_bmc_0.smt2,,,unsat
smt-lib-2025/QF_DT/20172804-Barrett/barrett-jsat/tests/v10/v10l80032.cvc.smt2,f399c72a58082dbd49197a535aa0c688f3cfa5d5c3c0cf4cbd23aba1cd67b4da,smt-lib-2025/QF_DT,QF_DT,family-balanced 1500-input expansion,QF_DT.tar.zst,13bf882fceec9979ba4ea80333b994eeff0fcf4e046fb93d7b5d1518e704e4fb,https://zenodo.org/records/16740866,,20172804-Barrett/barrett-jsat/tests/v10/v10l80032.cvc.smt2,,,sat
smt-lib-2025/QF_DT/20230720-blocksworld/blocksworld_from_1_4_0_to_4_0_1_negated_goal_bmc_2.smt2,2f94b51f6e8e0f5198047e2f66920368561ecb3865d516c200ccaecae6478aef,smt-lib-2025/QF_DT,QF_DT,family-balanced 1500-input expansion,QF_DT.tar.zst,13bf882fceec9979ba4ea80333b994eeff0fcf4e046fb93d7b5d1518e704e4fb,https://zenodo.org/records/16740866,,20230720-blocksworld/blocksworld_from_1_4_0_to_4_0_1_negated_goal_bmc_2.smt2,,,unsat
smt-lib-2025/QF_DT/20172804-Barrett/barrett-jsat/tests/v3/v3l60060.cvc.smt2,34055286a0d22e33d6ecf2b31ddbc8bf85dcecad68194ad3efdb0145e84f6d2f,smt-lib-2025/QF_DT,QF_DT,family-balanced 1500-input expansion,QF_DT.tar.zst,13bf882fceec9979ba4ea80333b994eeff0fcf4e046fb93d7b5d1518e704e4fb,https://zenodo.org/records/16740866,,20172804-Barrett/barrett-jsat/tests/v3/v3l60060.cvc.smt2,,,unsat
smt-lib-2025/QF_DT/20230720-blocksworld/blocksworld_from_18_5_3_to_18_1_7_negated_goal_bmc_2.smt2,26aade2043067c056aeddbd3af512b591fb7f0b2ad5d63e8e1d14f8f74c12747,smt-lib-2025/QF_DT,QF_DT,family-balanced 1500-input expansion,QF_DT.tar.zst,13bf882fceec9979ba4ea80333b994eeff0fcf4e046fb93d7b5d1518e704e4fb,https://zenodo.org/records/16740866,,20230720-blocksworld/blocksworld_from_18_5_3_to_18_1_7_negated_goal_bmc_2.smt2,,,unsat
smt-lib-2025/QF_DT/20172804-Barrett/barrett-jsat/tests/v2/v2l60071.cvc.smt2,9a1d2b2a900eb8c650f6cf13320f96a2cd32c2f262860a123d80e52cd9c65f4c,smt-lib-2025/QF_DT,QF_DT,family-balanced 1500-input expansion,QF_DT.tar.zst,13bf882fceec9979ba4ea80333b994eeff0fcf4e046fb93d7b5d1518e704e4fb,https://zenodo.org/records/16740866,,20172804-Barrett/barrett-jsat/tests/v2/v2l60071.cvc.smt2,,,unsat
smt-lib-2025/QF_DT/20230720-blocksworld/blocksworld_from_17_2_3_to_8_7_7_negated_goal_bmc_3.smt2,38dbe2dc21cd639517791d9db0de031a5b7a4721017b81e4eaf691a8a0615f91,smt-lib-2025/QF_DT,QF_DT,family-balanced 1500-input expansion,QF_DT.tar.zst,13bf882fceec9979ba4ea80333b994eeff0fcf4e046fb93d7b5d1518e704e4fb,https://zenodo.org/records/16740866,,20230720-blocksworld/blocksworld_from_17_2_3_to_8_7_7_negated_goal_bmc_3.smt2,,,unsat
smt-lib-2025/QF_DT/20172804-Barrett/barrett-jsat/tests/v2/v2l90058.cvc.smt2,1da106e5dd8ebf10e27b455f329ca34ce03a7716424e84fa8cd3ccbaad83456c,smt-lib-2025/QF_DT,QF_DT,family-balanced 1500-input expansion,QF_DT.tar.zst,13bf882fceec9979ba4ea80333b994eeff0fcf4e046fb93d7b5d1518e704e4fb,https://zenodo.org/records/16740866,,20172804-Barrett/barrett-jsat/tests/v2/v2l90058.cvc.smt2,,,unsat
smt-lib-2025/QF_DT/20230720-blocksworld/blocksworld_from_1_2_10_to_13_0_0_negated_goal_bmc_0.smt2,f3e7c22b901f5d4fe64524b4d1459754969de95a129a83ba9ee566ad7666a0d9,smt-lib-2025/QF_DT,QF_DT,family-balanced 1500-input expansion,QF_DT.tar.zst,13bf882fceec9979ba4ea80333b994eeff0fcf4e046fb93d7b5d1518e704e4fb,https://zenodo.org/records/16740866,,20230720-blocksworld/blocksworld_from_1_2_10_to_13_0_0_negated_goal_bmc_0.smt2,,,unsat
smt-lib-2025/QF_DT/20172804-Barrett/barrett-jsat/typed/v5/typed_v5l30042.cvc.smt2,42375c49a77d4c2239469db84c680626907f59a0b67f1052904d172ecd951e2f,smt-lib-2025/QF_DT,QF_DT,family-balanced 1500-input expansion,QF_DT.tar.zst,13bf882fceec9979ba4ea80333b994eeff0fcf4e046fb93d7b5d1518e704e4fb,https://zenodo.org/records/16740866,,20172804-Barrett/barrett-jsat/typed/v5/typed_v5l30042.cvc.smt2,,,sat
smt-lib-2025/QF_DT/20230720-blocksworld/blocksworld_from_1_24_0_to_9_16_0_negated_goal_bmc_1.smt2,a7613bdc7f76e9bc43e0b7b82820aa5865c6f12982ce2249c8b7851c2c95ab61,smt-lib-2025/QF_DT,QF_DT,family-balanced 1500-input expansion,QF_DT.tar.zst,13bf882fceec9979ba4ea80333b994eeff0fcf4e046fb93d7b5d1518e704e4fb,https://zenodo.org/records/16740866,,20230720-blocksworld/blocksworld_from_1_24_0_to_9_16_0_negated_goal_bmc_1.smt2,,,unsat
smt-lib-2025/QF_DT/20172804-Barrett/barrett-jsat/typed/v2/typed_v2l30003.cvc.smt2,c311a029b722138338880eb452a680f75e18bf74e799af190f59217b567fc832,smt-lib-2025/QF_DT,QF_DT,family-balanced 1500-input expansion,QF_DT.tar.zst,13bf882fceec9979ba4ea80333b994eeff0fcf4e046fb93d7b5d1518e704e4fb,https://zenodo.org/records/16740866,,20172804-Barrett/barrett-jsat/typed/v2/typed_v2l30003.cvc.smt2,,,sat
smt-lib-2025/QF_DT/20230720-blocksworld/blocksworld_from_4_3_0_to_5_1_1_negated_goal_bmc_3.smt2,c600177fdf8351c9fe164d719c32384c4be59ec7c51e99ba1fbdc3e90fcfa97d,smt-lib-2025/QF_DT,QF_DT,family-balanced 1500-input expansion,QF_DT.tar.zst,13bf882fceec9979ba4ea80333b994eeff0fcf4e046fb93d7b5d1518e704e4fb,https://zenodo.org/records/16740866,,20230720-blocksworld/blocksworld_from_4_3_0_to_5_1_1_negated_goal_bmc_3.smt2,,,unsat
smt-lib-2025/QF_DT/20172804-Barrett/barrett-jsat/typed/v1/typed_v1l30010.cvc.smt2,d661c568e4a1fde7837e59bf4f8354ae09c36eaf390c07ed1b3a2e85e9d3adf3,smt-lib-2025/QF_DT,QF_DT,family-balanced 1500-input expansion,QF_DT.tar.zst,13bf882fceec9979ba4ea80333b994eeff0fcf4e046fb93d7b5d1518e704e4fb,https://zenodo.org/records/16740866,,20172804-Barrett/barrett-jsat/typed/v1/typed_v1l30010.cvc.smt2,,,sat
smt-lib-2025/QF_DT/20230720-blocksworld/blocksworld_from_9_9_2_to_12_5_3_negated_goal_bmc_1.smt2,0a8eef78dddb42d5e8a66d8dc40f6318486a2fdb89a6b850afb0e9628ee40cb3,smt-lib-2025/QF_DT,QF_DT,family-balanced 1500-input expansion,QF_DT.tar.zst,13bf882fceec9979ba4ea80333b994eeff0fcf4e046fb93d7b5d1518e704e4fb,https://zenodo.org/records/16740866,,20230720-blocksworld/blocksworld_from_9_9_2_to_12_5_3_negated_goal_bmc_1.smt2,,,unsat
smt-lib-2025/QF_DT/20172804-Barrett/barrett-jsat/tests/v3/v3l70029.cvc.smt2,c48570ffb3df5afb114e5292e33ccdd2f13591ceeb1381af224ab020e1b33a86,smt-lib-2025/QF_DT,QF_DT,family-balanced 1500-input expansion,QF_DT.tar.zst,13bf882fceec9979ba4ea80333b994eeff0fcf4e046fb93d7b5d1518e704e4fb,https://zenodo.org/records/16740866,,20172804-Barrett/barrett-jsat/tests/v3/v3l70029.cvc.smt2,,,sat
smt-lib-2025/QF_DT/20230720-blocksworld/blocksworld_from_2_5_13_to_12_7_1_negated_goal_bmc_1.smt2,bdae0a63f25c10c5b17ab6f0b172b315ab7df219cef65f2649f91bd69e130dd6,smt-lib-2025/QF_DT,QF_DT,family-balanced 1500-input expansion,QF_DT.tar.zst,13bf882fceec9979ba4ea80333b994eeff0fcf4e046fb93d7b5d1518e704e4fb,https://zenodo.org/records/16740866,,20230720-blocksworld/blocksworld_from_2_5_13_to_12_7_1_negated_goal_bmc_1.smt2,,,unsat
smt-lib-2025/QF_DT/20172804-Barrett/barrett-jsat/typed/v5/typed_v5l80020.cvc.smt2,36f259cf1c24eb18e37d1f93e1379db68a4f513e890cac288f94712b0a3ec9ba,smt-lib-2025/QF_DT,QF_DT,family-balanced 1500-input expansion,QF_DT.tar.zst,13bf882fceec9979ba4ea80333b994eeff0fcf4e046fb93d7b5d1518e704e4fb,https://zenodo.org/records/16740866,,20172804-Barrett/barrett-jsat/typed/v5/typed_v5l80020.cvc.smt2,,,unsat
smt-lib-2025/QF_DT/20230720-blocksworld/blocksworld_from_1_1_0_to_1_0_1_negated_goal_bmc_1.smt2,ea95761fdad62a323d90a96260d1449210c0318a2d4988079be5608b93a6b167,smt-lib-2025/QF_DT,QF_DT,family-balanced 1500-input expansion,QF_DT.tar.zst,13bf882fceec9979ba4ea80333b994eeff0fcf4e046fb93d7b5d1518e704e4fb,https://zenodo.org/records/16740866,,20230720-blocksworld/blocksworld_from_1_1_0_to_1_0_1_negated_goal_bmc_1.smt2,,,sat
smt-lib-2025/QF_DT/20172804-Barrett/barrett-jsat/tests/v1/v1l90045.cvc.smt2,f8ae8d8bc400a1025812b2fd2d3f57909d48fc7f1c917eaa7acfe96328ae1f2c,smt-lib-2025/QF_DT,QF_DT,family-balanced 1500-input expansion,QF_DT.tar.zst,13bf882fceec9979ba4ea80333b994eeff0fcf4e046fb93d7b5d1518e704e4fb,https://zenodo.org/records/16740866,,20172804-Barrett/barrett-jsat/tests/v1/v1l90045.cvc.smt2,,,unsat
smt-lib-2025/QF_DT/20230720-blocksworld/blocksworld_from_8_10_1_to_5_9_5_negated_goal_bmc_2.smt2,6f1bc363b8ff20801e03626a98b84f75c8dafc40319aa9d08cb082f33b15b97f,smt-lib-2025/QF_DT,QF_DT,family-balanced 1500-input expansion,QF_DT.tar.zst,13bf882fceec9979ba4ea80333b994eeff0fcf4e046fb93d7b5d1518e704e4fb,https://zenodo.org/records/16740866,,20230720-blocksworld/blocksworld_from_8_10_1_to_5_9_5_negated_goal_bmc_2.smt2,,,unsat
smt-lib-2025/QF_DT/20172804-Barrett/barrett-jsat/typed/v2/typed_v2l20025.cvc.smt2,d9dfedf4cf1ba816f0aa3c118c89671c6e1ab99815b94de8ebbf4db2fedfab41,smt-lib-2025/QF_DT,QF_DT,family-balanced 1500-input expansion,QF_DT.tar.zst,13bf882fceec9979ba4ea80333b994eeff0fcf4e046fb93d7b5d1518e704e4fb,https://zenodo.org/records/16740866,,20172804-Barrett/barrett-jsat/typed/v2/typed_v2l20025.cvc.smt2,,,unsat
smt-lib-2025/QF_DT/20230720-blocksworld/blocksworld_from_2_0_11_to_11_1_1_negated_goal_bmc_3.smt2,fd97a8a9814ad72b1b6fd49a097dd98b718466ebb9157514a8be3b094a79b107,smt-lib-2025/QF_DT,QF_DT,family-balanced 1500-input expansion,QF_DT.tar.zst,13bf882fceec9979ba4ea80333b994eeff0fcf4e046fb93d7b5d1518e704e4fb,https://zenodo.org/records/16740866,,20230720-blocksworld/blocksworld_from_2_0_11_to_11_1_1_negated_goal_bmc_3.smt2,,,unsat
smt-lib-2025/QF_DT/20172804-Barrett/barrett-jsat/typed/v5/typed_v5l20063.cvc.smt2,a5017c7c1b67e0c27db5b8bc58fe708d31508b2de645390191d8a57a39e27770,smt-lib-2025/QF_DT,QF_DT,family-balanced 1500-input expansion,QF_DT.tar.zst,13bf882fceec9979ba4ea80333b994eeff0fcf4e046fb93d7b5d1518e704e4fb,https://zenodo.org/records/16740866,,20172804-Barrett/barrett-jsat/typed/v5/typed_v5l20063.cvc.smt2,,,sat
smt-lib-2025/QF_DT/20230720-blocksworld/blocksworld_from_0_1_3_to_1_1_2_negated_goal_bmc_0.smt2,18b0d943f201e6c9708f62fca87ae22e46ecb25f090345cadea6c0b4924581a2,smt-lib-2025/QF_DT,QF_DT,family-balanced 1500-input expansion,QF_DT.tar.zst,13bf882fceec9979ba4ea80333b994eeff0fcf4e046fb93d7b5d1518e704e4fb,https://zenodo.org/records/16740866,,20230720-blocksworld/blocksworld_from_0_1_3_to_1_1_2_negated_goal_bmc_0.smt2,,,unsat
smt-lib-2025/QF_DT/20172804-Barrett/barrett-jsat/tests/v2/v2l30100.cvc.smt2,4236be6f58de814c1b691dfea7cf020b68f2d975c434ea81a11cfee20115ab47,smt-lib-2025/QF_DT,QF_DT,family-balanced 1500-input expansion,QF_DT.tar.zst,13bf882fceec9979ba4ea80333b994eeff0fcf4e046fb93d7b5d1518e704e4fb,https://zenodo.org/records/16740866,,20172804-Barrett/barrett-jsat/tests/v2/v2l30100.cvc.smt2,,,unsat
smt-lib-2025/QF_DT/20230720-blocksworld/blocksworld_from_3_4_6_to_1_9_3_negated_goal_bmc_1.smt2,ba92cad7ea2cb0f58aee3ffac95e3126c7b895a021112e71ea631b6f7a4564f0,smt-lib-2025/QF_DT,QF_DT,family-balanced 1500-input expansion,QF_DT.tar.zst,13bf882fceec9979ba4ea80333b994eeff0fcf4e046fb93d7b5d1518e704e4fb,https://zenodo.org/records/16740866,,20230720-blocksworld/blocksworld_from_3_4_6_to_1_9_3_negated_goal_bmc_1.smt2,,,unsat
smt-lib-2025/QF_DT/20172804-Barrett/barrett-jsat/tests/v5/v5l60041.cvc.smt2,c61a789519704184582f5053b776eff51436d253a6ca9506cac23514bb6afeb6,smt-lib-2025/QF_DT,QF_DT,family-balanced 1500-input expansion,QF_DT.tar.zst,13bf882fceec9979ba4ea80333b994eeff0fcf4e046fb93d7b5d1518e704e4fb,https://zenodo.org/records/16740866,,20172804-Barrett/barrett-jsat/tests/v5/v5l60041.cvc.smt2,,,sat
smt-lib-2025/QF_DT/20230720-blocksworld/blocksworld_from_16_4_2_to_16_3_3_negated_goal_bmc_1.smt2,f0846cb769aad2ca46574927cb4ac129f62cd511dd1675a0d971888053abcae7,smt-lib-2025/QF_DT,QF_DT,family-balanced 1500-input expansion,QF_DT.tar.zst,13bf882fceec9979ba4ea80333b994eeff0fcf4e046fb93d7b5d1518e704e4fb,https://zenodo.org/records/16740866,,20230720-blocksworld/blocksworld_from_16_4_2_to_16_3_3_negated_goal_bmc_1.smt2,,,unsat
smt-lib-2025/QF_DT/20172804-Barrett/barrett-jsat/typed/v5/typed_v5l40053.cvc.smt2,7cf2981e1fcc4894a2f7566e7ad583ee96a9943db0ef331fa97b560aa35deeb1,smt-lib-2025/QF_DT,QF_DT,family-balanced 1500-input expansion,QF_DT.tar.zst,13bf882fceec9979ba4ea80333b994eeff0fcf4e046fb93d7b5d1518e704e4fb,https://zenodo.org/records/16740866,,20172804-Barrett/barrett-jsat/typed/v5/typed_v5l40053.cvc.smt2,,,sat
smt-lib-2025/QF_DT/20230720-blocksworld/blocksworld_from_2_3_0_to_5_0_0_negated_goal_bmc_0.smt2,3d0710996738ca818da6bbc5888d8c267c7eb4da9555d31764bc01d31ccd0782,smt-lib-2025/QF_DT,QF_DT,family-balanced 1500-input expansion,QF_DT.tar.zst,13bf882fceec9979ba4ea80333b994eeff0fcf4e046fb93d7b5d1518e704e4fb,https://zenodo.org/records/16740866,,20230720-blocksworld/blocksworld_from_2_3_0_to_5_0_0_negated_goal_bmc_0.smt2,,,unsat
smt-lib-2025/QF_DT/20172804-Barrett/barrett-jsat/typed/v5/typed_v5l60069.cvc.smt2,f6c7d26e88510cdbfbed3f8a3c0f8eeed5b8f9882ba63792df0770f03d6c269b,smt-lib-2025/QF_DT,QF_DT,family-balanced 1500-input expansion,QF_DT.tar.zst,13bf882fceec9979ba4ea80333b994eeff0fcf4e046fb93d7b5d1518e704e4fb,https://zenodo.org/records/16740866,,20172804-Barrett/barrett-jsat/typed/v5/typed_v5l60069.cvc.smt2,,,unsat
smt-lib-2025/QF_DT/20230720-blocksworld/blocksworld_from_0_1_19_to_6_3_11_negated_goal_bmc_2.smt2,9931a272ccc765496b614aebd1a843f85c7a518ca396c8ac998d8b3f96e9919c,smt-lib-2025/QF_DT,QF_DT,family-balanced 1500-input expansion,QF_DT.tar.zst,13bf882fceec9979ba4ea80333b994eeff0fcf4e046fb93d7b5d1518e704e4fb,https://zenodo.org/records/16740866,,20230720-blocksworld/blocksworld_from_0_1_19_to_6_3_11_negated_goal_bmc_2.smt2,,,unsat
smt-lib-2025/QF_DT/20172804-Barrett/barrett-jsat/tests/v5/v5l70044.cvc.smt2,d049edab17461fb5ba8ad2aa17bb3b0ead9b9cac7fde58032822387fbd29b694,smt-lib-2025/QF_DT,QF_DT,family-balanced 1500-input expansion,QF_DT.tar.zst,13bf882fceec9979ba4ea80333b994eeff0fcf4e046fb93d7b5d1518e704e4fb,https://zenodo.org/records/16740866,,20172804-Barrett/barrett-jsat/tests/v5/v5l70044.cvc.smt2,,,unsat
smt-lib-2025/QF_DT/20230720-blocksworld/blocksworld_from_9_4_1_to_0_13_1_negated_goal_bmc_1.smt2,f43d3229db68b29b99a298ccd09a699213056bcc428c3d9958467d7fe6d71dbe,smt-lib-2025/QF_DT,QF_DT,family-balanced 1500-input expansion,QF_DT.tar.zst,13bf882fceec9979ba4ea80333b994eeff0fcf4e046fb93d7b5d1518e704e4fb,https://zenodo.org/records/16740866,,20230720-blocksworld/blocksworld_from_9_4_1_to_0_13_1_negated_goal_bmc_1.smt2,,,unsat
smt-lib-2025/QF_DT/20172804-Barrett/barrett-jsat/typed/v5/typed_v5l20047.cvc.smt2,91dd802296cab8d751b053650015efb09d0c492db14205e848d59481da89f021,smt-lib-2025/QF_DT,QF_DT,family-balanced 1500-input expansion,QF_DT.tar.zst,13bf882fceec9979ba4ea80333b994eeff0fcf4e046fb93d7b5d1518e704e4fb,https://zenodo.org/records/16740866,,20172804-Barrett/barrett-jsat/typed/v5/typed_v5l20047.cvc.smt2,,,unsat
smt-lib-2025/QF_DT/20230720-blocksworld/blocksworld_from_11_4_8_to_17_1_5_negated_goal_bmc_2.smt2,e627884eca6a8163023689015e38995b15dd62434e4591d500f1f569334e402c,smt-lib-2025/QF_DT,QF_DT,family-balanced 1500-input expansion,QF_DT.tar.zst,13bf882fceec9979ba4ea80333b994eeff0fcf4e046fb93d7b5d1518e704e4fb,https://zenodo.org/records/16740866,,20230720-blocksworld/blocksworld_from_11_4_8_to_17_1_5_negated_goal_bmc_2.smt2,,,unsat
smt-lib-2025/QF_DT/20172804-Barrett/barrett-jsat/typed/v5/typed_v5l50069.cvc.smt2,218eddad27d77948c5ea68ce04e029b0cc5c80153f6753a92cca48e7c6e2f7ed,smt-lib-2025/QF_DT,QF_DT,family-balanced 1500-input expansion,QF_DT.tar.zst,13bf882fceec9979ba4ea80333b994eeff0fcf4e046fb93d7b5d1518e704e4fb,https://zenodo.org/records/16740866,,20172804-Barrett/barrett-jsat/typed/v5/typed_v5l50069.cvc.smt2,,,sat
smt-lib-2025/QF_DT/20230720-blocksworld/blocksworld_from_2_4_0_to_0_3_3_negated_goal_bmc_0.smt2,d255873c3f522d3948d8e8e07786c5660ee105998fe969d527d693330d23dcf7,smt-lib-2025/QF_DT,QF_DT,family-balanced 1500-input expansion,QF_DT.tar.zst,13bf882fceec9979ba4ea80333b994eeff0fcf4e046fb93d7b5d1518e704e4fb,https://zenodo.org/records/16740866,,20230720-blocksworld/blocksworld_from_2_4_0_to_0_3_3_negated_goal_bmc_0.smt2,,,unsat
smt-lib-2025/QF_DT/20172804-Barrett/barrett-jsat/tests/v1/v1l40061.cvc.smt2,66cde04ca28e5ba876d0fac0e9684c24ecfa902587ce45edcf3c99190b07a957,smt-lib-2025/QF_DT,QF_DT,family-balanced 1500-input expansion,QF_DT.tar.zst,13bf882fceec9979ba4ea80333b994eeff0fcf4e046fb93d7b5d1518e704e4fb,https://zenodo.org/records/16740866,,20172804-Barrett/barrett-jsat/tests/v1/v1l40061.cvc.smt2,,,unsat
smt-lib-2025/QF_DT/20230720-blocksworld/blocksworld_from_6_1_0_to_7_0_0_negated_goal_bmc_2.smt2,d4371d45e1f349c2a4a62304d5d438127968aaad2f9d144276eccab853d16d3f,smt-lib-2025/QF_DT,QF_DT,family-balanced 1500-input expansion,QF_DT.tar.zst,13bf882fceec9979ba4ea80333b994eeff0fcf4e046fb93d7b5d1518e704e4fb,https://zenodo.org/records/16740866,,20230720-blocksworld/blocksworld_from_6_1_0_to_7_0_0_negated_goal_bmc_2.smt2,,,unsat
smt-lib-2025/QF_DT/20172804-Barrett/barrett-jsat/tests/v5/v5l30056.cvc.smt2,eb2aad92f9e20078449e029f3e64b95e019843773a67c2a62e9378360f88f0e5,smt-lib-2025/QF_DT,QF_DT,family-balanced 1500-input expansion,QF_DT.tar.zst,13bf882fceec9979ba4ea80333b994eeff0fcf4e046fb93d7b5d1518e704e4fb,https://zenodo.org/records/16740866,,20172804-Barrett/barrett-jsat/tests/v5/v5l30056.cvc.smt2,,,sat
smt-lib-2025/QF_DT/20230720-blocksworld/blocksworld_from_5_1_10_to_4_9_3_negated_goal_bmc_3.smt2,70ec8b7d66adf6766fc886f0cd7e77b6cd0e58e831f3e26e91c6a309a94f4ddc,smt-lib-2025/QF_DT,QF_DT,family-balanced 1500-input expansion,QF_DT.tar.zst,13bf882fceec9979ba4ea80333b994eeff0fcf4e046fb93d7b5d1518e704e4fb,https://zenodo.org/records/16740866,,20230720-blocksworld/blocksworld_from_5_1_10_to_4_9_3_negated_goal_bmc_3.smt2,,,unsat
smt-lib-2025/QF_DT/20172804-Barrett/barrett-jsat/typed/v2/typed_v2l90070.cvc.smt2,f4b7327c7bebf0e78a9cf9a1b80234af45b6f5a172437dcb421362225d3863db,smt-lib-2025/QF_DT,QF_DT,family-balanced 1500-input expansion,QF_DT.tar.zst,13bf882fceec9979ba4ea80333b994eeff0fcf4e046fb93d7b5d1518e704e4fb,https://zenodo.org/records/16740866,,20172804-Barrett/barrett-jsat/typed/v2/typed_v2l90070.cvc.smt2,,,unsat
smt-lib-2025/QF_DT/20230720-blocksworld/blocksworld_from_13_1_5_to_8_4_7_negated_goal_bmc_0.smt2,69f41125fd81a0466ad8f36ee34ddf296baf1216c4ea3c202bc1b6fe3cefb2b1,smt-lib-2025/QF_DT,QF_DT,family-balanced 1500-input expansion,QF_DT.tar.zst,13bf882fceec9979ba4ea80333b994eeff0fcf4e046fb93d7b5d1518e704e4fb,https://zenodo.org/records/16740866,,20230720-blocksworld/blocksworld_from_13_1_5_to_8_4_7_negated_goal_bmc_0.smt2,,,unsat
smt-lib-2025/QF_DT/20172804-Barrett/barrett-jsat/tests/v5/v5l80027.cvc.smt2,632f97920c554abdbca94c583a5d8ef387281036a040962e3a0432cd6cf0bf73,smt-lib-2025/QF_DT,QF_DT,family-balanced 1500-input expansion,QF_DT.tar.zst,13bf882fceec9979ba4ea80333b994eeff0fcf4e046fb93d7b5d1518e704e4fb,https://zenodo.org/records/16740866,,20172804-Barrett/barrett-jsat/tests/v5/v5l80027.cvc.smt2,,,unsat
smt-lib-2025/QF_DT/20230720-blocksworld/blocksworld_from_12_1_1_to_5_7_2_negated_goal_bmc_3.smt2,02534540d9c5ec02a495de44747a3bdff68ca67af9637c6493cb695c3ce2968a,smt-lib-2025/QF_DT,QF_DT,family-balanced 1500-input expansion,QF_DT.tar.zst,13bf882fceec9979ba4ea80333b994eeff0fcf4e046fb93d7b5d1518e704e4fb,https://zenodo.org/records/16740866,,20230720-blocksworld/blocksworld_from_12_1_1_to_5_7_2_negated_goal_bmc_3.smt2,,,unsat
smt-lib-2025/QF_DT/20172804-Barrett/barrett-jsat/typed/v1/typed_v1l50002.cvc.smt2,aff506111244d8495020554f457a91e19936d158613597c08a937556713ca84c,smt-lib-2025/QF_DT,QF_DT,family-balanced 1500-input expansion,QF_DT.tar.zst,13bf882fceec9979ba4ea80333b994eeff0fcf4e046fb93d7b5d1518e704e4fb,https://zenodo.org/records/16740866,,20172804-Barrett/barrett-jsat/typed/v1/typed_v1l50002.cvc.smt2,,,unsat
smt-lib-2025/QF_DT/20230720-blocksworld/blocksworld_from_8_1_2_to_6_2_3_negated_goal_bmc_2.smt2,2de8b7905a44433b4d7316b8dbd18fa6ab00aded99e283fe1958b5a609f007ea,smt-lib-2025/QF_DT,QF_DT,family-balanced 1500-input expansion,QF_DT.tar.zst,13bf882fceec9979ba4ea80333b994eeff0fcf4e046fb93d7b5d1518e704e4fb,https://zenodo.org/records/16740866,,20230720-blocksworld/blocksworld_from_8_1_2_to_6_2_3_negated_goal_bmc_2.smt2,,,unsat
smt-lib-2025/QF_DT/20172804-Barrett/barrett-jsat/typed/v3/typed_v3l70008.cvc.smt2,881e826693939098709c6f3fd44b7c7a75a1e827f0ef127363a8f682b1a272d1,smt-lib-2025/QF_DT,QF_DT,family-balanced 1500-input expansion,QF_DT.tar.zst,13bf882fceec9979ba4ea80333b994eeff0fcf4e046fb93d7b5d1518e704e4fb,https://zenodo.org/records/16740866,,20172804-Barrett/barrett-jsat/typed/v3/typed_v3l70008.cvc.smt2,,,unsat
smt-lib-2025/QF_DT/20230720-blocksworld/blocksworld_from_11_0_1_to_11_1_0_negated_goal_bmc_0.smt2,2e5f1397074769d4a578de3eb9749a665805c41072bdc96a849b1e1245afe177,smt-lib-2025/QF_DT,QF_DT,family-balanced 1500-input expansion,QF_DT.tar.zst,13bf882fceec9979ba4ea80333b994eeff0fcf4e046fb93d7b5d1518e704e4fb,https://zenodo.org/records/16740866,,20230720-blocksworld/blocksworld_from_11_0_1_to_11_1_0_negated_goal_bmc_0.smt2,,,unsat
smt-lib-2025/QF_DT/20172804-Barrett/barrett-jsat/typed/v10/typed_v10l40088.cvc.smt2,4182bb3c9612152e372b8a4fd56520cf6069867ede1f66387a66a6011faea241,smt-lib-2025/QF_DT,QF_DT,family-balanced 1500-input expansion,QF_DT.tar.zst,13bf882fceec9979ba4ea80333b994eeff0fcf4e046fb93d7b5d1518e704e4fb,https://zenodo.org/records/16740866,,20172804-Barrett/barrett-jsat/typed/v10/typed_v10l40088.cvc.smt2,,,sat
smt-lib-2025/QF_DT/20230720-blocksworld/blocksworld_from_5_9_3_to_13_1_3_negated_goal_bmc_1.smt2,34ab4cd813d6644ba0fe1a0df39e9f35c496b7b3abc8d024e0f2c584a8c91646,smt-lib-2025/QF_DT,QF_DT,family-balanced 1500-input expansion,QF_DT.tar.zst,13bf882fceec9979ba4ea80333b994eeff0fcf4e046fb93d7b5d1518e704e4fb,https://zenodo.org/records/16740866,,20230720-blocksworld/blocksworld_from_5_9_3_to_13_1_3_negated_goal_bmc_1.smt2,,,unsat
smt-lib-2025/QF_DT/20172804-Barrett/barrett-jsat/typed/v2/typed_v2l30042.cvc.smt2,850b8a2196746505c97e798975e6e248d6c52a9c0c0a6fcf9087780e0d315fbe,smt-lib-2025/QF_DT,QF_DT,family-balanced 1500-input expansion,QF_DT.tar.zst,13bf882fceec9979ba4ea80333b994eeff0fcf4e046fb93d7b5d1518e704e4fb,https://zenodo.org/records/16740866,,20172804-Barrett/barrett-jsat/typed/v2/typed_v2l30042.cvc.smt2,,,unsat
smt-lib-2025/QF_DT/20230720-blocksworld/blocksworld_from_5_8_8_to_0_0_21_negated_goal_bmc_2.smt2,97b684acc9c68ecb465d37315d564d80d72a2737c32ed23c5ca5df1637e4937d,smt-lib-2025/QF_DT,QF_DT,family-balanced 1500-input expansion,QF_DT.tar.zst,13bf882fceec9979ba4ea80333b994eeff0fcf4e046fb93d7b5d1518e704e4fb,https://zenodo.org/records/16740866,,20230720-blocksworld/blocksworld_from_5_8_8_to_0_0_21_negated_goal_bmc_2.smt2,,,unsat
smt-lib-2025/QF_DT/20172804-Barrett/barrett-jsat/tests/v1/v1l20090.cvc.smt2,9b58440b9a9d28fe4c4b918efdc3e9a5eedac262b4103a4e36a490d8ed44be78,smt-lib-2025/QF_DT,QF_DT,family-balanced 1500-input expansion,QF_DT.tar.zst,13bf882fceec9979ba4ea80333b994eeff0fcf4e046fb93d7b5d1518e704e4fb,https://zenodo.org/records/16740866,,20172804-Barrett/barrett-jsat/tests/v1/v1l20090.cvc.smt2,,,sat
smt-lib-2025/QF_DT/20230720-blocksworld/blocksworld_from_25_0_0_to_9_6_10_negated_goal_bmc_0.smt2,ea706ce473fc9fdbc9f03e9538e97c775c2555b92f43fd9883b1e2f9ec11a37e,smt-lib-2025/QF_DT,QF_DT,family-balanced 1500-input expansion,QF_DT.tar.zst,13bf882fceec9979ba4ea80333b994eeff0fcf4e046fb93d7b5d1518e704e4fb,https://zenodo.org/records/16740866,,20230720-blocksworld/blocksworld_from_25_0_0_to_9_6_10_negated_goal_bmc_0.smt2,,,unsat
smt-lib-2025/QF_DT/20172804-Barrett/barrett-jsat/tests/v5/v5l70034.cvc.smt2,73bd73ba068765705907f80d69de216d3ce2f24ed46096a10fcd787c8e4c0259,smt-lib-2025/QF_DT,QF_DT,family-balanced 1500-input expansion,QF_DT.tar.zst,13bf882fceec9979ba4ea80333b994eeff0fcf4e046fb93d7b5d1518e704e4fb,https://zenodo.org/records/16740866,,20172804-Barrett/barrett-jsat/tests/v5/v5l70034.cvc.smt2,,,sat
smt-lib-2025/QF_DT/20230720-blocksworld/blocksworld_from_0_0_8_to_1_3_4_negated_goal_bmc_2.smt2,65e2eb868d0fe041c872a8b1af85b5f91f964b0f4f79c6cc18a7ff9b0abe696e,smt-lib-2025/QF_DT,QF_DT,family-balanced 1500-input expansion,QF_DT.tar.zst,13bf882fceec9979ba4ea80333b994eeff0fcf4e046fb93d7b5d1518e704e4fb,https://zenodo.org/records/16740866,,20230720-blocksworld/blocksworld_from_0_0_8_to_1_3_4_negated_goal_bmc_2.smt2,,,unsat
smt-lib-2025/QF_DT/20172804-Barrett/barrett-jsat/tests/v3/v3l60061.cvc.smt2,544a90f2ebf9031fc7a36c8ea06fda4f08400607e83627739bb4cf55aafb19f6,smt-lib-2025/QF_DT,QF_DT,family-balanced 1500-input expansion,QF_DT.tar.zst,13bf882fceec9979ba4ea80333b994eeff0fcf4e046fb93d7b5d1518e704e4fb,https://zenodo.org/records/16740866,,20172804-Barrett/barrett-jsat/tests/v3/v3l60061.cvc.smt2,,,sat
smt-lib-2025/QF_DT/20230720-blocksworld/blocksworld_from_1_0_1_to_0_1_1_negated_goal_bmc_3.smt2,6adf8aa891566d1df15eb8110dc7ea69fdb3bbd47bf28d2b88d4904c46fef933,smt-lib-2025/QF_DT,QF_DT,family-balanced 1500-input expansion,QF_DT.tar.zst,13bf882fceec9979ba4ea80333b994eeff0fcf4e046fb93d7b5d1518e704e4fb,https://zenodo.org/records/16740866,,20230720-blocksworld/blocksworld_from_1_0_1_to_0_1_1_negated_goal_bmc_3.smt2,,,sat
smt-lib-2025/QF_DT/20172804-Barrett/barrett-jsat/typed/v1/typed_v1l90042.cvc.smt2,01260cd2d2323f970817285847548c1d0b5ad7b6dc2232df8798acc2e6bd3627,smt-lib-2025/QF_DT,QF_DT,family-balanced 1500-input expansion,QF_DT.tar.zst,13bf882fceec9979ba4ea80333b994eeff0fcf4e046fb93d7b5d1518e704e4fb,https://zenodo.org/records/16740866,,20172804-Barrett/barrett-jsat/typed/v1/typed_v1l90042.cvc.smt2,,,unsat
smt-lib-2025/QF_DT/20230720-blocksworld/blocksworld_from_8_2_4_to_0_3_11_negated_goal_bmc_0.smt2,deb1aa93ce25159b9ad30eb538c5f70bd02400005c9f0adb6281c260a2f001f5,smt-lib-2025/QF_DT,QF_DT,family-balanced 1500-input expansion,QF_DT.tar.zst,13bf882fceec9979ba4ea80333b994eeff0fcf4e046fb93d7b5d1518e704e4fb,https://zenodo.org/records/16740866,,20230720-blocksworld/blocksworld_from_8_2_4_to_0_3_11_negated_goal_bmc_0.smt2,,,unsat
smt-lib-2025/QF_DT/20172804-Barrett/barrett-jsat/typed/v10/typed_v10l30062.cvc.smt2,1b97557a40edf4524dc1d94437fa6045e08ffe9b9310bb671feb7ffbbe2670b9,smt-lib-2025/QF_DT,QF_DT,family-balanced 1500-input expansion,QF_DT.tar.zst,13bf882fceec9979ba4ea80333b994eeff0fcf4e046fb93d7b5d1518e704e4fb,https://zenodo.org/records/16740866,,20172804-Barrett/barrett-jsat/typed/v10/typed_v10l30062.cvc.smt2,,,sat
smt-lib-2025/QF_DT/20230720-blocksworld/blocksworld_from_14_1_0_to_5_1_9_negated_goal_bmc_0.smt2,10f1ba23a098de9247fbdcd480a1ba87c45077bac3ebe9c85748333db0ae104d,smt-lib-2025/QF_DT,QF_DT,family-balanced 1500-input expansion,QF_DT.tar.zst,13bf882fceec9979ba4ea80333b994eeff0fcf4e046fb93d7b5d1518e704e4fb,https://zenodo.org/records/16740866,,20230720-blocksworld/blocksworld_from_14_1_0_to_5_1_9_negated_goal_bmc_0.smt2,,,unsat
smt-lib-2025/QF_DT/20172804-Barrett/barrett-jsat/typed/v3/typed_v3l20042.cvc.smt2,5017778c5ce75a72aba075a50b9fdb90a04e9bbdeba59ce85b6593cfa3911f46,smt-lib-2025/QF_DT,QF_DT,family-balanced 1500-input expansion,QF_DT.tar.zst,13bf882fceec9979ba4ea80333b994eeff0fcf4e046fb93d7b5d1518e704e4fb,https://zenodo.org/records/16740866,,20172804-Barrett/barrett-jsat/typed/v3/typed_v3l20042.cvc.smt2,,,sat
smt-lib-2025/QF_DT/20230720-blocksworld/blocksworld_from_17_2_1_to_19_1_0_negated_goal_bmc_1.smt2,90b05a4f5e6239218a3d258c3db60411332006e4c858e5c8676322e2488b6bce,smt-lib-2025/QF_DT,QF_DT,family-balanced 1500-input expansion,QF_DT.tar.zst,13bf882fceec9979ba4ea80333b994eeff0fcf4e046fb93d7b5d1518e704e4fb,https://zenodo.org/records/16740866,,20230720-blocksworld/blocksworld_from_17_2_1_to_19_1_0_negated_goal_bmc_1.smt2,,,unsat
smt-lib-2025/QF_DT/20172804-Barrett/barrett-jsat/typed/v10/typed_v10l20091.cvc.smt2,ae23f8a3dcebff11345d78566dd7261d25ae3f6724fd8e8c4fba6e33e26a01c7,smt-lib-2025/QF_DT,QF_DT,family-balanced 1500-input expansion,QF_DT.tar.zst,13bf882fceec9979ba4ea80333b994eeff0fcf4e046fb93d7b5d1518e704e4fb,https://zenodo.org/records/16740866,,20172804-Barrett/barrett-jsat/typed/v10/typed_v10l20091.cvc.smt2,,,sat
smt-lib-2025/QF_DT/20230720-blocksworld/blocksworld_from_12_7_0_to_11_3_5_negated_goal_bmc_1.smt2,dc29da5cd0b48032892c0b7b034a36efbe55a38b407ee4d66e9a614b6e87fe8f,smt-lib-2025/QF_DT,QF_DT,family-balanced 1500-input expansion,QF_DT.tar.zst,13bf882fceec9979ba4ea80333b994eeff0fcf4e046fb93d7b5d1518e704e4fb,https://zenodo.org/records/16740866,,20230720-blocksworld/blocksworld_from_12_7_0_to_11_3_5_negated_goal_bmc_1.smt2,,,unsat
smt-lib-2025/QF_DT/20172804-Barrett/barrett-jsat/typed/v10/typed_v10l90082.cvc.smt2,7f6401f4e58159b550f3dbb3519aa59d4ff5acdf9bc722d0b5746f1b4aec8aec,smt-lib-2025/QF_DT,QF_DT,family-balanced 1500-input expansion,QF_DT.tar.zst,13bf882fceec9979ba4ea80333b994eeff0fcf4e046fb93d7b5d1518e704e4fb,https://zenodo.org/records/16740866,,20172804-Barrett/barrett-jsat/typed/v10/typed_v10l90082.cvc.smt2,,,sat
smt-lib-2025/QF_DT/20230720-blocksworld/blocksworld_from_22_0_2_to_9_12_3_negated_goal_bmc_0.smt2,100e046641cd0fdeaf67ea4b636d6fc76f749c029ba13661c5c745324f22cbf7,smt-lib-2025/QF_DT,QF_DT,family-balanced 1500-input expansion,QF_DT.tar.zst,13bf882fceec9979ba4ea80333b994eeff0fcf4e046fb93d7b5d1518e704e4fb,https://zenodo.org/records/16740866,,20230720-blocksworld/blocksworld_from_22_0_2_to_9_12_3_negated_goal_bmc_0.smt2,,,unsat
smt-lib-2025/QF_DT/20172804-Barrett/barrett-jsat/typed/v10/typed_v10l40096.cvc.smt2,f8fdded2bc0470357b91ad4c82c6fdc2b59f45a529221879141a78f6d47f25b9,smt-lib-2025/QF_DT,QF_DT,family-balanced 1500-input expansion,QF_DT.tar.zst,13bf882fceec9979ba4ea80333b994eeff0fcf4e046fb93d7b5d1518e704e4fb,https://zenodo.org/records/16740866,,20172804-Barrett/barrett-jsat/typed/v10/typed_v10l40096.cvc.smt2,,,sat
smt-lib-2025/QF_DT/20230720-blocksworld/blocksworld_from_4_1_2_to_4_2_1_negated_goal_bmc_0.smt2,e3a8abf92f3cbbfa8599e936e396129e695402f04265ad1f6f7807cffcffe793,smt-lib-2025/QF_DT,QF_DT,family-balanced 1500-input expansion,QF_DT.tar.zst,13bf882fceec9979ba4ea80333b994eeff0fcf4e046fb93d7b5d1518e704e4fb,https://zenodo.org/records/16740866,,20230720-blocksworld/blocksworld_from_4_1_2_to_4_2_1_negated_goal_bmc_0.smt2,,,unsat
smt-lib-2025/QF_DT/20172804-Barrett/barrett-jsat/typed/v3/typed_v3l80008.cvc.smt2,7a341cdcdb8524f988ac73e0db2d1de7796daadb353e35414477c6079204e2b5,smt-lib-2025/QF_DT,QF_DT,family-balanced 1500-input expansion,QF_DT.tar.zst,13bf882fceec9979ba4ea80333b994eeff0fcf4e046fb93d7b5d1518e704e4fb,https://zenodo.org/records/16740866,,20172804-Barrett/barrett-jsat/typed/v3/typed_v3l80008.cvc.smt2,,,sat
smt-lib-2025/QF_DT/20230720-blocksworld/blocksworld_from_1_1_7_to_3_0_6_negated_goal_bmc_3.smt2,8adb023e75171f05f15e1bbbecfc880d3d2af67fc6db09d1646819c30b246b90,smt-lib-2025/QF_DT,QF_DT,family-balanced 1500-input expansion,QF_DT.tar.zst,13bf882fceec9979ba4ea80333b994eeff0fcf4e046fb93d7b5d1518e704e4fb,https://zenodo.org/records/16740866,,20230720-blocksworld/blocksworld_from_1_1_7_to_3_0_6_negated_goal_bmc_3.smt2,,,unsat
smt-lib-2025/QF_DT/20172804-Barrett/barrett-jsat/tests/v1/v1l70083.cvc.smt2,c38a3e36c6cfd0fe097072f8b58090218529ed0484e9af7c0c699bc974ee503e,smt-lib-2025/QF_DT,QF_DT,family-balanced 1500-input expansion,QF_DT.tar.zst,13bf882fceec9979ba4ea80333b994eeff0fcf4e046fb93d7b5d1518e704e4fb,https://zenodo.org/records/16740866,,20172804-Barrett/barrett-jsat/tests/v1/v1l70083.cvc.smt2,,,unsat
smt-lib-2025/QF_DT/20172804-Barrett/barrett-jsat/tests/v3/v3l20023.cvc.smt2,812fe57df7d407cbcedb629349c01bafab81189a3a8e39edc80f50db497687b2,smt-lib-2025/QF_DT,QF_DT,family-balanced 1500-input expansion,QF_DT.tar.zst,13bf882fceec9979ba4ea80333b994eeff0fcf4e046fb93d7b5d1518e704e4fb,https://zenodo.org/records/16740866,,20172804-Barrett/barrett-jsat/tests/v3/v3l20023.cvc.smt2,,,sat
smt-lib-2025/QF_DT/20172804-Barrett/barrett-jsat/tests/v3/v3l80069.cvc.smt2,154a523058c3d551a96e65c20a41c8cf1c155ddb25c8f24b9f204bf06f07a2ab,smt-lib-2025/QF_DT,QF_DT,family-balanced 1500-input expansion,QF_DT.tar.zst,13bf882fceec9979ba4ea80333b994eeff0fcf4e046fb93d7b5d1518e704e4fb,https://zenodo.org/records/16740866,,20172804-Barrett/barrett-jsat/tests/v3/v3l80069.cvc.smt2,,,unsat
smt-lib-2025/QF_DT/20172804-Barrett/barrett-jsat/typed/v2/typed_v2l50068.cvc.smt2,bcf98cb35ad56c17ea920c186b2322f67ba10b93d39086ac6411d5ffa71c21e1,smt-lib-2025/QF_DT,QF_DT,family-balanced 1500-input expansion,QF_DT.tar.zst,13bf882fceec9979ba4ea80333b994eeff0fcf4e046fb93d7b5d1518e704e4fb,https://zenodo.org/records/16740866,,20172804-Barrett/barrett-jsat/typed/v2/typed_v2l50068.cvc.smt2,,,unsat
smt-lib-2025/QF_DT/20172804-Barrett/barrett-jsat/typed/v2/typed_v2l40066.cvc.smt2,3e4335258fa9ce3c8a784b3dc76bd2bb8c11614b512a910fc191a26347e01447,smt-lib-2025/QF_DT,QF_DT,family-balanced 1500-input expansion,QF_DT.tar.zst,13bf882fceec9979ba4ea80333b994eeff0fcf4e046fb93d7b5d1518e704e4fb,https://zenodo.org/records/16740866,,20172804-Barrett/barrett-jsat/typed/v2/typed_v2l40066.cvc.smt2,,,sat
smt-lib-2025/QF_DT/20172804-Barrett/barrett-jsat/typed/v3/typed_v3l60080.cvc.smt2,02400bbddbd64e176de6e87716abe8b03ef3bf2187aa5a6ed828576ff3c18cd0,smt-lib-2025/QF_DT,QF_DT,family-balanced 1500-input expansion,QF_DT.tar.zst,13bf882fceec9979ba4ea80333b994eeff0fcf4e046fb93d7b5d1518e704e4fb,https://zenodo.org/records/16740866,,20172804-Barrett/barrett-jsat/typed/v3/typed_v3l60080.cvc.smt2,,,unsat
smt-lib-2025/QF_DT/20172804-Barrett/barrett-jsat/typed/v5/typed_v5l60021.cvc.smt2,13c8b2aa48c6b32de7838c877dd4d9b9c826b89e93e675e2ae01302496ac669a,smt-lib-2025/QF_DT,QF_DT,family-balanced 1500-input expansion,QF_DT.tar.zst,13bf882fceec9979ba4ea80333b994eeff0fcf4e046fb93d7b5d1518e704e4fb,https://zenodo.org/records/16740866,,20172804-Barrett/barrett-jsat/typed/v5/typed_v5l60021.cvc.smt2,,,sat
smt-lib-2025/QF_DT/20172804-Barrett/barrett-jsat/typed/v2/typed_v2l80012.cvc.smt2,ef37e70b4a1fe38d8a92f8116711953963bcf39b5f88cda0196721cc27f0811d,smt-lib-2025/QF_DT,QF_DT,family-balanced 1500-input expansion,QF_DT.tar.zst,13bf882fceec9979ba4ea80333b994eeff0fcf4e046fb93d7b5d1518e704e4fb,https://zenodo.org/records/16740866,,20172804-Barrett/barrett-jsat/typed/v2/typed_v2l80012.cvc.smt2,,,unsat
smt-lib-2025/QF_DT/20172804-Barrett/barrett-jsat/typed/v3/typed_v3l70067.cvc.smt2,d7eb7368b1403ecae9d18b3828df9c8db8c550b6032947fcbddf3c198fab6a08,smt-lib-2025/QF_DT,QF_DT,family-balanced 1500-input expansion,QF_DT.tar.zst,13bf882fceec9979ba4ea80333b994eeff0fcf4e046fb93d7b5d1518e704e4fb,https://zenodo.org/records/16740866,,20172804-Barrett/barrett-jsat/typed/v3/typed_v3l70067.cvc.smt2,,,unsat
smt-lib-2025/QF_DT/20172804-Barrett/barrett-jsat/tests/v10/v10l40065.cvc.smt2,8a2aefa99d3e41ba89076eb84771b15b08f686be1452e69a3db7213a5e9b51d9,smt-lib-2025/QF_DT,QF_DT,family-balanced 1500-input expansion,QF_DT.tar.zst,13bf882fceec9979ba4ea80333b994eeff0fcf4e046fb93d7b5d1518e704e4fb,https://zenodo.org/records/16740866,,20172804-Barrett/barrett-jsat/tests/v10/v10l40065.cvc.smt2,,,sat
smt-lib-2025/QF_DT/20172804-Barrett/barrett-jsat/typed/v10/typed_v10l30034.cvc.smt2,066e6ee5437110bad638e7c66c5ff7cc120f7f0078a47a3d39e4ea841e368a46,smt-lib-2025/QF_DT,QF_DT,family-balanced 1500-input expansion,QF_DT.tar.zst,13bf882fceec9979ba4ea80333b994eeff0fcf4e046fb93d7b5d1518e704e4fb,https://zenodo.org/records/16740866,,20172804-Barrett/barrett-jsat/typed/v10/typed_v10l30034.cvc.smt2,,,sat
smt-lib-2025/QF_DT/20172804-Barrett/barrett-jsat/tests/v1/v1l90034.cvc.smt2,a6e7f52e310ca53f189e072bc40405cb71d39ae10ccd4ec1bfea6dca0e1082c8,smt-lib-2025/QF_DT,QF_DT,family-balanced 1500-input expansion,QF_DT.tar.zst,13bf882fceec9979ba4ea80333b994eeff0fcf4e046fb93d7b5d1518e704e4fb,https://zenodo.org/records/16740866,,20172804-Barrett/barrett-jsat/tests/v1/v1l90034.cvc.smt2,,,unsat
smt-lib-2025/QF_DT/20172804-Barrett/barrett-jsat/typed/v3/typed_v3l50035.cvc.smt2,14eebd95d5b6744aad9b16c073626c168d441d8c10a7d8c924d4c85f10abee0e,smt-lib-2025/QF_DT,QF_DT,family-balanced 1500-input expansion,QF_DT.tar.zst,13bf882fceec9979ba4ea80333b994eeff0fcf4e046fb93d7b5d1518e704e4fb,https://zenodo.org/records/16740866,,20172804-Barrett/barrett-jsat/typed/v3/typed_v3l50035.cvc.smt2,,,sat
smt-lib-2025/QF_DT/20172804-Barrett/barrett-jsat/typed/v2/typed_v2l40023.cvc.smt2,34e63041505de57571965bd2f0debef854d47c8be51984f08363439973c468f8,smt-lib-2025/QF_DT,QF_DT,family-balanced 1500-input expansion,QF_DT.tar.zst,13bf882fceec9979ba4ea80333b994eeff0fcf4e046fb93d7b5d1518e704e4fb,https://zenodo.org/records/16740866,,20172804-Barrett/barrett-jsat/typed/v2/typed_v2l40023.cvc.smt2,,,sat
smt-lib-2025/QF_DT/20172804-Barrett/barrett-jsat/tests/v3/v3l20017.cvc.smt2,07342080dce85e5e5b259de7afaf38a5b5660ad7d32e52eeb9abd2731435538b,smt-lib-2025/QF_DT,QF_DT,family-balanced 1500-input expansion,QF_DT.tar.zst,13bf882fceec9979ba4ea80333b994eeff0fcf4e046fb93d7b5d1518e704e4fb,https://zenodo.org/records/16740866,,20172804-Barrett/barrett-jsat/tests/v3/v3l20017.cvc.smt2,,,sat
smt-lib-2025/QF_DT/20172804-Barrett/barrett-jsat/typed/v3/typed_v3l70036.cvc.smt2,d3ba6f7c26f6d13ee9ba1ded77c691d49c7c9c3c6696ad4ac9f9efe5b9741829,smt-lib-2025/QF_DT,QF_DT,family-balanced 1500-input expansion,QF_DT.tar.zst,13bf882fceec9979ba4ea80333b994eeff0fcf4e046fb93d7b5d1518e704e4fb,https://zenodo.org/records/16740866,,20172804-Barrett/barrett-jsat/typed/v3/typed_v3l70036.cvc.smt2,,,unsat
smt-lib-2025/QF_DT/20172804-Barrett/barrett-jsat/typed/v3/typed_v3l90050.cvc.smt2,e176ac36b0cf82d4498237c71b01127dfa3093fe4ec27eb93569bcf5b6073795,smt-lib-2025/QF_DT,QF_DT,family-balanced 1500-input expansion,QF_DT.tar.zst,13bf882fceec9979ba4ea80333b994eeff0fcf4e046fb93d7b5d1518e704e4fb,https://zenodo.org/records/16740866,,20172804-Barrett/barrett-jsat/typed/v3/typed_v3l90050.cvc.smt2,,,unsat
smt-lib-2025/QF_DT/20172804-Barrett/barrett-jsat/tests/v5/v5l50068.cvc.smt2,26ca107fe350404c4d49a91486cda96f11686f704edf27a4c8e4d08c0484b9e6,smt-lib-2025/QF_DT,QF_DT,family-balanced 1500-input expansion,QF_DT.tar.zst,13bf882fceec9979ba4ea80333b994eeff0fcf4e046fb93d7b5d1518e704e4fb,https://zenodo.org/records/16740866,,20172804-Barrett/barrett-jsat/tests/v5/v5l50068.cvc.smt2,,,sat
smt-lib-2025/QF_DT/20172804-Barrett/barrett-jsat/tests/v1/v1l90001.cvc.smt2,3a32feedd5d2d23d4045c4ed299fcb4f69dc1ff21cccd972d167cd1e46831995,smt-lib-2025/QF_DT,QF_DT,family-balanced 1500-input expansion,QF_DT.tar.zst,13bf882fceec9979ba4ea80333b994eeff0fcf4e046fb93d7b5d1518e704e4fb,https://zenodo.org/records/16740866,,20172804-Barrett/barrett-jsat/tests/v1/v1l90001.cvc.smt2,,,unsat
smt-lib-2025/QF_DT/20172804-Barrett/barrett-jsat/typed/v2/typed_v2l50056.cvc.smt2,67e67f8393faa22c2b1dfd78b86c1cc73304f634412cd5e36473e6117f0ec68e,smt-lib-2025/QF_DT,QF_DT,family-balanced 1500-input expansion,QF_DT.tar.zst,13bf882fceec9979ba4ea80333b994eeff0fcf4e046fb93d7b5d1518e704e4fb,https://zenodo.org/records/16740866,,20172804-Barrett/barrett-jsat/typed/v2/typed_v2l50056.cvc.smt2,,,sat
smt-lib-2025/QF_DT/20172804-Barrett/barrett-jsat/tests/v10/v10l50006.cvc.smt2,88055cbb5e34d2513a2be001c53ed8d64b53f09b8364bffe8f1a043b49daae43,smt-lib-2025/QF_DT,QF_DT,family-balanced 1500-input expansion,QF_DT.tar.zst,13bf882fceec9979ba4ea80333b994eeff0fcf4e046fb93d7b5d1518e704e4fb,https://zenodo.org/records/16740866,,20172804-Barrett/barrett-jsat/tests/v10/v10l50006.cvc.smt2,,,sat
smt-lib-2025/QF_DT/20172804-Barrett/barrett-jsat/typed/v3/typed_v3l30095.cvc.smt2,abb74aea8c46a17e614eac142ecbcde8c5e9af6dbb9af3354e07e758a4013b2d,smt-lib-2025/QF_DT,QF_DT,family-balanced 1500-input expansion,QF_DT.tar.zst,13bf882fceec9979ba4ea80333b994eeff0fcf4e046fb93d7b5d1518e704e4fb,https://zenodo.org/records/16740866,,20172804-Barrett/barrett-jsat/typed/v3/typed_v3l30095.cvc.smt2,,,sat
smt-lib-2025/QF_DT/20172804-Barrett/barrett-jsat/typed/v2/typed_v2l60039.cvc.smt2,86a9ed2ab406fcc090c342de2ed39e429f5c25cf2d5d1814ce31dfb066bdf23b,smt-lib-2025/QF_DT,QF_DT,family-balanced 1500-input expansion,QF_DT.tar.zst,13bf882fceec9979ba4ea80333b994eeff0fcf4e046fb93d7b5d1518e704e4fb,https://zenodo.org/records/16740866,,20172804-Barrett/barrett-jsat/typed/v2/typed_v2l60039.cvc.smt2,,,sat
smt-lib-2025/QF_DT/20172804-Barrett/barrett-jsat/typed/v5/typed_v5l60052.cvc.smt2,9a99ca4ef485aafa5dc2967b7a314a562fb58cae6713f32faa3ba7fb8c6b3f06,smt-lib-2025/QF_DT,QF_DT,family-balanced 1500-input expansion,QF_DT.tar.zst,13bf882fceec9979ba4ea80333b994eeff0fcf4e046fb93d7b5d1518e704e4fb,https://zenodo.org/records/16740866,,20172804-Barrett/barrett-jsat/typed/v5/typed_v5l60052.cvc.smt2,,,unsat
smt-lib-2025/QF_DT/20172804-Barrett/barrett-jsat/typed/v5/typed_v5l80014.cvc.smt2,28c3add1e496f7aa37657bdba7ff51692815c6cb5c90c032e88557154196fe9f,smt-lib-2025/QF_DT,QF_DT,family-balanced 1500-input expansion,QF_DT.tar.zst,13bf882fceec9979ba4ea80333b994eeff0fcf4e046fb93d7b5d1518e704e4fb,https://zenodo.org/records/16740866,,20172804-Barrett/barrett-jsat/typed/v5/typed_v5l80014.cvc.smt2,,,sat
smt-lib-2025/QF_DT/20172804-Barrett/barrett-jsat/tests/v5/v5l80061.cvc.smt2,d79129b01ca4ef74f2364e5d2cf194b01be191b57cae2306de743f5ba6a41270,smt-lib-2025/QF_DT,QF_DT,family-balanced 1500-input expansion,QF_DT.tar.zst,13bf882fceec9979ba4ea80333b994eeff0fcf4e046fb93d7b5d1518e704e4fb,https://zenodo.org/records/16740866,,20172804-Barrett/barrett-jsat/tests/v5/v5l80061.cvc.smt2,,,sat
smt-lib-2025/QF_DT/20172804-Barrett/barrett-jsat/typed/v5/typed_v5l90025.cvc.smt2,a7461c1a824505e71e7a19cc1499617e231c386a3ca361765c2ae2b6920ad0c6,smt-lib-2025/QF_DT,QF_DT,family-balanced 1500-input expansion,QF_DT.tar.zst,13bf882fceec9979ba4ea80333b994eeff0fcf4e046fb93d7b5d1518e704e4fb,https://zenodo.org/records/16740866,,20172804-Barrett/barrett-jsat/typed/v5/typed_v5l90025.cvc.smt2,,,sat
smt-lib-2025/QF_DT/20172804-Barrett/barrett-jsat/typed/v2/typed_v2l80033.cvc.smt2,ebfaec54c3f92762ba7ba0dc8fd6c13f32201b6ae229d57cfbed66cc28aae2f7,smt-lib-2025/QF_DT,QF_DT,family-balanced 1500-input expansion,QF_DT.tar.zst,13bf882fceec9979ba4ea80333b994eeff0fcf4e046fb93d7b5d1518e704e4fb,https://zenodo.org/records/16740866,,20172804-Barrett/barrett-jsat/typed/v2/typed_v2l80033.cvc.smt2,,,unsat
smt-lib-2025/QF_DT/20172804-Barrett/barrett-jsat/typed/v10/typed_v10l30003.cvc.smt2,5bfa58ea458d9b7ae215909f0ff761a631ca1696fa4eb74bb2ea39117a0cc389,smt-lib-2025/QF_DT,QF_DT,family-balanced 1500-input expansion,QF_DT.tar.zst,13bf882fceec9979ba4ea80333b994eeff0fcf4e046fb93d7b5d1518e704e4fb,https://zenodo.org/records/16740866,,20172804-Barrett/barrett-jsat/typed/v10/typed_v10l30003.cvc.smt2,,,sat
smt-lib-2025/QF_DT/20172804-Barrett/barrett-jsat/typed/v5/typed_v5l20025.cvc.smt2,f80b1b8729292325e2be9a3e87a28ef975de600ab44620b2914d03b307cb9188,smt-lib-2025/QF_DT,QF_DT,family-balanced 1500-input expansion,QF_DT.tar.zst,13bf882fceec9979ba4ea80333b994eeff0fcf4e046fb93d7b5d1518e704e4fb,https://zenodo.org/records/16740866,,20172804-Barrett/barrett-jsat/typed/v5/typed_v5l20025.cvc.smt2,,,sat
smt-lib-2025/QF_DT/20172804-Barrett/barrett-jsat/tests/v3/v3l90016.cvc.smt2,ae6a6f2f060c9f4c4483fdffe4244a6a5908eeed06b4d54b5c9f1c65af4f2251,smt-lib-2025/QF_DT,QF_DT,family-balanced 1500-input expansion,QF_DT.tar.zst,13bf882fceec9979ba4ea80333b994eeff0fcf4e046fb93d7b5d1518e704e4fb,https://zenodo.org/records/16740866,,20172804-Barrett/barrett-jsat/tests/v3/v3l90016.cvc.smt2,,,unsat
smt-lib-2025/QF_DT/20172804-Barrett/barrett-jsat/tests/v3/v3l20077.cvc.smt2,d351c7c7b280a0cc00a3b65634b870a440194ef0bd75de52acc48a23aa540e49,smt-lib-2025/QF_DT,QF_DT,family-balanced 1500-input expansion,QF_DT.tar.zst,13bf882fceec9979ba4ea80333b994eeff0fcf4e046fb93d7b5d1518e704e4fb,https://zenodo.org/records/16740866,,20172804-Barrett/barrett-jsat/tests/v3/v3l20077.cvc.smt2,,,sat
smt-lib-2025/QF_DT/20172804-Barrett/barrett-jsat/tests/v10/v10l30067.cvc.smt2,9a213fb6a1ecbfb1cc534381059dec66881450dc70da1755b66b1849ed48a04f,smt-lib-2025/QF_DT,QF_DT,family-balanced 1500-input expansion,QF_DT.tar.zst,13bf882fceec9979ba4ea80333b994eeff0fcf4e046fb93d7b5d1518e704e4fb,https://zenodo.org/records/16740866,,20172804-Barrett/barrett-jsat/tests/v10/v10l30067.cvc.smt2,,,sat
smt-lib-2025/QF_DT/20172804-Barrett/barrett-jsat/tests/v3/v3l30080.cvc.smt2,b72c4d7b2162f98390fcf7366a367720894431ee33b14ba464d1dedb87957a45,smt-lib-2025/QF_DT,QF_DT,family-balanced 1500-input expansion,QF_DT.tar.zst,13bf882fceec9979ba4ea80333b994eeff0fcf4e046fb93d7b5d1518e704e4fb,https://zenodo.org/records/16740866,,20172804-Barrett/barrett-jsat/tests/v3/v3l30080.cvc.smt2,,,unsat
smt-lib-2025/QF_DT/20172804-Barrett/barrett-jsat/typed/v10/typed_v10l40080.cvc.smt2,b06e7ba8f35118df2976102833470ebbb1e970ebf188861a67c8b3a057b6469e,smt-lib-2025/QF_DT,QF_DT,family-balanced 1500-input expansion,QF_DT.tar.zst,13bf882fceec9979ba4ea80333b994eeff0fcf4e046fb93d7b5d1518e704e4fb,https://zenodo.org/records/16740866,,20172804-Barrett/barrett-jsat/typed/v10/typed_v10l40080.cvc.smt2,,,sat
smt-lib-2025/QF_DT/20172804-Barrett/barrett-jsat/typed/v5/typed_v5l80027.cvc.smt2,de1cfee8419091eecdf90166db89c264a06fd926e4f0a4ebf7884f9d1093c931,smt-lib-2025/QF_DT,QF_DT,family-balanced 1500-input expansion,QF_DT.tar.zst,13bf882fceec9979ba4ea80333b994eeff0fcf4e046fb93d7b5d1518e704e4fb,https://zenodo.org/records/16740866,,20172804-Barrett/barrett-jsat/typed/v5/typed_v5l80027.cvc.smt2,,,unsat
smt-lib-2025/QF_DT/20172804-Barrett/barrett-jsat/typed/v2/typed_v2l90016.cvc.smt2,cde259ca9798d6de91c1184effd8fae9c79ffebf8b65c15298becf442b717b33,smt-lib-2025/QF_DT,QF_DT,family-balanced 1500-input expansion,QF_DT.tar.zst,13bf882fceec9979ba4ea80333b994eeff0fcf4e046fb93d7b5d1518e704e4fb,https://zenodo.org/records/16740866,,20172804-Barrett/barrett-jsat/typed/v2/typed_v2l90016.cvc.smt2,,,unsat
smt-lib-2025/QF_DT/20172804-Barrett/barrett-jsat/typed/v1/typed_v1l90041.cvc.smt2,bc33e08604cc38b8affae79d2895f45a98a8b4ec393dc6b1d2c01ad8481db1f1,smt-lib-2025/QF_DT,QF_DT,family-balanced 1500-input expansion,QF_DT.tar.zst,13bf882fceec9979ba4ea80333b994eeff0fcf4e046fb93d7b5d1518e704e4fb,https://zenodo.org/records/16740866,,20172804-Barrett/barrett-jsat/typed/v1/typed_v1l90041.cvc.smt2,,,unsat
smt-lib-2025/QF_DT/20172804-Barrett/barrett-jsat/tests/v5/v5l90064.cvc.smt2,72dcb512248829a3b4c49b00a78ee415f2e904633a703ed62b820b4ffc2c7478,smt-lib-2025/QF_DT,QF_DT,family-balanced 1500-input expansion,QF_DT.tar.zst,13bf882fceec9979ba4ea80333b994eeff0fcf4e046fb93d7b5d1518e704e4fb,https://zenodo.org/records/16740866,,20172804-Barrett/barrett-jsat/tests/v5/v5l90064.cvc.smt2,,,sat
smt-lib-2025/QF_DT/20172804-Barrett/barrett-jsat/typed/v10/typed_v10l60062.cvc.smt2,0c577514a577a9be928c67c7fa9c7f954bf8bfd9cacb28297fc3143586ebb792,smt-lib-2025/QF_DT,QF_DT,family-balanced 1500-input expansion,QF_DT.tar.zst,13bf882fceec9979ba4ea80333b994eeff0fcf4e046fb93d7b5d1518e704e4fb,https://zenodo.org/records/16740866,,20172804-Barrett/barrett-jsat/typed/v10/typed_v10l60062.cvc.smt2,,,sat
smt-lib-2025/QF_DT/20172804-Barrett/barrett-jsat/tests/v5/v5l40014.cvc.smt2,47c5fc8a8d2a12b0c2cf961179c1bc63695507b2181cb9c523235938f3370572,smt-lib-2025/QF_DT,QF_DT,family-balanced 1500-input expansion,QF_DT.tar.zst,13bf882fceec9979ba4ea80333b994eeff0fcf4e046fb93d7b5d1518e704e4fb,https://zenodo.org/records/16740866,,20172804-Barrett/barrett-jsat/tests/v5/v5l40014.cvc.smt2,,,sat
smt-lib-2025/QF_DT/20172804-Barrett/barrett-jsat/tests/v5/v5l90024.cvc.smt2,367d35859a2b60cc279933f479bad79d9feee5a911e347999344ab4385f3fa43,smt-lib-2025/QF_DT,QF_DT,family-balanced 1500-input expansion,QF_DT.tar.zst,13bf882fceec9979ba4ea80333b994eeff0fcf4e046fb93d7b5d1518e704e4fb,https://zenodo.org/records/16740866,,20172804-Barrett/barrett-jsat/tests/v5/v5l90024.cvc.smt2,,,sat
smt-lib-2025/QF_DT/20172804-Barrett/barrett-jsat/typed/v1/typed_v1l40090.cvc.smt2,331d67cd805b57287daccd59a9edf4605957ca77335d8488b86f72b1fe390285,smt-lib-2025/QF_DT,QF_DT,family-balanced 1500-input expansion,QF_DT.tar.zst,13bf882fceec9979ba4ea80333b994eeff0fcf4e046fb93d7b5d1518e704e4fb,https://zenodo.org/records/16740866,,20172804-Barrett/barrett-jsat/typed/v1/typed_v1l40090.cvc.smt2,,,unsat
smt-lib-2025/QF_DT/20172804-Barrett/barrett-jsat/tests/v10/v10l90023.cvc.smt2,e486909e677775da1e6892210e6944a27f9a3c981299bbc8c4749cb59662252b,smt-lib-2025/QF_DT,QF_DT,family-balanced 1500-input expansion,QF_DT.tar.zst,13bf882fceec9979ba4ea80333b994eeff0fcf4e046fb93d7b5d1518e704e4fb,https://zenodo.org/records/16740866,,20172804-Barrett/barrett-jsat/tests/v10/v10l90023.cvc.smt2,,,sat
smt-lib-2025/QF_DT/20172804-Barrett/barrett-jsat/typed/v5/typed_v5l90087.cvc.smt2,3cdaa62bab9ec95f39b9cccd0825ff665721eb5e01377934a733931ba406950f,smt-lib-2025/QF_DT,QF_DT,family-balanced 1500-input expansion,QF_DT.tar.zst,13bf882fceec9979ba4ea80333b994eeff0fcf4e046fb93d7b5d1518e704e4fb,https://zenodo.org/records/16740866,,20172804-Barrett/barrett-jsat/typed/v5/typed_v5l90087.cvc.smt2,,,unsat
smt-lib-2025/QF_DT/20172804-Barrett/barrett-jsat/tests/v3/v3l40022.cvc.smt2,589860c54703e767aaf0c529c39038e1f86390295b773a2f4a0bc9d9801b80d7,smt-lib-2025/QF_DT,QF_DT,family-balanced 1500-input expansion,QF_DT.tar.zst,13bf882fceec9979ba4ea80333b994eeff0fcf4e046fb93d7b5d1518e704e4fb,https://zenodo.org/records/16740866,,20172804-Barrett/barrett-jsat/tests/v3/v3l40022.cvc.smt2,,,sat
smt-lib-2025/QF_DT/20172804-Barrett/barrett-jsat/tests/v2/v2l50086.cvc.smt2,606573c86dafd7c01434377885386db4ad46a2f75cba745782fd8af539eb8bda,smt-lib-2025/QF_DT,QF_DT,family-balanced 1500-input expansion,QF_DT.tar.zst,13bf882fceec9979ba4ea80333b994eeff0fcf4e046fb93d7b5d1518e704e4fb,https://zenodo.org/records/16740866,,20172804-Barrett/barrett-jsat/tests/v2/v2l50086.cvc.smt2,,,sat
smt-lib-2025/QF_DT/20172804-Barrett/barrett-jsat/tests/v3/v3l90095.cvc.smt2,af9709c128a2f63a5f95b716fa27d2cc8282b61a126fd7cf16d4bdf9548d159f,smt-lib-2025/QF_DT,QF_DT,family-balanced 1500-input expansion,QF_DT.tar.zst,13bf882fceec9979ba4ea80333b994eeff0fcf4e046fb93d7b5d1518e704e4fb,https://zenodo.org/records/16740866,,20172804-Barrett/barrett-jsat/tests/v3/v3l90095.cvc.smt2,,,unsat
smt-lib-2025/QF_DT/20172804-Barrett/barrett-jsat/tests/v3/v3l70076.cvc.smt2,c4095a5fb4c55c6c215b1f23dfd9fd547536e85e0ca11ea2522cf8bf5e4327d1,smt-lib-2025/QF_DT,QF_DT,family-balanced 1500-input expansion,QF_DT.tar.zst,13bf882fceec9979ba4ea80333b994eeff0fcf4e046fb93d7b5d1518e704e4fb,https://zenodo.org/records/16740866,,20172804-Barrett/barrett-jsat/tests/v3/v3l70076.cvc.smt2,,,unsat
smt-lib-2025/QF_DT/20172804-Barrett/barrett-jsat/tests/v1/v1l60061.cvc.smt2,8d2e2ac51474e0244f3c2a040086a0aa401d4262a111bbc9a1d4262e6f8a156c,smt-lib-2025/QF_DT,QF_DT,family-balanced 1500-input expansion,QF_DT.tar.zst,13bf882fceec9979ba4ea80333b994eeff0fcf4e046fb93d7b5d1518e704e4fb,https://zenodo.org/records/16740866,,20172804-Barrett/barrett-jsat/tests/v1/v1l60061.cvc.smt2,,,unsat
smt-lib-2025/QF_DT/20172804-Barrett/barrett-jsat/tests/v1/v1l70018.cvc.smt2,170708d9850f4379403e0274dfa14b055c016cd545dd8a9a86f7c63fc5f14ca4,smt-lib-2025/QF_DT,QF_DT,family-balanced 1500-input expansion,QF_DT.tar.zst,13bf882fceec9979ba4ea80333b994eeff0fcf4e046fb93d7b5d1518e704e4fb,https://zenodo.org/records/16740866,,20172804-Barrett/barrett-jsat/tests/v1/v1l70018.cvc.smt2,,,unsat
smt-lib-2025/QF_DT/20172804-Barrett/barrett-jsat/tests/v3/v3l90031.cvc.smt2,576b3cf210a2a6c76d8eb802f38e2b1d979442c3e82d5f97f17729cc75340666,smt-lib-2025/QF_DT,QF_DT,family-balanced 1500-input expansion,QF_DT.tar.zst,13bf882fceec9979ba4ea80333b994eeff0fcf4e046fb93d7b5d1518e704e4fb,https://zenodo.org/records/16740866,,20172804-Barrett/barrett-jsat/tests/v3/v3l90031.cvc.smt2,,,sat
smt-lib-2025/QF_DT/20172804-Barrett/barrett-jsat/typed/v2/typed_v2l90071.cvc.smt2,2e884647ea6d0f2c69ba9f6e77a012ae0bdc84ef296690a88badf5be90b5c89e,smt-lib-2025/QF_DT,QF_DT,family-balanced 1500-input expansion,QF_DT.tar.zst,13bf882fceec9979ba4ea80333b994eeff0fcf4e046fb93d7b5d1518e704e4fb,https://zenodo.org/records/16740866,,20172804-Barrett/barrett-jsat/typed/v2/typed_v2l90071.cvc.smt2,,,unsat
smt-lib-2025/QF_DT/20172804-Barrett/barrett-jsat/tests/v3/v3l40047.cvc.smt2,16eb001a9b328d88ebe3be149e599ef3fda5f2d6b493f1cde370e5958946efc8,smt-lib-2025/QF_DT,QF_DT,family-balanced 1500-input expansion,QF_DT.tar.zst,13bf882fceec9979ba4ea80333b994eeff0fcf4e046fb93d7b5d1518e704e4fb,https://zenodo.org/records/16740866,,20172804-Barrett/barrett-jsat/tests/v3/v3l40047.cvc.smt2,,,sat
smt-lib-2025/QF_DT/20172804-Barrett/barrett-jsat/tests/v2/v2l90076.cvc.smt2,951df2ee9054a30f41379f56d7903d41f6e94136cff755c20d6abe1e2b5e8bf5,smt-lib-2025/QF_DT,QF_DT,family-balanced 1500-input expansion,QF_DT.tar.zst,13bf882fceec9979ba4ea80333b994eeff0fcf4e046fb93d7b5d1518e704e4fb,https://zenodo.org/records/16740866,,20172804-Barrett/barrett-jsat/tests/v2/v2l90076.cvc.smt2,,,unsat
smt-lib-2025/QF_DT/20172804-Barrett/barrett-jsat/typed/v5/typed_v5l80093.cvc.smt2,f0c7fee194f748242ceaadd47963d229221d4956d1e2d21f8aca40cdedbd3862,smt-lib-2025/QF_DT,QF_DT,family-balanced 1500-input expansion,QF_DT.tar.zst,13bf882fceec9979ba4ea80333b994eeff0fcf4e046fb93d7b5d1518e704e4fb,https://zenodo.org/records/16740866,,20172804-Barrett/barrett-jsat/typed/v5/typed_v5l80093.cvc.smt2,,,unsat
smt-lib-2025/QF_DT/20172804-Barrett/barrett-jsat/typed/v3/typed_v3l90082.cvc.smt2,30ad0fdbe83b12eb81bc20bb949c0015fbb16cd7a3d4c441fe6223d54a0f2512,smt-lib-2025/QF_DT,QF_DT,family-balanced 1500-input expansion,QF_DT.tar.zst,13bf882fceec9979ba4ea80333b994eeff0fcf4e046fb93d7b5d1518e704e4fb,https://zenodo.org/records/16740866,,20172804-Barrett/barrett-jsat/typed/v3/typed_v3l90082.cvc.smt2,,,unsat
smt-lib-2025/QF_DT/20172804-Barrett/barrett-jsat/tests/v3/v3l80036.cvc.smt2,5240006da0f8c7bb445b91483e50b5b86f811f7985310751eb171eccc187ef7d,smt-lib-2025/QF_DT,QF_DT,family-balanced 1500-input expansion,QF_DT.tar.zst,13bf882fceec9979ba4ea80333b994eeff0fcf4e046fb93d7b5d1518e704e4fb,https://zenodo.org/records/16740866,,20172804-Barrett/barrett-jsat/tests/v3/v3l80036.cvc.smt2,,,sat
smt-lib-2025/QF_DT/20172804-Barrett/barrett-jsat/tests/v3/v3l70081.cvc.smt2,f46fd9eaadef55c66c0369b9778e978fde2e2b0c7e05e45d5d15a1f6aae3419d,smt-lib-2025/QF_DT,QF_DT,family-balanced 1500-input expansion,QF_DT.tar.zst,13bf882fceec9979ba4ea80333b994eeff0fcf4e046fb93d7b5d1518e704e4fb,https://zenodo.org/records/16740866,,20172804-Barrett/barrett-jsat/tests/v3/v3l70081.cvc.smt2,,,unsat
smt-lib-2025/QF_DT/20172804-Barrett/barrett-jsat/tests/v10/v10l50053.cvc.smt2,42a48e09317f2ee30e07afa5e69849fca5e210a91671265b196321800980216b,smt-lib-2025/QF_DT,QF_DT,family-balanced 1500-input expansion,QF_DT.tar.zst,13bf882fceec9979ba4ea80333b994eeff0fcf4e046fb93d7b5d1518e704e4fb,https://zenodo.org/records/16740866,,20172804-Barrett/barrett-jsat/tests/v10/v10l50053.cvc.smt2,,,unsat
smt-lib-2025/QF_DT/20172804-Barrett/barrett-jsat/tests/v3/v3l30007.cvc.smt2,cae935fdc3ec2b59958d6d8a2cfe621d981244b6c6ec930bb06b8c70f1eda106,smt-lib-2025/QF_DT,QF_DT,family-balanced 1500-input expansion,QF_DT.tar.zst,13bf882fceec9979ba4ea80333b994eeff0fcf4e046fb93d7b5d1518e704e4fb,https://zenodo.org/records/16740866,,20172804-Barrett/barrett-jsat/tests/v3/v3l30007.cvc.smt2,,,sat
smt-lib-2025/QF_DT/20172804-Barrett/barrett-jsat/tests/v10/v10l20038.cvc.smt2,a7c0159d22de1d872c73da0dbeee6483e4981e7db27f223798f910bfac8e498b,smt-lib-2025/QF_DT,QF_DT,family-balanced 1500-input expansion,QF_DT.tar.zst,13bf882fceec9979ba4ea80333b994eeff0fcf4e046fb93d7b5d1518e704e4fb,https://zenodo.org/records/16740866,,20172804-Barrett/barrett-jsat/tests/v10/v10l20038.cvc.smt2,,,sat
smt-lib-2025/QF_DT/20172804-Barrett/barrett-jsat/tests/v2/v2l60063.cvc.smt2,e892b501ad0d5da2fe0a38a1ad6b79f1b054b3bd4efb034367092215c3aff688,smt-lib-2025/QF_DT,QF_DT,family-balanced 1500-input expansion,QF_DT.tar.zst,13bf882fceec9979ba4ea80333b994eeff0fcf4e046fb93d7b5d1518e704e4fb,https://zenodo.org/records/16740866,,20172804-Barrett/barrett-jsat/tests/v2/v2l60063.cvc.smt2,,,unsat
smt-lib-2025/QF_DT/20172804-Barrett/barrett-jsat/typed/v2/typed_v2l70024.cvc.smt2,b57e2d8abcada30104ed9cdae4c1126af44e2e460d28ac75d2927fc43dd3b7cd,smt-lib-2025/QF_DT,QF_DT,family-balanced 1500-input expansion,QF_DT.tar.zst,13bf882fceec9979ba4ea80333b994eeff0fcf4e046fb93d7b5d1518e704e4fb,https://zenodo.org/records/16740866,,20172804-Barrett/barrett-jsat/typed/v2/typed_v2l70024.cvc.smt2,,,sat
smt-lib-2025/QF_DT/20172804-Barrett/barrett-jsat/tests/v2/v2l90019.cvc.smt2,03f1991d181022c57310462c623bbe3f48ac560fc08e823c3d79f8d81a3500a9,smt-lib-2025/QF_DT,QF_DT,family-balanced 1500-input expansion,QF_DT.tar.zst,13bf882fceec9979ba4ea80333b994eeff0fcf4e046fb93d7b5d1518e704e4fb,https://zenodo.org/records/16740866,,20172804-Barrett/barrett-jsat/tests/v2/v2l90019.cvc.smt2,,,unsat
smt-lib-2025/QF_DT/20172804-Barrett/barrett-jsat/tests/v1/v1l80089.cvc.smt2,e7679f276355d357606e41982b6760e31aa594d47005b650a05a2990d40c2557,smt-lib-2025/QF_DT,QF_DT,family-balanced 1500-input expansion,QF_DT.tar.zst,13bf882fceec9979ba4ea80333b994eeff0fcf4e046fb93d7b5d1518e704e4fb,https://zenodo.org/records/16740866,,20172804-Barrett/barrett-jsat/tests/v1/v1l80089.cvc.smt2,,,unsat
smt-lib-2025/QF_DT/20172804-Barrett/barrett-jsat/typed/v10/typed_v10l40042.cvc.smt2,6449880fb562b7e174bfb87c145ad5fc9cd79d78c9940d873de4aeb8aacca545,smt-lib-2025/QF_DT,QF_DT,family-balanced 1500-input expansion,QF_DT.tar.zst,13bf882fceec9979ba4ea80333b994eeff0fcf4e046fb93d7b5d1518e704e4fb,https://zenodo.org/records/16740866,,20172804-Barrett/barrett-jsat/typed/v10/typed_v10l40042.cvc.smt2,,,sat
smt-lib-2025/QF_DT/20172804-Barrett/barrett-jsat/tests/v5/v5l20019.cvc.smt2,847dd4ed21cc32e3f9e240b81e8101e17725688d5feb197672f2cced5ea4b773,smt-lib-2025/QF_DT,QF_DT,family-balanced 1500-input expansion,QF_DT.tar.zst,13bf882fceec9979ba4ea80333b994eeff0fcf4e046fb93d7b5d1518e704e4fb,https://zenodo.org/records/16740866,,20172804-Barrett/barrett-jsat/tests/v5/v5l20019.cvc.smt2,,,sat
smt-lib-2025/QF_DT/20172804-Barrett/barrett-jsat/tests/v5/v5l60031.cvc.smt2,70ddba7d6f8ea7b1fe1dd3374376f5d521faf93052eeba65f48c0e220f1875d2,smt-lib-2025/QF_DT,QF_DT,family-balanced 1500-input expansion,QF_DT.tar.zst,13bf882fceec9979ba4ea80333b994eeff0fcf4e046fb93d7b5d1518e704e4fb,https://zenodo.org/records/16740866,,20172804-Barrett/barrett-jsat/tests/v5/v5l60031.cvc.smt2,,,sat
smt-lib-2025/QF_DT/20172804-Barrett/barrett-jsat/tests/v5/v5l40059.cvc.smt2,7cb7f4c04f84cf7e0580fa959aa6972789cd3c3ed6d8e910d4e49d2ecdf98635,smt-lib-2025/QF_DT,QF_DT,family-balanced 1500-input expansion,QF_DT.tar.zst,13bf882fceec9979ba4ea80333b994eeff0fcf4e046fb93d7b5d1518e704e4fb,https://zenodo.org/records/16740866,,20172804-Barrett/barrett-jsat/tests/v5/v5l40059.cvc.smt2,,,unsat
smt-lib-2025/QF_DT/20172804-Barrett/barrett-jsat/tests/v2/v2l70074.cvc.smt2,1d0f7d2c9b294ac3e0920a8e4c8fce4e6e97170bbc7065d637af46c3264c5ba1,smt-lib-2025/QF_DT,QF_DT,family-balanced 1500-input expansion,QF_DT.tar.zst,13bf882fceec9979ba4ea80333b994eeff0fcf4e046fb93d7b5d1518e704e4fb,https://zenodo.org/records/16740866,,20172804-Barrett/barrett-jsat/tests/v2/v2l70074.cvc.smt2,,,unsat
smt-lib-2025/QF_DT/20172804-Barrett/barrett-jsat/tests/v2/v2l20020.cvc.smt2,3ea8142c8eeecb7f71eddd5ca2d570f394765b850c64212f1dfd803e3eebb4f9,smt-lib-2025/QF_DT,QF_DT,family-balanced 1500-input expansion,QF_DT.tar.zst,13bf882fceec9979ba4ea80333b994eeff0fcf4e046fb93d7b5d1518e704e4fb,https://zenodo.org/records/16740866,,20172804-Barrett/barrett-jsat/tests/v2/v2l20020.cvc.smt2,,,sat
smt-lib-2025/QF_DT/20172804-Barrett/barrett-jsat/tests/v3/v3l80059.cvc.smt2,f92d0be22665be54aa2e6cc3e9c11dfcf3a76a63047667a7642d310941145348,smt-lib-2025/QF_DT,QF_DT,family-balanced 1500-input expansion,QF_DT.tar.zst,13bf882fceec9979ba4ea80333b994eeff0fcf4e046fb93d7b5d1518e704e4fb,https://zenodo.org/records/16740866,,20172804-Barrett/barrett-jsat/tests/v3/v3l80059.cvc.smt2,,,sat
smt-lib-2025/QF_DT/20172804-Barrett/barrett-jsat/typed/v5/typed_v5l30056.cvc.smt2,cd187cfe0df3489de8884599f414ed712edcd682decfcee15a84569f41ae094b,smt-lib-2025/QF_DT,QF_DT,family-balanced 1500-input expansion,QF_DT.tar.zst,13bf882fceec9979ba4ea80333b994eeff0fcf4e046fb93d7b5d1518e704e4fb,https://zenodo.org/records/16740866,,20172804-Barrett/barrett-jsat/typed/v5/typed_v5l30056.cvc.smt2,,,sat
smt-lib-2025/QF_DT/20172804-Barrett/barrett-jsat/tests/v10/v10l40032.cvc.smt2,17216b267a6624262cd08f9e5cc7eb8526fcee5397fd360bb6eb76efa2dcca12,smt-lib-2025/QF_DT,QF_DT,family-balanced 1500-input expansion,QF_DT.tar.zst,13bf882fceec9979ba4ea80333b994eeff0fcf4e046fb93d7b5d1518e704e4fb,https://zenodo.org/records/16740866,,20172804-Barrett/barrett-jsat/tests/v10/v10l40032.cvc.smt2,,,unsat
smt-lib-2025/QF_DT/20172804-Barrett/barrett-jsat/tests/v10/v10l60006.cvc.smt2,4460a2883e671cca75044eefaef296b6b1037e6191fff33b50ebce853f27dd94,smt-lib-2025/QF_DT,QF_DT,family-balanced 1500-input expansion,QF_DT.tar.zst,13bf882fceec9979ba4ea80333b994eeff0fcf4e046fb93d7b5d1518e704e4fb,https://zenodo.org/records/16740866,,20172804-Barrett/barrett-jsat/tests/v10/v10l60006.cvc.smt2,,,unsat
smt-lib-2025/QF_DT/20172804-Barrett/barrett-jsat/tests/v1/v1l50100.cvc.smt2,eaa70f681ff9af35d112479bac459ad3c46349a3fbdac655b527f01ad3a37954,smt-lib-2025/QF_DT,QF_DT,family-balanced 1500-input expansion,QF_DT.tar.zst,13bf882fceec9979ba4ea80333b994eeff0fcf4e046fb93d7b5d1518e704e4fb,https://zenodo.org/records/16740866,,20172804-Barrett/barrett-jsat/tests/v1/v1l50100.cvc.smt2,,,sat
smt-lib-2025/QF_DT/20172804-Barrett/barrett-jsat/tests/v5/v5l90029.cvc.smt2,e0be035e9e2b8119e70cfd1252d4522869c4892e4705ee7e1d6b00a49385edf7,smt-lib-2025/QF_DT,QF_DT,family-balanced 1500-input expansion,QF_DT.tar.zst,13bf882fceec9979ba4ea80333b994eeff0fcf4e046fb93d7b5d1518e704e4fb,https://zenodo.org/records/16740866,,20172804-Barrett/barrett-jsat/tests/v5/v5l90029.cvc.smt2,,,sat
smt-lib-2025/QF_DT/20172804-Barrett/barrett-jsat/typed/v1/typed_v1l60100.cvc.smt2,cfd88857eb3db7ad53b0a08a1d44dc48b3809ab56311819655ccff903931a111,smt-lib-2025/QF_DT,QF_DT,family-balanced 1500-input expansion,QF_DT.tar.zst,13bf882fceec9979ba4ea80333b994eeff0fcf4e046fb93d7b5d1518e704e4fb,https://zenodo.org/records/16740866,,20172804-Barrett/barrett-jsat/typed/v1/typed_v1l60100.cvc.smt2,,,unsat
smt-lib-2025/QF_DT/20172804-Barrett/barrett-jsat/typed/v2/typed_v2l50039.cvc.smt2,9460b3f1c06b5ecec0b0e3f8ca90fa4bc05da31cac53a60efe5eb7579096ae18,smt-lib-2025/QF_DT,QF_DT,family-balanced 1500-input expansion,QF_DT.tar.zst,13bf882fceec9979ba4ea80333b994eeff0fcf4e046fb93d7b5d1518e704e4fb,https://zenodo.org/records/16740866,,20172804-Barrett/barrett-jsat/typed/v2/typed_v2l50039.cvc.smt2,,,sat
smt-lib-2025/QF_DT/20172804-Barrett/barrett-jsat/typed/v10/typed_v10l20085.cvc.smt2,38b9d46c265642a1267c265bf5a9a7b8d56eaed7bba7a7ceb79abb992bfb45e2,smt-lib-2025/QF_DT,QF_DT,family-balanced 1500-input expansion,QF_DT.tar.zst,13bf882fceec9979ba4ea80333b994eeff0fcf4e046fb93d7b5d1518e704e4fb,https://zenodo.org/records/16740866,,20172804-Barrett/barrett-jsat/typed/v10/typed_v10l20085.cvc.smt2,,,sat
smt-lib-2025/QF_DT/20172804-Barrett/barrett-jsat/typed/v10/typed_v10l20063.cvc.smt2,f83e4e576994d7dd6412bfa812a1c9b1f4a8894ac52d26899bf8e2ede306b022,smt-lib-2025/QF_DT,QF_DT,family-balanced 1500-input expansion,QF_DT.tar.zst,13bf882fceec9979ba4ea80333b994eeff0fcf4e046fb93d7b5d1518e704e4fb,https://zenodo.org/records/16740866,,20172804-Barrett/barrett-jsat/typed/v10/typed_v10l20063.cvc.smt2,,,unsat
smt-lib-2025/QF_DT/20172804-Barrett/barrett-jsat/typed/v5/typed_v5l20097.cvc.smt2,be22704d154e00122de16c453c38f449f92fdf1491bc35da94049dc8e0b0f125,smt-lib-2025/QF_DT,QF_DT,family-balanced 1500-input expansion,QF_DT.tar.zst,13bf882fceec9979ba4ea80333b994eeff0fcf4e046fb93d7b5d1518e704e4fb,https://zenodo.org/records/16740866,,20172804-Barrett/barrett-jsat/typed/v5/typed_v5l20097.cvc.smt2,,,unsat
smt-lib-2025/QF_DT/20172804-Barrett/barrett-jsat/tests/v3/v3l20015.cvc.smt2,6b84e49c3ef85196ed5e87bcfe4a778258fac43c0cb8dadcfe8c8a8048eecc8d,smt-lib-2025/QF_DT,QF_DT,family-balanced 1500-input expansion,QF_DT.tar.zst,13bf882fceec9979ba4ea80333b994eeff0fcf4e046fb93d7b5d1518e704e4fb,https://zenodo.org/records/16740866,,20172804-Barrett/barrett-jsat/tests/v3/v3l20015.cvc.smt2,,,unsat
smt-lib-2025/QF_DT/20172804-Barrett/barrett-jsat/tests/v3/v3l20079.cvc.smt2,f546e01ec33a29015d8aecf41211fad8be626608b4b2bcd2a2c4fc413a1c99c3,smt-lib-2025/QF_DT,QF_DT,family-balanced 1500-input expansion,QF_DT.tar.zst,13bf882fceec9979ba4ea80333b994eeff0fcf4e046fb93d7b5d1518e704e4fb,https://zenodo.org/records/16740866,,20172804-Barrett/barrett-jsat/tests/v3/v3l20079.cvc.smt2,,,sat
smt-lib-2025/QF_DT/20172804-Barrett/barrett-jsat/tests/v2/v2l20024.cvc.smt2,5b3861e212bb08eb9ff27617443b3a24e8a7983d64daf50b799fcf8d4d091aed,smt-lib-2025/QF_DT,QF_DT,family-balanced 1500-input expansion,QF_DT.tar.zst,13bf882fceec9979ba4ea80333b994eeff0fcf4e046fb93d7b5d1518e704e4fb,https://zenodo.org/records/16740866,,20172804-Barrett/barrett-jsat/tests/v2/v2l20024.cvc.smt2,,,sat
smt-lib-2025/QF_DT/20172804-Barrett/barrett-jsat/tests/v2/v2l80064.cvc.smt2,1ac639ecd1f93294c058686733ed510efee26dc97b35e5ea63e9d6f9e15ab76a,smt-lib-2025/QF_DT,QF_DT,family-balanced 1500-input expansion,QF_DT.tar.zst,13bf882fceec9979ba4ea80333b994eeff0fcf4e046fb93d7b5d1518e704e4fb,https://zenodo.org/records/16740866,,20172804-Barrett/barrett-jsat/tests/v2/v2l80064.cvc.smt2,,,unsat
smt-lib-2025/QF_DT/20172804-Barrett/barrett-jsat/tests/v5/v5l30046.cvc.smt2,19bc37c007e8a261dda7ef2851ec15dba41162e0c456792314ed079ec2af3e8d,smt-lib-2025/QF_DT,QF_DT,family-balanced 1500-input expansion,QF_DT.tar.zst,13bf882fceec9979ba4ea80333b994eeff0fcf4e046fb93d7b5d1518e704e4fb,https://zenodo.org/records/16740866,,20172804-Barrett/barrett-jsat/tests/v5/v5l30046.cvc.smt2,,,unsat
smt-lib-2025/QF_DT/20172804-Barrett/barrett-jsat/tests/v3/v3l20020.cvc.smt2,d9b774c745098c39b530ef6fdb490e58fa97c7a8b058c94f0b0fa91fe36eb9de,smt-lib-2025/QF_DT,QF_DT,family-balanced 1500-input expansion,QF_DT.tar.zst,13bf882fceec9979ba4ea80333b994eeff0fcf4e046fb93d7b5d1518e704e4fb,https://zenodo.org/records/16740866,,20172804-Barrett/barrett-jsat/tests/v3/v3l20020.cvc.smt2,,,sat
smt-lib-2025/QF_DT/20172804-Barrett/barrett-jsat/tests/v10/v10l40061.cvc.smt2,6bc43f832fbb8efa746df20c37504f0d2725f39601e6dc7820b42db5a1c026f2,smt-lib-2025/QF_DT,QF_DT,family-balanced 1500-input expansion,QF_DT.tar.zst,13bf882fceec9979ba4ea80333b994eeff0fcf4e046fb93d7b5d1518e704e4fb,https://zenodo.org/records/16740866,,20172804-Barrett/barrett-jsat/tests/v10/v10l40061.cvc.smt2,,,sat
smt-lib-2025/QF_DT/20172804-Barrett/barrett-jsat/tests/v2/v2l90065.cvc.smt2,58026ea68537ef559fe230c2ea432e88fdd43cb862a7fef3ce580f5aec781461,smt-lib-2025/QF_DT,QF_DT,family-balanced 1500-input expansion,QF_DT.tar.zst,13bf882fceec9979ba4ea80333b994eeff0fcf4e046fb93d7b5d1518e704e4fb,https://zenodo.org/records/16740866,,20172804-Barrett/barrett-jsat/tests/v2/v2l90065.cvc.smt2,,,sat
smt-lib-2025/QF_DT/20172804-Barrett/barrett-jsat/typed/v2/typed_v2l80083.cvc.smt2,91b015a365cdd98e633fb91ba0c8468795246fdb9c7f5e6369f1c9c18e886658,smt-lib-2025/QF_DT,QF_DT,family-balanced 1500-input expansion,QF_DT.tar.zst,13bf882fceec9979ba4ea80333b994eeff0fcf4e046fb93d7b5d1518e704e4fb,https://zenodo.org/records/16740866,,20172804-Barrett/barrett-jsat/typed/v2/typed_v2l80083.cvc.smt2,,,unsat
smt-lib-2025/QF_DT/20172804-Barrett/barrett-jsat/typed/v3/typed_v3l80060.cvc.smt2,2f042814effcfbb4aab8495ec27e9b1254d265d581c09bcf708ac1b64ffb300c,smt-lib-2025/QF_DT,QF_DT,family-balanced 1500-input expansion,QF_DT.tar.zst,13bf882fceec9979ba4ea80333b994eeff0fcf4e046fb93d7b5d1518e704e4fb,https://zenodo.org/records/16740866,,20172804-Barrett/barrett-jsat/typed/v3/typed_v3l80060.cvc.smt2,,,sat
smt-lib-2025/QF_DT/20172804-Barrett/barrett-jsat/tests/v10/v10l60067.cvc.smt2,ea0dc216565ac18c7b31b73feffad5147990f2e01076a62c02d47e1694953727,smt-lib-2025/QF_DT,QF_DT,family-balanced 1500-input expansion,QF_DT.tar.zst,13bf882fceec9979ba4ea80333b994eeff0fcf4e046fb93d7b5d1518e704e4fb,https://zenodo.org/records/16740866,,20172804-Barrett/barrett-jsat/tests/v10/v10l60067.cvc.smt2,,,sat
smt-lib-2025/QF_DT/20172804-Barrett/barrett-jsat/tests/v5/v5l90044.cvc.smt2,1d26111115ec5fc243ed97cc2ffea04e8a0ecdb2fcb321237a011a876ce39b92,smt-lib-2025/QF_DT,QF_DT,family-balanced 1500-input expansion,QF_DT.tar.zst,13bf882fceec9979ba4ea80333b994eeff0fcf4e046fb93d7b5d1518e704e4fb,https://zenodo.org/records/16740866,,20172804-Barrett/barrett-jsat/tests/v5/v5l90044.cvc.smt2,,,unsat
smt-lib-2025/QF_DT/20172804-Barrett/barrett-jsat/tests/v3/v3l50009.cvc.smt2,99f179a3f56734db3153884e480d2b50deb6482c531ad2eb0602f289c10d2fa4,smt-lib-2025/QF_DT,QF_DT,family-balanced 1500-input expansion,QF_DT.tar.zst,13bf882fceec9979ba4ea80333b994eeff0fcf4e046fb93d7b5d1518e704e4fb,https://zenodo.org/records/16740866,,20172804-Barrett/barrett-jsat/tests/v3/v3l50009.cvc.smt2,,,sat
smt-lib-2025/QF_DT/20172804-Barrett/barrett-jsat/typed/v10/typed_v10l60093.cvc.smt2,f2b0314ebd80731c9266b6bf69ee1f5044b134c8777d619738380524ffa35d68,smt-lib-2025/QF_DT,QF_DT,family-balanced 1500-input expansion,QF_DT.tar.zst,13bf882fceec9979ba4ea80333b994eeff0fcf4e046fb93d7b5d1518e704e4fb,https://zenodo.org/records/16740866,,20172804-Barrett/barrett-jsat/typed/v10/typed_v10l60093.cvc.smt2,,,sat
smt-lib-2025/QF_DT/20172804-Barrett/barrett-jsat/typed/v10/typed_v10l80071.cvc.smt2,a1f53c2b3b18368b2fd711e29702525e533d70bb3e5451074710bbe99d6efc34,smt-lib-2025/QF_DT,QF_DT,family-balanced 1500-input expansion,QF_DT.tar.zst,13bf882fceec9979ba4ea80333b994eeff0fcf4e046fb93d7b5d1518e704e4fb,https://zenodo.org/records/16740866,,20172804-Barrett/barrett-jsat/typed/v10/typed_v10l80071.cvc.smt2,,,sat
smt-lib-2025/QF_DT/20172804-Barrett/barrett-jsat/typed/v3/typed_v3l80090.cvc.smt2,ab60e3b5dde05ac803549792cdff482d1400135c0487d67e5b54d32473ecb6b6,smt-lib-2025/QF_DT,QF_DT,family-balanced 1500-input expansion,QF_DT.tar.zst,13bf882fceec9979ba4ea80333b994eeff0fcf4e046fb93d7b5d1518e704e4fb,https://zenodo.org/records/16740866,,20172804-Barrett/barrett-jsat/typed/v3/typed_v3l80090.cvc.smt2,,,unsat
smt-lib-2025/QF_DT/20172804-Barrett/barrett-jsat/tests/v10/v10l60086.cvc.smt2,9272ca9a513e8632e70a5ae2e01a22d5b0934df6df02af99ec899a4b3c3b83a5,smt-lib-2025/QF_DT,QF_DT,family-balanced 1500-input expansion,QF_DT.tar.zst,13bf882fceec9979ba4ea80333b994eeff0fcf4e046fb93d7b5d1518e704e4fb,https://zenodo.org/records/16740866,,20172804-Barrett/barrett-jsat/tests/v10/v10l60086.cvc.smt2,,,sat
smt-lib-2025/QF_DT/20172804-Barrett/barrett-jsat/typed/v5/typed_v5l20017.cvc.smt2,17b5237757f39ee1d5ecb77f784701eae15e662f0770a4b93cb2148dacecf58e,smt-lib-2025/QF_DT,QF_DT,family-balanced 1500-input expansion,QF_DT.tar.zst,13bf882fceec9979ba4ea80333b994eeff0fcf4e046fb93d7b5d1518e704e4fb,https://zenodo.org/records/16740866,,20172804-Barrett/barrett-jsat/typed/v5/typed_v5l20017.cvc.smt2,,,sat
smt-lib-2025/QF_DT/20172804-Barrett/barrett-jsat/tests/v5/v5l40052.cvc.smt2,96a52732e77c9636eb476f4ff40c0d76a8134d1cca460e0adcb97d233b90b0a3,smt-lib-2025/QF_DT,QF_DT,family-balanced 1500-input expansion,QF_DT.tar.zst,13bf882fceec9979ba4ea80333b994eeff0fcf4e046fb93d7b5d1518e704e4fb,https://zenodo.org/records/16740866,,20172804-Barrett/barrett-jsat/tests/v5/v5l40052.cvc.smt2,,,sat
smt-lib-2025/QF_DT/20172804-Barrett/barrett-jsat/tests/v1/v1l60075.cvc.smt2,992d9aee886af344059de47e2fe50e5721aaca139243d4b923af698f79a980fa,smt-lib-2025/QF_DT,QF_DT,family-balanced 1500-input expansion,QF_DT.tar.zst,13bf882fceec9979ba4ea80333b994eeff0fcf4e046fb93d7b5d1518e704e4fb,https://zenodo.org/records/16740866,,20172804-Barrett/barrett-jsat/tests/v1/v1l60075.cvc.smt2,,,sat
smt-lib-2025/QF_DT/20172804-Barrett/barrett-jsat/typed/v3/typed_v3l40032.cvc.smt2,d387b08e49bf99fa4fd3a7e9e3bfea35a7a227ed20b96092c3fce536a14bb8ba,smt-lib-2025/QF_DT,QF_DT,family-balanced 1500-input expansion,QF_DT.tar.zst,13bf882fceec9979ba4ea80333b994eeff0fcf4e046fb93d7b5d1518e704e4fb,https://zenodo.org/records/16740866,,20172804-Barrett/barrett-jsat/typed/v3/typed_v3l40032.cvc.smt2,,,unsat
smt-lib-2025/QF_DT/20172804-Barrett/barrett-jsat/typed/v1/typed_v1l20094.cvc.smt2,495f127cf885afa0e03875049ca0759a81d3ebf09dc7787e75af87d8becfd3bd,smt-lib-2025/QF_DT,QF_DT,family-balanced 1500-input expansion,QF_DT.tar.zst,13bf882fceec9979ba4ea80333b994eeff0fcf4e046fb93d7b5d1518e704e4fb,https://zenodo.org/records/16740866,,20172804-Barrett/barrett-jsat/typed/v1/typed_v1l20094.cvc.smt2,,,unsat
smt-lib-2025/QF_DT/20172804-Barrett/barrett-jsat/typed/v5/typed_v5l30077.cvc.smt2,ecdb36753f1c75e2cad8a3dcdb1a224b3b2148addad85dfb91bebf203a5030e4,smt-lib-2025/QF_DT,QF_DT,family-balanced 1500-input expansion,QF_DT.tar.zst,13bf882fceec9979ba4ea80333b994eeff0fcf4e046fb93d7b5d1518e704e4fb,https://zenodo.org/records/16740866,,20172804-Barrett/barrett-jsat/typed/v5/typed_v5l30077.cvc.smt2,,,sat
smt-lib-2025/QF_DT/20172804-Barrett/barrett-jsat/typed/v3/typed_v3l70086.cvc.smt2,57ab0e7b3e405780a5093dc1892408f0506a8c0dcfc9de662e5d4a7b6d530041,smt-lib-2025/QF_DT,QF_DT,family-balanced 1500-input expansion,QF_DT.tar.zst,13bf882fceec9979ba4ea80333b994eeff0fcf4e046fb93d7b5d1518e704e4fb,https://zenodo.org/records/16740866,,20172804-Barrett/barrett-jsat/typed/v3/typed_v3l70086.cvc.smt2,,,sat
smt-lib-2025/QF_DT/20172804-Barrett/barrett-jsat/typed/v5/typed_v5l30052.cvc.smt2,be3dabc103414dc39a156f947d61abd4f286349f61747c8326a532850fbccd1a,smt-lib-2025/QF_DT,QF_DT,family-balanced 1500-input expansion,QF_DT.tar.zst,13bf882fceec9979ba4ea80333b994eeff0fcf4e046fb93d7b5d1518e704e4fb,https://zenodo.org/records/16740866,,20172804-Barrett/barrett-jsat/typed/v5/typed_v5l30052.cvc.smt2,,,sat
smt-lib-2025/QF_DT/20172804-Barrett/barrett-jsat/typed/v10/typed_v10l70080.cvc.smt2,0bc54fcdd67768da20735aaa00355451cdca35551809a1b0c6556f32bd609685,smt-lib-2025/QF_DT,QF_DT,family-balanced 1500-input expansion,QF_DT.tar.zst,13bf882fceec9979ba4ea80333b994eeff0fcf4e046fb93d7b5d1518e704e4fb,https://zenodo.org/records/16740866,,20172804-Barrett/barrett-jsat/typed/v10/typed_v10l70080.cvc.smt2,,,sat
smt-lib-2025/QF_DT/20172804-Barrett/barrett-jsat/tests/v3/v3l30030.cvc.smt2,0952e1b10a05ca1455ba825ffed70a904052621a532fafcafd968fcb044326ca,smt-lib-2025/QF_DT,QF_DT,family-balanced 1500-input expansion,QF_DT.tar.zst,13bf882fceec9979ba4ea80333b994eeff0fcf4e046fb93d7b5d1518e704e4fb,https://zenodo.org/records/16740866,,20172804-Barrett/barrett-jsat/tests/v3/v3l30030.cvc.smt2,,,sat
smt-lib-2025/QF_DT/20172804-Barrett/barrett-jsat/typed/v3/typed_v3l90047.cvc.smt2,6015b88fbea3cc02ddb6b03b1657110b4f2204f9f90f655915230dbbaadccdda,smt-lib-2025/QF_DT,QF_DT,family-balanced 1500-input expansion,QF_DT.tar.zst,13bf882fceec9979ba4ea80333b994eeff0fcf4e046fb93d7b5d1518e704e4fb,https://zenodo.org/records/16740866,,20172804-Barrett/barrett-jsat/typed/v3/typed_v3l90047.cvc.smt2,,,unsat
smt-lib-2025/QF_DT/20172804-Barrett/barrett-jsat/typed/v1/typed_v1l20036.cvc.smt2,1fb2d0cec744c3bd6121e69152ed0834338485daff38bb42f48165b6579e6d1e,smt-lib-2025/QF_DT,QF_DT,family-balanced 1500-input expansion,QF_DT.tar.zst,13bf882fceec9979ba4ea80333b994eeff0fcf4e046fb93d7b5d1518e704e4fb,https://zenodo.org/records/16740866,,20172804-Barrett/barrett-jsat/typed/v1/typed_v1l20036.cvc.smt2,,,unsat
smt-lib-2025/QF_DT/20172804-Barrett/barrett-jsat/typed/v1/typed_v1l40096.cvc.smt2,f6b6377e95a7fe7319f4cbec4912cba8bc5b42b3651d290e1541c040a34fcb50,smt-lib-2025/QF_DT,QF_DT,family-balanced 1500-input expansion,QF_DT.tar.zst,13bf882fceec9979ba4ea80333b994eeff0fcf4e046fb93d7b5d1518e704e4fb,https://zenodo.org/records/16740866,,20172804-Barrett/barrett-jsat/typed/v1/typed_v1l40096.cvc.smt2,,,unsat
smt-lib-2025/QF_DT/20172804-Barrett/barrett-jsat/typed/v10/typed_v10l30090.cvc.smt2,ed94d5358a6271bb109f5ddedbe03c8640f19ecb29b418052846018ef814c72c,smt-lib-2025/QF_DT,QF_DT,family-balanced 1500-input expansion,QF_DT.tar.zst,13bf882fceec9979ba4ea80333b994eeff0fcf4e046fb93d7b5d1518e704e4fb,https://zenodo.org/records/16740866,,20172804-Barrett/barrett-jsat/typed/v10/typed_v10l30090.cvc.smt2,,,sat
smt-lib-2025/QF_DT/20172804-Barrett/barrett-jsat/tests/v1/v1l90040.cvc.smt2,52b5f9efa34b94aebc7b4c3e0581380d97ceb0c27337c97a090792d731c01c76,smt-lib-2025/QF_DT,QF_DT,family-balanced 1500-input expansion,QF_DT.tar.zst,13bf882fceec9979ba4ea80333b994eeff0fcf4e046fb93d7b5d1518e704e4fb,https://zenodo.org/records/16740866,,20172804-Barrett/barrett-jsat/tests/v1/v1l90040.cvc.smt2,,,unsat
smt-lib-2025/QF_DT/20172804-Barrett/barrett-jsat/tests/v5/v5l40029.cvc.smt2,dabb4c0f927388dbabdb7bd816440dc7d68d8caf23c2a813a88c6e6f03c2b1fe,smt-lib-2025/QF_DT,QF_DT,family-balanced 1500-input expansion,QF_DT.tar.zst,13bf882fceec9979ba4ea80333b994eeff0fcf4e046fb93d7b5d1518e704e4fb,https://zenodo.org/records/16740866,,20172804-Barrett/barrett-jsat/tests/v5/v5l40029.cvc.smt2,,,sat
smt-lib-2025/QF_DT/20172804-Barrett/barrett-jsat/typed/v10/typed_v10l50094.cvc.smt2,d6f0ec03efa0964585eab00f4f38aa14fd3db9e5e1365cafd702dd18b44a2993,smt-lib-2025/QF_DT,QF_DT,family-balanced 1500-input expansion,QF_DT.tar.zst,13bf882fceec9979ba4ea80333b994eeff0fcf4e046fb93d7b5d1518e704e4fb,https://zenodo.org/records/16740866,,20172804-Barrett/barrett-jsat/typed/v10/typed_v10l50094.cvc.smt2,,,sat
smt-lib-2025/QF_DT/20172804-Barrett/barrett-jsat/tests/v1/v1l20054.cvc.smt2,d31b82d027841e4f1f70d5b1bf1f472ca2812447c38d0f55060d14ba4be2acfb,smt-lib-2025/QF_DT,QF_DT,family-balanced 1500-input expansion,QF_DT.tar.zst,13bf882fceec9979ba4ea80333b994eeff0fcf4e046fb93d7b5d1518e704e4fb,https://zenodo.org/records/16740866,,20172804-Barrett/barrett-jsat/tests/v1/v1l20054.cvc.smt2,,,sat
smt-lib-2025/QF_DT/20172804-Barrett/barrett-jsat/tests/v1/v1l80070.cvc.smt2,ef51dd244afcd8566c5ac2b2171252950ad31b7cfa56dc93c378cf72e939059e,smt-lib-2025/QF_DT,QF_DT,family-balanced 1500-input expansion,QF_DT.tar.zst,13bf882fceec9979ba4ea80333b994eeff0fcf4e046fb93d7b5d1518e704e4fb,https://zenodo.org/records/16740866,,20172804-Barrett/barrett-jsat/tests/v1/v1l80070.cvc.smt2,,,unsat
smt-lib-2025/QF_DT/20172804-Barrett/barrett-jsat/tests/v1/v1l20021.cvc.smt2,60a23348f8dac857dd70de1f96c7ede1807421a81a7687a322af2246afdb5eeb,smt-lib-2025/QF_DT,QF_DT,family-balanced 1500-input expansion,QF_DT.tar.zst,13bf882fceec9979ba4ea80333b994eeff0fcf4e046fb93d7b5d1518e704e4fb,https://zenodo.org/records/16740866,,20172804-Barrett/barrett-jsat/tests/v1/v1l20021.cvc.smt2,,,unsat
smt-lib-2025/QF_DT/20172804-Barrett/barrett-jsat/typed/v10/typed_v10l70027.cvc.smt2,e7029452b6d98ba0bf83a1e501880c0c9fa2692c719709299ef9aed744d733ba,smt-lib-2025/QF_DT,QF_DT,family-balanced 1500-input expansion,QF_DT.tar.zst,13bf882fceec9979ba4ea80333b994eeff0fcf4e046fb93d7b5d1518e704e4fb,https://zenodo.org/records/16740866,,20172804-Barrett/barrett-jsat/typed/v10/typed_v10l70027.cvc.smt2,,,sat
smt-lib-2025/QF_DT/20172804-Barrett/barrett-jsat/typed/v5/typed_v5l60098.cvc.smt2,016eea8b3e2a79334fc5af7f0abaffde30bb0dfe9767a533c54598245659140f,smt-lib-2025/QF_DT,QF_DT,family-balanced 1500-input expansion,QF_DT.tar.zst,13bf882fceec9979ba4ea80333b994eeff0fcf4e046fb93d7b5d1518e704e4fb,https://zenodo.org/records/16740866,,20172804-Barrett/barrett-jsat/typed/v5/typed_v5l60098.cvc.smt2,,,unsat
smt-lib-2025/QF_DT/20172804-Barrett/barrett-jsat/tests/v10/v10l50099.cvc.smt2,cb313532e45460035a7035705947204f1b1a4826292114057a850b160de1b8d9,smt-lib-2025/QF_DT,QF_DT,family-balanced 1500-input expansion,QF_DT.tar.zst,13bf882fceec9979ba4ea80333b994eeff0fcf4e046fb93d7b5d1518e704e4fb,https://zenodo.org/records/16740866,,20172804-Barrett/barrett-jsat/tests/v10/v10l50099.cvc.smt2,,,sat
smt-lib-2025/QF_DT/20172804-Barrett/barrett-jsat/typed/v10/typed_v10l50035.cvc.smt2,601ea9a2fbf703511e1ea59a2da0b307a37973cf08b979979ecd18cec1fa2594,smt-lib-2025/QF_DT,QF_DT,family-balanced 1500-input expansion,QF_DT.tar.zst,13bf882fceec9979ba4ea80333b994eeff0fcf4e046fb93d7b5d1518e704e4fb,https://zenodo.org/records/16740866,,20172804-Barrett/barrett-jsat/typed/v10/typed_v10l50035.cvc.smt2,,,unsat
smt-lib-2025/QF_DT/20172804-Barrett/barrett-jsat/typed/v10/typed_v10l30072.cvc.smt2,f9c5f9ec7aa95eae725e86395f92f35d7480d76910e03dc875b5b1011fdac8dd,smt-lib-2025/QF_DT,QF_DT,family-balanced 1500-input expansion,QF_DT.tar.zst,13bf882fceec9979ba4ea80333b994eeff0fcf4e046fb93d7b5d1518e704e4fb,https://zenodo.org/records/16740866,,20172804-Barrett/barrett-jsat/typed/v10/typed_v10l30072.cvc.smt2,,,sat
smt-lib-2025/QF_DT/20172804-Barrett/barrett-jsat/typed/v2/typed_v2l30002.cvc.smt2,f2ad3e1081931b1cc0452b1c4dbdefa976e986d68cc1093a72da3a90e9bd5adf,smt-lib-2025/QF_DT,QF_DT,family-balanced 1500-input expansion,QF_DT.tar.zst,13bf882fceec9979ba4ea80333b994eeff0fcf4e046fb93d7b5d1518e704e4fb,https://zenodo.org/records/16740866,,20172804-Barrett/barrett-jsat/typed/v2/typed_v2l30002.cvc.smt2,,,unsat
smt-lib-2025/QF_DT/20172804-Barrett/barrett-jsat/typed/v1/typed_v1l60082.cvc.smt2,dfe243427112f03949f42ec282706e8ed0b6ec4ce8de7279878434a01a96ccea,smt-lib-2025/QF_DT,QF_DT,family-balanced 1500-input expansion,QF_DT.tar.zst,13bf882fceec9979ba4ea80333b994eeff0fcf4e046fb93d7b5d1518e704e4fb,https://zenodo.org/records/16740866,,20172804-Barrett/barrett-jsat/typed/v1/typed_v1l60082.cvc.smt2,,,unsat
smt-lib-2025/QF_DT/20172804-Barrett/barrett-jsat/tests/v3/v3l40083.cvc.smt2,692c66b5b28c031c5c472be0c03ff82bd9c9fc6cd6ed4750a0aa62d86c184358,smt-lib-2025/QF_DT,QF_DT,family-balanced 1500-input expansion,QF_DT.tar.zst,13bf882fceec9979ba4ea80333b994eeff0fcf4e046fb93d7b5d1518e704e4fb,https://zenodo.org/records/16740866,,20172804-Barrett/barrett-jsat/tests/v3/v3l40083.cvc.smt2,,,sat
smt-lib-2025/QF_DT/20172804-Barrett/barrett-jsat/typed/v10/typed_v10l40018.cvc.smt2,5620de893ec0328fa218e0874ff176145bf5d51d6297dd2f14ba50a4680f59fa,smt-lib-2025/QF_DT,QF_DT,family-balanced 1500-input expansion,QF_DT.tar.zst,13bf882fceec9979ba4ea80333b994eeff0fcf4e046fb93d7b5d1518e704e4fb,https://zenodo.org/records/16740866,,20172804-Barrett/barrett-jsat/typed/v10/typed_v10l40018.cvc.smt2,,,sat
smt-lib-2025/QF_DT/20172804-Barrett/barrett-jsat/tests/v3/v3l20081.cvc.smt2,b1e66d505ca29f51e21921b0c15e5490e4d2384b1fe0ad9b5fb0a470d98625d2,smt-lib-2025/QF_DT,QF_DT,family-balanced 1500-input expansion,QF_DT.tar.zst,13bf882fceec9979ba4ea80333b994eeff0fcf4e046fb93d7b5d1518e704e4fb,https://zenodo.org/records/16740866,,20172804-Barrett/barrett-jsat/tests/v3/v3l20081.cvc.smt2,,,sat
smt-lib-2025/QF_DT/20172804-Barrett/barrett-jsat/tests/v5/v5l30050.cvc.smt2,05766938bc2b4320526b62bc029d2d52edb3114580ef2850b57c071aa4600336,smt-lib-2025/QF_DT,QF_DT,family-balanced 1500-input expansion,QF_DT.tar.zst,13bf882fceec9979ba4ea80333b994eeff0fcf4e046fb93d7b5d1518e704e4fb,https://zenodo.org/records/16740866,,20172804-Barrett/barrett-jsat/tests/v5/v5l30050.cvc.smt2,,,sat
smt-lib-2025/QF_DT/20172804-Barrett/barrett-jsat/tests/v3/v3l30019.cvc.smt2,ae30d47967a286c3cb10e5b211ca5a847196f60c0afe95cd748acb805e039c82,smt-lib-2025/QF_DT,QF_DT,family-balanced 1500-input expansion,QF_DT.tar.zst,13bf882fceec9979ba4ea80333b994eeff0fcf4e046fb93d7b5d1518e704e4fb,https://zenodo.org/records/16740866,,20172804-Barrett/barrett-jsat/tests/v3/v3l30019.cvc.smt2,,,unsat
smt-lib-2025/QF_DT/20172804-Barrett/barrett-jsat/typed/v10/typed_v10l50033.cvc.smt2,8d5e287b083dea8746718f50dd7fdd430bbf8d4647a156d2a0b4fb7237cdd6ec,smt-lib-2025/QF_DT,QF_DT,family-balanced 1500-input expansion,QF_DT.tar.zst,13bf882fceec9979ba4ea80333b994eeff0fcf4e046fb93d7b5d1518e704e4fb,https://zenodo.org/records/16740866,,20172804-Barrett/barrett-jsat/typed/v10/typed_v10l50033.cvc.smt2,,,sat
smt-lib-2025/QF_DT/20172804-Barrett/barrett-jsat/tests/v1/v1l50084.cvc.smt2,ddb5406fe74c448330d13760d0b24dd06ac2d27fbbf8e00307e571f03493c174,smt-lib-2025/QF_DT,QF_DT,family-balanced 1500-input expansion,QF_DT.tar.zst,13bf882fceec9979ba4ea80333b994eeff0fcf4e046fb93d7b5d1518e704e4fb,https://zenodo.org/records/16740866,,20172804-Barrett/barrett-jsat/tests/v1/v1l50084.cvc.smt2,,,unsat
smt-lib-2025/QF_DT/20172804-Barrett/barrett-jsat/tests/v10/v10l50012.cvc.smt2,f6a581bbe48b8dcb771a08346ef26294804746e8004a66f1abcf00017a78c78a,smt-lib-2025/QF_DT,QF_DT,family-balanced 1500-input expansion,QF_DT.tar.zst,13bf882fceec9979ba4ea80333b994eeff0fcf4e046fb93d7b5d1518e704e4fb,https://zenodo.org/records/16740866,,20172804-Barrett/barrett-jsat/tests/v10/v10l50012.cvc.smt2,,,sat
smt-lib-2025/QF_DT/20172804-Barrett/barrett-jsat/tests/v3/v3l30097.cvc.smt2,b4392b69fc2cb4edc76859e4dfa9d6a42c0485d672af88bd4fbeae33874b0947,smt-lib-2025/QF_DT,QF_DT,family-balanced 1500-input expansion,QF_DT.tar.zst,13bf882fceec9979ba4ea80333b994eeff0fcf4e046fb93d7b5d1518e704e4fb,https://zenodo.org/records/16740866,,20172804-Barrett/barrett-jsat/tests/v3/v3l30097.cvc.smt2,,,sat
smt-lib-2025/QF_DT/20172804-Barrett/barrett-jsat/tests/v5/v5l20090.cvc.smt2,6568360183ce457733544e42bb077a16bcaefe861738052656a1e11c54171e78,smt-lib-2025/QF_DT,QF_DT,family-balanced 1500-input expansion,QF_DT.tar.zst,13bf882fceec9979ba4ea80333b994eeff0fcf4e046fb93d7b5d1518e704e4fb,https://zenodo.org/records/16740866,,20172804-Barrett/barrett-jsat/tests/v5/v5l20090.cvc.smt2,,,sat
smt-lib-2025/QF_DT/20172804-Barrett/barrett-jsat/typed/v2/typed_v2l50095.cvc.smt2,e22f50d0923d420c8173fa61d70fffc9672aea5315565e41a724658a38d7d50d,smt-lib-2025/QF_DT,QF_DT,family-balanced 1500-input expansion,QF_DT.tar.zst,13bf882fceec9979ba4ea80333b994eeff0fcf4e046fb93d7b5d1518e704e4fb,https://zenodo.org/records/16740866,,20172804-Barrett/barrett-jsat/typed/v2/typed_v2l50095.cvc.smt2,,,sat
chc-comp-2026/sally-chc-benchmarks/misc/nonatomic_inc_cas_prop2_000.smt2,8c8b96383139aaa596a715b0633bcb8b224e2faba67a8ed7a993b471b0b6c7bc,chc-comp-2026,LRA-Lin,family-balanced 1500-input expansion,chc-comp26-benchmarks-main.zip,912aa7b44471c9e1ed49ba0c2c034dcafa4300a821edaf3bf016618fd0e99b25,https://github.com/chc-comp/chc-comp26-benchmarks,b4fa7a708e5863bbcdb5de50d692ead3a67cbedc,sally-chc-benchmarks/misc/nonatomic_inc_cas_prop2_000.smt2,chc-comp-2026/sally-chc-benchmarks/misc/nonatomic_inc_cas_prop2_000.yml,c1d3c581ce2837e37685fc02456100eb156428f06434a25db97e0ce5d091b375,unsat
chc-comp-2026/kind2-chc-benchmarks/data/cruise_controller_13_000.smt2,68fa51cf859a74656749840484e80496d7f4898b03cf6c23349676a3d2c05f87,chc-comp-2026,mixed_LIA_LRA,family-balanced 1500-input expansion,chc-comp26-benchmarks-main.zip,912aa7b44471c9e1ed49ba0c2c034dcafa4300a821edaf3bf016618fd0e99b25,https://github.com/chc-comp/chc-comp26-benchmarks,b4fa7a708e5863bbcdb5de50d692ead3a67cbedc,kind2-chc-benchmarks/data/cruise_controller_13_000.smt2,chc-comp-2026/kind2-chc-benchmarks/data/cruise_controller_13_000.yml,216ad6cc3e20eab390791d74e533ce10a62cfa94d447daf0dd3c47d0eb188ac9,
chc-comp-2026/adt-purified-benchmarks/list_append_len.Z3.0_000.smt2,7a5d1dbf0cdc70c9ebcd8e017128d15fb09a800455601db232be279d1c2813e8,chc-comp-2026,ADT-LIA,family-balanced 1500-input expansion,chc-comp26-benchmarks-main.zip,912aa7b44471c9e1ed49ba0c2c034dcafa4300a821edaf3bf016618fd0e99b25,https://github.com/chc-comp/chc-comp26-benchmarks,b4fa7a708e5863bbcdb5de50d692ead3a67cbedc,adt-purified-benchmarks/list_append_len.Z3.0_000.smt2,chc-comp-2026/adt-purified-benchmarks/list_append_len.Z3.0_000.yml,08b27a5e89ed4f763aa046086115258e14cbb90f316f4fb92f1b0df9257d456c,sat
chc-comp-2026/solidity/unit_tests/functions/constructor_hierarchy_same_var.sol_0_000.smt2,d2ba1ef97616867385cba749e9fac3462c78108c75a03834994ab20f76efba7b,chc-comp-2026,ADT-LIA-Arrays,family-balanced 1500-input expansion,chc-comp26-benchmarks-main.zip,912aa7b44471c9e1ed49ba0c2c034dcafa4300a821edaf3bf016618fd0e99b25,https://github.com/chc-comp/chc-comp26-benchmarks,b4fa7a708e5863bbcdb5de50d692ead3a67cbedc,solidity/unit_tests/functions/constructor_hierarchy_same_var.sol_0_000.smt2,chc-comp-2026/solidity/unit_tests/functions/constructor_hierarchy_same_var.sol_0_000.yml,872b1ba5cac65d4fcffb28368f4ccd0781fd1547f9535b4314538c6df706414c,unsat
chc-comp-2026/vmt-chc-benchmarks/lustre/ums_e8_1032_000.smt2,5f13b6609ace26c7aa388ceed1d055e64874de772e9342e859d7086b5a0a3e84,chc-comp-2026,BOOL,family-balanced 1500-input expansion,chc-comp26-benchmarks-main.zip,912aa7b44471c9e1ed49ba0c2c034dcafa4300a821edaf3bf016618fd0e99b25,https://github.com/chc-comp/chc-comp26-benchmarks,b4fa7a708e5863bbcdb5de50d692ead3a67cbedc,vmt-chc-benchmarks/lustre/ums_e8_1032_000.smt2,chc-comp-2026/vmt-chc-benchmarks/lustre/ums_e8_1032_000_001.yml,6590a253a3130e051c929f9b4db60b1236ca6a0c88d04c4a08f87701be7a196d,
chc-comp-2026/eldarica-misc/BV/reve/022c-horn-bv_000.smt2,14a0c2599dbb57700bafb095bde0b1ea26dac2aa6fc41b50b61dfe2100b1d6b1,chc-comp-2026,BV,family-balanced 1500-input expansion,chc-comp26-benchmarks-main.zip,912aa7b44471c9e1ed49ba0c2c034dcafa4300a821edaf3bf016618fd0e99b25,https://github.com/chc-comp/chc-comp26-benchmarks,b4fa7a708e5863bbcdb5de50d692ead3a67cbedc,eldarica-misc/BV/reve/022c-horn-bv_000.smt2,chc-comp-2026/eldarica-misc/BV/reve/022c-horn-bv_000.yml,68694d57188cd12fad0440f0170e9ea6e6c5acfcc8773aaf2da99bf08c11e221,unsat
chc-comp-2026/eldarica-misc/BV/dillig/14.c-bv_000.smt2,fbb8ed0a8da9292611b6a2ac4b05a7ddda127a8227299e12ce69e135fa9ecd48,chc-comp-2026,BV-Lin,family-balanced 1500-input expansion,chc-comp26-benchmarks-main.zip,912aa7b44471c9e1ed49ba0c2c034dcafa4300a821edaf3bf016618fd0e99b25,https://github.com/chc-comp/chc-comp26-benchmarks,b4fa7a708e5863bbcdb5de50d692ead3a67cbedc,eldarica-misc/BV/dillig/14.c-bv_000.smt2,chc-comp-2026/eldarica-misc/BV/dillig/14.c-bv_000.yml,31f75b267a611d556b50cd183f95f85fe124d954e53332b86377782d61ea8442,unsat
chc-comp-2026/hcai-bench/svcomp/O0/O0_sum_10x0_false-unreach-call_true-termination_000.smt2,597d729d6e8c78c652cbd219fddc5815bd93b974f0d2b35a54250f70708f55be,chc-comp-2026,LIA,family-balanced 1500-input expansion,chc-comp26-benchmarks-main.zip,912aa7b44471c9e1ed49ba0c2c034dcafa4300a821edaf3bf016618fd0e99b25,https://github.com/chc-comp/chc-comp26-benchmarks,b4fa7a708e5863bbcdb5de50d692ead3a67cbedc,hcai-bench/svcomp/O0/O0_sum_10x0_false-unreach-call_true-termination_000.smt2,chc-comp-2026/hcai-bench/svcomp/O0/O0_sum_10x0_false-unreach-call_true-termination_000.yml,ca09eebf525625f59adff1d5dac4608855059b2b50602a06cf245136c3f979d1,unsat
chc-comp-2026/hcai-bench/svcomp/O0/O0_eureka_05_true-unreach-call_true-termination_000.smt2,cf8d5d640d61cf4e6e464f8896c216692b537be3525a1fe9667951a17f11f434,chc-comp-2026,LIA-Arrays,family-balanced 1500-input expansion,chc-comp26-benchmarks-main.zip,912aa7b44471c9e1ed49ba0c2c034dcafa4300a821edaf3bf016618fd0e99b25,https://github.com/chc-comp/chc-comp26-benchmarks,b4fa7a708e5863bbcdb5de50d692ead3a67cbedc,hcai-bench/svcomp/O0/O0_eureka_05_true-unreach-call_true-termination_000.smt2,chc-comp-2026/hcai-bench/svcomp/O0/O0_eureka_05_true-unreach-call_true-termination_000.yml,c96fc5867a7d58f7544d65403414e826b2fe2fbb0f1d602c6a78e7447d84c4db,sat_validated
chc-comp-2026/eldarica-misc/LIA/reve/014-horn_000.smt2,0580957cb50ffa7f9cc2217576d4b4d86d573e06a75b3803ee3cbe879c6f8335,chc-comp-2026,LIA-Lin,family-balanced 1500-input expansion,chc-comp26-benchmarks-main.zip,912aa7b44471c9e1ed49ba0c2c034dcafa4300a821edaf3bf016618fd0e99b25,https://github.com/chc-comp/chc-comp26-benchmarks,b4fa7a708e5863bbcdb5de50d692ead3a67cbedc,eldarica-misc/LIA/reve/014-horn_000.smt2,chc-comp-2026/eldarica-misc/LIA/reve/014-horn_000.yml,64b38c0eab820ba78ecbc545ff8c5309368e0834202784ab3fd2afb9088353bf,sat_validated
chc-comp-2026/hcai-bench/svcomp/O3/O3_matrix_false-unreach-call_true-termination_000.smt2,212c8e6b1cc82c4dabe4fedb7ad8cfe491f4db619d30bba4ebdb573e7506fa5a,chc-comp-2026,LIA-Lin-Arrays,family-balanced 1500-input expansion,chc-comp26-benchmarks-main.zip,912aa7b44471c9e1ed49ba0c2c034dcafa4300a821edaf3bf016618fd0e99b25,https://github.com/chc-comp/chc-comp26-benchmarks,b4fa7a708e5863bbcdb5de50d692ead3a67cbedc,hcai-bench/svcomp/O3/O3_matrix_false-unreach-call_true-termination_000.smt2,chc-comp-2026/hcai-bench/svcomp/O3/O3_matrix_false-unreach-call_true-termination_000.yml,ea8f0e3b9017fc065bc67edbee5951ba254d2d5ed6b858978de30d4ee0c78ba3,unsat
chc-comp-2026/sally-chc-benchmarks/oral_messages/om1_with_relays_agreement_faulty_relay_000.smt2,b70556f3c645177d20fc92fb33b6e3aff101b8374d871622175e7dd177acb896,chc-comp-2026,LRA-Lin,family-balanced 1500-input expansion,chc-comp26-benchmarks-main.zip,912aa7b44471c9e1ed49ba0c2c034dcafa4300a821edaf3bf016618fd0e99b25,https://github.com/chc-comp/chc-comp26-benchmarks,b4fa7a708e5863bbcdb5de50d692ead3a67cbedc,sally-chc-benchmarks/oral_messages/om1_with_relays_agreement_faulty_relay_000.smt2,chc-comp-2026/sally-chc-benchmarks/oral_messages/om1_with_relays_agreement_faulty_relay_000.yml,c4292709a332cc90065979800abafed9d6e9248b1d03ed01af98592e22028bdb,sat_validated
chc-comp-2026/kind2-chc-benchmarks/data/cruise_controller_22_000.smt2,2ab3090682adc40ec2a2929bcb2d05e478ffed0433c01fa264b7e76f1bd0d4b1,chc-comp-2026,mixed_LIA_LRA,family-balanced 1500-input expansion,chc-comp26-benchmarks-main.zip,912aa7b44471c9e1ed49ba0c2c034dcafa4300a821edaf3bf016618fd0e99b25,https://github.com/chc-comp/chc-comp26-benchmarks,b4fa7a708e5863bbcdb5de50d692ead3a67cbedc,kind2-chc-benchmarks/data/cruise_controller_22_000.smt2,chc-comp-2026/kind2-chc-benchmarks/data/cruise_controller_22_000.yml,95c6ff0d1eeb2d48ebe595c0664065136283fc863740d745e5a2586b1e73f314,
chc-comp-2026/tip-adt-lia/isaplanner_prop_80_000.smt2,f242553e1909e6056cf6f6ddeb1c4b111de159f5e03081661ee86be59db5951a,chc-comp-2026,ADT-LIA,family-balanced 1500-input expansion,chc-comp26-benchmarks-main.zip,912aa7b44471c9e1ed49ba0c2c034dcafa4300a821edaf3bf016618fd0e99b25,https://github.com/chc-comp/chc-comp26-benchmarks,b4fa7a708e5863bbcdb5de50d692ead3a67cbedc,tip-adt-lia/isaplanner_prop_80_000.smt2,chc-comp-2026/tip-adt-lia/isaplanner_prop_80_000.yml,4636b6ab6163e2b4baaecaaebe05f4fa1a2e1e0c8d008be5e7e7fc57ce8b63f0,sat
chc-comp-2026/solidity/unit_tests/loops/while_loop_simple_2.sol_0_000.smt2,3ce83ff0af22ef6a9ed168b8bd4fe53ef39ec995d3d77acd416d3d7033a44aab,chc-comp-2026,ADT-LIA-Arrays,family-balanced 1500-input expansion,chc-comp26-benchmarks-main.zip,912aa7b44471c9e1ed49ba0c2c034dcafa4300a821edaf3bf016618fd0e99b25,https://github.com/chc-comp/chc-comp26-benchmarks,b4fa7a708e5863bbcdb5de50d692ead3a67cbedc,solidity/unit_tests/loops/while_loop_simple_2.sol_0_000.smt2,chc-comp-2026/solidity/unit_tests/loops/while_loop_simple_2.sol_0_000.yml,f2ea5ab864365001b4cd8329f67c2752a043709f1a45ca499dca84fcd82b3a89,sat_validated
chc-comp-2026/vmt-chc-benchmarks/lustre/stalmark_e8_64_e7_80_000.smt2,2dd69835964f619ab38b1bbbe82664b758c4eb20e2f836c12673adbf723f4bb5,chc-comp-2026,BOOL,family-balanced 1500-input expansion,chc-comp26-benchmarks-main.zip,912aa7b44471c9e1ed49ba0c2c034dcafa4300a821edaf3bf016618fd0e99b25,https://github.com/chc-comp/chc-comp26-benchmarks,b4fa7a708e5863bbcdb5de50d692ead3a67cbedc,vmt-chc-benchmarks/lustre/stalmark_e8_64_e7_80_000.smt2,chc-comp-2026/vmt-chc-benchmarks/lustre/stalmark_e8_64_e7_80_000_001.yml,b6efd4623012c06930bfa84c952dee0bb68d77dd01177dea3380b3d687c653de,
chc-comp-2026/eldarica-misc/BV/reve/005b-horn-bv_000.smt2,14619360639add62dd889626eeee474fc605bbb27e60a1257c62735330cfbac7,chc-comp-2026,BV,family-balanced 1500-input expansion,chc-comp26-benchmarks-main.zip,912aa7b44471c9e1ed49ba0c2c034dcafa4300a821edaf3bf016618fd0e99b25,https://github.com/chc-comp/chc-comp26-benchmarks,b4fa7a708e5863bbcdb5de50d692ead3a67cbedc,eldarica-misc/BV/reve/005b-horn-bv_000.smt2,chc-comp-2026/eldarica-misc/BV/reve/005b-horn-bv_000.yml,8e5e30df3da43d0741af9517324fce943996a154d9aa96b89b206a5e129e0df9,
chc-comp-2026/eldarica-misc/BV/reve/018-bv_000.smt2,66bb9971493556f237c4fd63802e51bb19f2a1952b266f622392378fff81047d,chc-comp-2026,BV-Lin,family-balanced 1500-input expansion,chc-comp26-benchmarks-main.zip,912aa7b44471c9e1ed49ba0c2c034dcafa4300a821edaf3bf016618fd0e99b25,https://github.com/chc-comp/chc-comp26-benchmarks,b4fa7a708e5863bbcdb5de50d692ead3a67cbedc,eldarica-misc/BV/reve/018-bv_000.smt2,chc-comp-2026/eldarica-misc/BV/reve/018-bv_000.yml,173094d25f12deb2254922a0b7fb84ef214be16eb57fc3c4bcd1b72f916c69e3,unsat
chc-comp-2026/eldarica-misc/LIA/reve/006-horn_000.smt2,0bf17cc516dad7f3da130e00ad7c816ecdca04dd27c1376fafbfd4b9b9718106,chc-comp-2026,LIA,family-balanced 1500-input expansion,chc-comp26-benchmarks-main.zip,912aa7b44471c9e1ed49ba0c2c034dcafa4300a821edaf3bf016618fd0e99b25,https://github.com/chc-comp/chc-comp26-benchmarks,b4fa7a708e5863bbcdb5de50d692ead3a67cbedc,eldarica-misc/LIA/reve/006-horn_000.smt2,chc-comp-2026/eldarica-misc/LIA/reve/006-horn_000.yml,5fe210c28299f762ec5fab17c063f1b50985c33499b1fabc8c07eaa7d3a2c59f,sat_validated
chc-comp-2026/hcai-bench/svcomp/O0/O0_while_infinite_loop_3_true-unreach-call_false-termination_000.smt2,8d9adbb8acaa032e62235ec0b662d3c948bf76a5753cfb843fc8300019318a9c,chc-comp-2026,LIA-Arrays,family-balanced 1500-input expansion,chc-comp26-benchmarks-main.zip,912aa7b44471c9e1ed49ba0c2c034dcafa4300a821edaf3bf016618fd0e99b25,https://github.com/chc-comp/chc-comp26-benchmarks,b4fa7a708e5863bbcdb5de50d692ead3a67cbedc,hcai-bench/svcomp/O0/O0_while_infinite_loop_3_true-unreach-call_false-termination_000.smt2,chc-comp-2026/hcai-bench/svcomp/O0/O0_while_infinite_loop_3_true-unreach-call_false-termination_000.yml,1660eac1b04dd371bacadfbac18ce6bc61b77d195847e62fe24dff3d41acb85b,sat_validated
chc-comp-2026/rust-horn/simple-5-hhk2008_000.smt2,cc62c4437372eda71474d25ef9880e2dec802b354e2ed4c9cf13377c81d1ae1f,chc-comp-2026,LIA-Lin,family-balanced 1500-input expansion,chc-comp26-benchmarks-main.zip,912aa7b44471c9e1ed49ba0c2c034dcafa4300a821edaf3bf016618fd0e99b25,https://github.com/chc-comp/chc-comp26-benchmarks,b4fa7a708e5863bbcdb5de50d692ead3a67cbedc,rust-horn/simple-5-hhk2008_000.smt2,chc-comp-2026/rust-horn/simple-5-hhk2008_000.yml,cc1cb2342ad3aab88a3fdd52fa930ac43766fa6af4d676b42a330fcd139bcb53,sat_validated
chc-comp-2026/hcai-bench/svcomp/O3/O3_lu.cmp_true-unreach-call_000.smt2,277ccadc61d770d2658d262b266b2713fd6f6472010442235ce653fb57bd837d,chc-comp-2026,LIA-Lin-Arrays,family-balanced 1500-input expansion,chc-comp26-benchmarks-main.zip,912aa7b44471c9e1ed49ba0c2c034dcafa4300a821edaf3bf016618fd0e99b25,https://github.com/chc-comp/chc-comp26-benchmarks,b4fa7a708e5863bbcdb5de50d692ead3a67cbedc,hcai-bench/svcomp/O3/O3_lu.cmp_true-unreach-call_000.smt2,chc-comp-2026/hcai-bench/svcomp/O3/O3_lu.cmp_true-unreach-call_000.yml,a4ec11e6a32c8188e51dda119c2f031547126a4dd8dc9757a2b87097bc55b738,sat_validated
chc-comp-2026/sally-chc-benchmarks/hacms/eventclock6_000.smt2,c1a4839e989268b608184248effa501673194444c069dc2b4b627291722225fc,chc-comp-2026,LRA-Lin,family-balanced 1500-input expansion,chc-comp26-benchmarks-main.zip,912aa7b44471c9e1ed49ba0c2c034dcafa4300a821edaf3bf016618fd0e99b25,https://github.com/chc-comp/chc-comp26-benchmarks,b4fa7a708e5863bbcdb5de50d692ead3a67cbedc,sally-chc-benchmarks/hacms/eventclock6_000.smt2,chc-comp-2026/sally-chc-benchmarks/hacms/eventclock6_000.yml,bc17a052531624a24990f328db1d5c32baa4da850eb74b0a13e615bca38ee811,sat
chc-comp-2026/kind2-chc-benchmarks/data/cruise_controller_15_000.smt2,47dd687c76234351c84005a5dd32b6a645b3ea445e758359a5e7b223a1e3a59d,chc-comp-2026,mixed_LIA_LRA,family-balanced 1500-input expansion,chc-comp26-benchmarks-main.zip,912aa7b44471c9e1ed49ba0c2c034dcafa4300a821edaf3bf016618fd0e99b25,https://github.com/chc-comp/chc-comp26-benchmarks,b4fa7a708e5863bbcdb5de50d692ead3a67cbedc,kind2-chc-benchmarks/data/cruise_controller_15_000.smt2,chc-comp-2026/kind2-chc-benchmarks/data/cruise_controller_15_000.yml,9fc3d748fd8e954c447edd71d8c4ca047d992d14e8723f2b846e0f2d39428386,
chc-comp-2026/rust-horn/inc-max-2-base3-safe_000.smt2,9c78174759564c3df826512d5f61d7cdce15946d0e69616e885d2ed77bda0dfb,chc-comp-2026,ADT-LIA,family-balanced 1500-input expansion,chc-comp26-benchmarks-main.zip,912aa7b44471c9e1ed49ba0c2c034dcafa4300a821edaf3bf016618fd0e99b25,https://github.com/chc-comp/chc-comp26-benchmarks,b4fa7a708e5863bbcdb5de50d692ead3a67cbedc,rust-horn/inc-max-2-base3-safe_000.smt2,chc-comp-2026/rust-horn/inc-max-2-base3-safe_000.yml,547eb01da321fc8760f015d505d57d9341f2a3e7c3f19411e993097272509559,sat_validated
chc-comp-2026/solidity/unit_tests/types_struct/struct_constructor_fixed_bytes_from_string_1.sol_3_000.smt2,c3d63f8124762dadb9c2d81c3b354bb5c906d46528a50ebe04b79c42c8e6efdb,chc-comp-2026,ADT-LIA-Arrays,family-balanced 1500-input expansion,chc-comp26-benchmarks-main.zip,912aa7b44471c9e1ed49ba0c2c034dcafa4300a821edaf3bf016618fd0e99b25,https://github.com/chc-comp/chc-comp26-benchmarks,b4fa7a708e5863bbcdb5de50d692ead3a67cbedc,solidity/unit_tests/types_struct/struct_constructor_fixed_bytes_from_string_1.sol_3_000.smt2,chc-comp-2026/solidity/unit_tests/types_struct/struct_constructor_fixed_bytes_from_string_1.sol_3_000.yml,90905a301c19c5a607ecbaa53c82c8ff2066ffd4cf050eb0e5bd2f1ff3869dbe,sat_validated
chc-comp-2026/vmt-chc-benchmarks/lustre/ums_000.smt2,67e44f8de813de1ecd96f5e5beb0675432d1577f283471d57adbf257e551b004,chc-comp-2026,BOOL,family-balanced 1500-input expansion,chc-comp26-benchmarks-main.zip,912aa7b44471c9e1ed49ba0c2c034dcafa4300a821edaf3bf016618fd0e99b25,https://github.com/chc-comp/chc-comp26-benchmarks,b4fa7a708e5863bbcdb5de50d692ead3a67cbedc,vmt-chc-benchmarks/lustre/ums_000.smt2,chc-comp-2026/vmt-chc-benchmarks/lustre/ums_000_001.yml,68a09bdd0da3e0cb162435d4687ae47cf8e58896c8af31d68ee4c3b88e0040b4,
chc-comp-2026/eldarica-misc/BV/reve/022-horn-bv_000.smt2,aba8347d4ac20055262823dadb424a19a813b352c1c84be2935752f79495fc4b,chc-comp-2026,BV,family-balanced 1500-input expansion,chc-comp26-benchmarks-main.zip,912aa7b44471c9e1ed49ba0c2c034dcafa4300a821edaf3bf016618fd0e99b25,https://github.com/chc-comp/chc-comp26-benchmarks,b4fa7a708e5863bbcdb5de50d692ead3a67cbedc,eldarica-misc/BV/reve/022-horn-bv_000.smt2,chc-comp-2026/eldarica-misc/BV/reve/022-horn-bv_000.yml,9afd8ff05b663fc7f9aa5f8901b44e139f42d2f5ce8e2894e2cd61e51aa54f51,sat_validated
chc-comp-2026/vmt-chc-benchmarks/bv/bind_expands_vars2.c_000.smt2,a59ee8d1247a7a322904916e2eda674933f0ace26e3a1e9f41822d54fec36948,chc-comp-2026,BV-Lin,family-balanced 1500-input expansion,chc-comp26-benchmarks-main.zip,912aa7b44471c9e1ed49ba0c2c034dcafa4300a821edaf3bf016618fd0e99b25,https://github.com/chc-comp/chc-comp26-benchmarks,b4fa7a708e5863bbcdb5de50d692ead3a67cbedc,vmt-chc-benchmarks/bv/bind_expands_vars2.c_000.smt2,chc-comp-2026/vmt-chc-benchmarks/bv/bind_expands_vars2.c_000_000.yml,ef0b721dc98acc33a187439a795f1d7049b2fc9d7b41530f9566f502f1e64173,sat
chc-comp-2026/llreve-bench/smt2/clausified/rec__limit2_000.smt2,c3daf4fc2c3aa9c32f0ea056b861c9e22205823d45b4c600ca46f3b1f10e922b,chc-comp-2026,LIA,family-balanced 1500-input expansion,chc-comp26-benchmarks-main.zip,912aa7b44471c9e1ed49ba0c2c034dcafa4300a821edaf3bf016618fd0e99b25,https://github.com/chc-comp/chc-comp26-benchmarks,b4fa7a708e5863bbcdb5de50d692ead3a67cbedc,llreve-bench/smt2/clausified/rec__limit2_000.smt2,chc-comp-2026/llreve-bench/smt2/clausified/rec__limit2_000_001.yml,a9fee252d942436a851eafe81d64be52a2c544f6bf0af9178903fdc91ee5d158,sat_validated
chc-comp-2026/solidity/no_adts/unit_tests/blockchain_state/balance_receive_3.sol_0_no_adts_000.smt2,8d00c279694add8159977cf1fd778bc7f3f9a4fac6db9eb02368a59010d9353f,chc-comp-2026,LIA-Arrays,family-balanced 1500-input expansion,chc-comp26-benchmarks-main.zip,912aa7b44471c9e1ed49ba0c2c034dcafa4300a821edaf3bf016618fd0e99b25,https://github.com/chc-comp/chc-comp26-benchmarks,b4fa7a708e5863bbcdb5de50d692ead3a67cbedc,solidity/no_adts/unit_tests/blockchain_state/balance_receive_3.sol_0_no_adts_000.smt2,chc-comp-2026/solidity/no_adts/unit_tests/blockchain_state/balance_receive_3.sol_0_no_adts_000.yml,949ac4c118955183c9cba9ba609a24cd6b961e2fbbc9c0e9356aafea823d3387,unsat
chc-comp-2026/hcai-bench/svcomp/O0/O0_nec20_false-unreach-call_true-termination_000.smt2,996e36b12e362c0c3147af565476418faeeafaef23f12010b92dbd4d6db834d9,chc-comp-2026,LIA-Lin,family-balanced 1500-input expansion,chc-comp26-benchmarks-main.zip,912aa7b44471c9e1ed49ba0c2c034dcafa4300a821edaf3bf016618fd0e99b25,https://github.com/chc-comp/chc-comp26-benchmarks,b4fa7a708e5863bbcdb5de50d692ead3a67cbedc,hcai-bench/svcomp/O0/O0_nec20_false-unreach-call_true-termination_000.smt2,chc-comp-2026/hcai-bench/svcomp/O0/O0_nec20_false-unreach-call_true-termination_000.yml,b70f3a24c98e1c0f78a52183217e0b2d78e946ebafd30fb2a4e9bc3de79b730e,unsat
chc-comp-2026/hcai-bench/svcomp/O0/O0_string_false-unreach-call_true-termination_000.smt2,98a4f954a7de670c82f1fc57aa13360fb66f6d00b07cda65b2fded315e899cdb,chc-comp-2026,LIA-Lin-Arrays,family-balanced 1500-input expansion,chc-comp26-benchmarks-main.zip,912aa7b44471c9e1ed49ba0c2c034dcafa4300a821edaf3bf016618fd0e99b25,https://github.com/chc-comp/chc-comp26-benchmarks,b4fa7a708e5863bbcdb5de50d692ead3a67cbedc,hcai-bench/svcomp/O0/O0_string_false-unreach-call_true-termination_000.smt2,chc-comp-2026/hcai-bench/svcomp/O0/O0_string_false-unreach-call_true-termination_000.yml,1e3fb44577ce21308d4e9586adcf0beff71398afded9133697846aa2b48109b7,unsat
chc-comp-2026/sally-chc-benchmarks/misc/inc_cas_prop1_000.smt2,fc2a5560717fa71825acb01ff785766c10b243a0fbbcf71a81050dda26e79067,chc-comp-2026,LRA-Lin,family-balanced 1500-input expansion,chc-comp26-benchmarks-main.zip,912aa7b44471c9e1ed49ba0c2c034dcafa4300a821edaf3bf016618fd0e99b25,https://github.com/chc-comp/chc-comp26-benchmarks,b4fa7a708e5863bbcdb5de50d692ead3a67cbedc,sally-chc-benchmarks/misc/inc_cas_prop1_000.smt2,chc-comp-2026/sally-chc-benchmarks/misc/inc_cas_prop1_000.yml,066698696d31738abd1ac6a12b430809c55a5539b7dd03c606da4c45dcc30a80,sat_validated
chc-comp-2026/kind2-chc-benchmarks/data/cruise_controller_09_000.smt2,30fdae2b7c628e2da8e1951c0fbc7b3d728bb32732f268f6de1319682ecac0e9,chc-comp-2026,mixed_LIA_LRA,family-balanced 1500-input expansion,chc-comp26-benchmarks-main.zip,912aa7b44471c9e1ed49ba0c2c034dcafa4300a821edaf3bf016618fd0e99b25,https://github.com/chc-comp/chc-comp26-benchmarks,b4fa7a708e5863bbcdb5de50d692ead3a67cbedc,kind2-chc-benchmarks/data/cruise_controller_09_000.smt2,chc-comp-2026/kind2-chc-benchmarks/data/cruise_controller_09_000.yml,d03c712b0c4568c72d241d95f4b51147e3b70f6ae2b0a898f5630a78e89ac5d3,
chc-comp-2026/ADTRem/clam/goal12_000.smt2,e0da05a202a615808e202399d026ea955da7adae0849195f8c0dfb1f5e5bdb18,chc-comp-2026,ADT-LIA,family-balanced 1500-input expansion,chc-comp26-benchmarks-main.zip,912aa7b44471c9e1ed49ba0c2c034dcafa4300a821edaf3bf016618fd0e99b25,https://github.com/chc-comp/chc-comp26-benchmarks,b4fa7a708e5863bbcdb5de50d692ead3a67cbedc,ADTRem/clam/goal12_000.smt2,chc-comp-2026/ADTRem/clam/goal12_000_000.yml,95527475caf9f7d8160152a50d672c26fcefb2b7b582369d588859060e5825e2,sat_validated
chc-comp-2026/tricera-adt-arr/adt-arr/test-0232-2.i-valid-deref_000.smt2,af2856f2d5b7f510020efbb09f6531229230e7080fab9f780e199341d5381b4a,chc-comp-2026,ADT-LIA-Arrays,family-balanced 1500-input expansion,chc-comp26-benchmarks-main.zip,912aa7b44471c9e1ed49ba0c2c034dcafa4300a821edaf3bf016618fd0e99b25,https://github.com/chc-comp/chc-comp26-benchmarks,b4fa7a708e5863bbcdb5de50d692ead3a67cbedc,tricera-adt-arr/adt-arr/test-0232-2.i-valid-deref_000.smt2,chc-comp-2026/tricera-adt-arr/adt-arr/test-0232-2.i-valid-deref_000.yml,a50e6b9dbd82e2f2e7b5ab9bb2d9adb01115a8b9d0e354a9f50ed3d740e86cbb,
chc-comp-2026/kind2-chc-benchmarks/data/stalmark_e7_27_e7_31_000.smt2,e6866cf98738ae59a45423d6220c3fd32c1da3e75b85051bc26d91a8f2f5d168,chc-comp-2026,BOOL,family-balanced 1500-input expansion,chc-comp26-benchmarks-main.zip,912aa7b44471c9e1ed49ba0c2c034dcafa4300a821edaf3bf016618fd0e99b25,https://github.com/chc-comp/chc-comp26-benchmarks,b4fa7a708e5863bbcdb5de50d692ead3a67cbedc,kind2-chc-benchmarks/data/stalmark_e7_27_e7_31_000.smt2,chc-comp-2026/kind2-chc-benchmarks/data/stalmark_e7_27_e7_31_000_000.yml,103823db0c31b516a5bbfc489df28a1d1539f3951a9cf86daabfa69567d9bf28,
chc-comp-2026/eldarica-misc/BV/dillig/30.c-bv_000.smt2,2c4364fdfd34e2a9cba1f7ec0726155e01880ffdbb164c9a7d9c770ef6e5091b,chc-comp-2026,BV-Lin,family-balanced 1500-input expansion,chc-comp26-benchmarks-main.zip,912aa7b44471c9e1ed49ba0c2c034dcafa4300a821edaf3bf016618fd0e99b25,https://github.com/chc-comp/chc-comp26-benchmarks,b4fa7a708e5863bbcdb5de50d692ead3a67cbedc,eldarica-misc/BV/dillig/30.c-bv_000.smt2,chc-comp-2026/eldarica-misc/BV/dillig/30.c-bv_000.yml,4023cf07d5a689f7b7447e904024a0ddbedb03b1f98647f0b5b6a4f5fd37b2cb,sat
chc-comp-2026/kind2-chc-benchmarks/data/FIREFLY_luke_rt_e1_913_e3_2128_000.smt2,53bd50f3454550717b62583bc5d85723b91c6b75c60e3e837e41d936335e1d71,chc-comp-2026,LIA,family-balanced 1500-input expansion,chc-comp26-benchmarks-main.zip,912aa7b44471c9e1ed49ba0c2c034dcafa4300a821edaf3bf016618fd0e99b25,https://github.com/chc-comp/chc-comp26-benchmarks,b4fa7a708e5863bbcdb5de50d692ead3a67cbedc,kind2-chc-benchmarks/data/FIREFLY_luke_rt_e1_913_e3_2128_000.smt2,chc-comp-2026/kind2-chc-benchmarks/data/FIREFLY_luke_rt_e1_913_e3_2128_000.yml,1dcb86dbe0dc0a3c80d3444b810c43c85c33ff68d9ddea3974ba6711eb2b58df,unsat
chc-comp-2026/hcai-bench/svcomp/O0/O0_recHanoi01_true-unreach-call_true-no-overflow_true-termination_000.smt2,4850d4fbd263bccf3c6abf48976f726cbcb8a5eab973a57371a61ffa7d483ad8,chc-comp-2026,LIA-Arrays,family-balanced 1500-input expansion,chc-comp26-benchmarks-main.zip,912aa7b44471c9e1ed49ba0c2c034dcafa4300a821edaf3bf016618fd0e99b25,https://github.com/chc-comp/chc-comp26-benchmarks,b4fa7a708e5863bbcdb5de50d692ead3a67cbedc,hcai-bench/svcomp/O0/O0_recHanoi01_true-unreach-call_true-no-overflow_true-termination_000.smt2,chc-comp-2026/hcai-bench/svcomp/O0/O0_recHanoi01_true-unreach-call_true-no-overflow_true-termination_000.yml,97744ca9945bf75e2725b5a3ec442a66ca7babd10f71bfa17003a048bd60e7ce,
chc-comp-2026/vmt-chc-benchmarks/lustre/speed_e8_136_000.smt2,a0235316bdca09b4c215b9fce8995e05b35e7296dc4874636a2ff4dc508f55ef,chc-comp-2026,LIA-Lin,family-balanced 1500-input expansion,chc-comp26-benchmarks-main.zip,912aa7b44471c9e1ed49ba0c2c034dcafa4300a821edaf3bf016618fd0e99b25,https://github.com/chc-comp/chc-comp26-benchmarks,b4fa7a708e5863bbcdb5de50d692ead3a67cbedc,vmt-chc-benchmarks/lustre/speed_e8_136_000.smt2,chc-comp-2026/vmt-chc-benchmarks/lustre/speed_e8_136_000.yml,b74a092bb16f7351997239ac1903e113e32293792a3d52d3333093a47d5ecde0,sat_validated
chc-comp-2026/llreve-bench/muz/libc__sbrk_1_000.smt2,25fa8979e9c4b6931888142ea4989564059ec6787ac86a00d1f71598d4ee70e2,chc-comp-2026,LIA-Lin-Arrays,family-balanced 1500-input expansion,chc-comp26-benchmarks-main.zip,912aa7b44471c9e1ed49ba0c2c034dcafa4300a821edaf3bf016618fd0e99b25,https://github.com/chc-comp/chc-comp26-benchmarks,b4fa7a708e5863bbcdb5de50d692ead3a67cbedc,llreve-bench/muz/libc__sbrk_1_000.smt2,chc-comp-2026/llreve-bench/muz/libc__sbrk_1_000_000.yml,9c49a24e63a4af2261f80850c6540b2fe1527aec4b3b7070571dae0db31a74b5,sat_validated
chc-comp-2026/sally-chc-benchmarks/oral_messages/om1_with_relays_agreement_000.smt2,32c7df1147b3ba53eaf616a3512d7c5827c5e0f24da14c6dbfbc661f53d3bdb4,chc-comp-2026,LRA-Lin,family-balanced 1500-input expansion,chc-comp26-benchmarks-main.zip,912aa7b44471c9e1ed49ba0c2c034dcafa4300a821edaf3bf016618fd0e99b25,https://github.com/chc-comp/chc-comp26-benchmarks,b4fa7a708e5863bbcdb5de50d692ead3a67cbedc,sally-chc-benchmarks/oral_messages/om1_with_relays_agreement_000.smt2,chc-comp-2026/sally-chc-benchmarks/oral_messages/om1_with_relays_agreement_000.yml,05a92c1c66af3b42330375e2c038e370291fad93348f0425df6b8eb7e81d54ee,sat_validated
chc-comp-2026/kind2-chc-benchmarks/data/cruise_controller_01_000.smt2,f09891d0ee8b9913d73396e7f9a03d9b2b663403d83c2508c6ec08a7deef9358,chc-comp-2026,mixed_LIA_LRA,family-balanced 1500-input expansion,chc-comp26-benchmarks-main.zip,912aa7b44471c9e1ed49ba0c2c034dcafa4300a821edaf3bf016618fd0e99b25,https://github.com/chc-comp/chc-comp26-benchmarks,b4fa7a708e5863bbcdb5de50d692ead3a67cbedc,kind2-chc-benchmarks/data/cruise_controller_01_000.smt2,chc-comp-2026/kind2-chc-benchmarks/data/cruise_controller_01_000.yml,d30c18f9b4647edb9a93ba0f66ed25957c6884ee0405afc7a58c0b0b3df1165e,
chc-comp-2026/ringen-adt-benchmarks/tip2015/sort_nat_NStoogeSortSorts_000.smt2,99075defb615dcee810b902a8f0b0086858396db4ff45c6339795c8c00256b13,chc-comp-2026,ADT-LIA,family-balanced 1500-input expansion,chc-comp26-benchmarks-main.zip,912aa7b44471c9e1ed49ba0c2c034dcafa4300a821edaf3bf016618fd0e99b25,https://github.com/chc-comp/chc-comp26-benchmarks,b4fa7a708e5863bbcdb5de50d692ead3a67cbedc,ringen-adt-benchmarks/tip2015/sort_nat_NStoogeSortSorts_000.smt2,chc-comp-2026/ringen-adt-benchmarks/tip2015/sort_nat_NStoogeSortSorts_000.yml,8f356127264d3175109057d9d60f89d51c936a10f084bfb206fad4925cd44475,
chc-comp-2026/solidity/unit_tests/modifiers/modifier_overflow.sol_0_000.smt2,a17ce81c6086a2616e95a4ee74f7e312acc6e00d4dc60ae65fed1a5bcd62a6a3,chc-comp-2026,ADT-LIA-Arrays,family-balanced 1500-input expansion,chc-comp26-benchmarks-main.zip,912aa7b44471c9e1ed49ba0c2c034dcafa4300a821edaf3bf016618fd0e99b25,https://github.com/chc-comp/chc-comp26-benchmarks,b4fa7a708e5863bbcdb5de50d692ead3a67cbedc,solidity/unit_tests/modifiers/modifier_overflow.sol_0_000.smt2,chc-comp-2026/solidity/unit_tests/modifiers/modifier_overflow.sol_0_000.yml,27937eefe03a874a4f1f0a44674450b83c4fb5b34ac34b6c23dff66efc5ef53c,sat_validated
chc-comp-2026/vmt-chc-benchmarks/lustre/stalmark_e7_27_000.smt2,2a71452bb972f9b71b08ae66fef936630961e719a77f10a01dc2680683edaa9c,chc-comp-2026,BOOL,family-balanced 1500-input expansion,chc-comp26-benchmarks-main.zip,912aa7b44471c9e1ed49ba0c2c034dcafa4300a821edaf3bf016618fd0e99b25,https://github.com/chc-comp/chc-comp26-benchmarks,b4fa7a708e5863bbcdb5de50d692ead3a67cbedc,vmt-chc-benchmarks/lustre/stalmark_e7_27_000.smt2,chc-comp-2026/vmt-chc-benchmarks/lustre/stalmark_e7_27_000_001.yml,5ec9063b705c09bf83e6430acae381f89664c6e680d0ef9184e87816223caa32,
chc-comp-2026/vmt-chc-benchmarks/bv/puzzle1.c_000.smt2,fe1582a6c08d4334bff2c2720ef2168ab8f6c9f3c02e4ff10a8e7f3f3765b491,chc-comp-2026,BV-Lin,family-balanced 1500-input expansion,chc-comp26-benchmarks-main.zip,912aa7b44471c9e1ed49ba0c2c034dcafa4300a821edaf3bf016618fd0e99b25,https://github.com/chc-comp/chc-comp26-benchmarks,b4fa7a708e5863bbcdb5de50d692ead3a67cbedc,vmt-chc-benchmarks/bv/puzzle1.c_000.smt2,chc-comp-2026/vmt-chc-benchmarks/bv/puzzle1.c_000.yml,053f8a63933a4a37bc1290a46e5643b8053c0a041a03e4c3ac4006e97e78eb3a,sat_validated
chc-comp-2026/hcai-bench/svcomp/O3/O3_fibo_2calls_4_false-unreach-call_true-termination_000.smt2,6866ae871e4ca48db82e9fd7795a6c40b0b26312a62cbb0c309711b24c7659da,chc-comp-2026,LIA,family-balanced 1500-input expansion,chc-comp26-benchmarks-main.zip,912aa7b44471c9e1ed49ba0c2c034dcafa4300a821edaf3bf016618fd0e99b25,https://github.com/chc-comp/chc-comp26-benchmarks,b4fa7a708e5863bbcdb5de50d692ead3a67cbedc,hcai-bench/svcomp/O3/O3_fibo_2calls_4_false-unreach-call_true-termination_000.smt2,chc-comp-2026/hcai-bench/svcomp/O3/O3_fibo_2calls_4_false-unreach-call_true-termination_000.yml,9bafdac64cac5209f4b435a5203d0501deffa8173b1d2d7b30ff087b52080aec,unsat
chc-comp-2026/solidity/no_adts/unit_tests/special/msg_value_4.sol_0_no_adts_000.smt2,617cbdc78e52c85c68735f1d4207dba9ea0eeb44a8ada38bf6d823aba6092e9f,chc-comp-2026,LIA-Arrays,family-balanced 1500-input expansion,chc-comp26-benchmarks-main.zip,912aa7b44471c9e1ed49ba0c2c034dcafa4300a821edaf3bf016618fd0e99b25,https://github.com/chc-comp/chc-comp26-benchmarks,b4fa7a708e5863bbcdb5de50d692ead3a67cbedc,solidity/no_adts/unit_tests/special/msg_value_4.sol_0_no_adts_000.smt2,chc-comp-2026/solidity/no_adts/unit_tests/special/msg_value_4.sol_0_no_adts_000.yml,fe827dffb968d325a9642f4682180202e1dfe159087cb290bcc850e394b9b674,sat_validated
chc-comp-2026/aeval-benchmarks/multi-phase/s_split_40_000.smt2,d6eb68fb7fbb76b1a69fa3a98435c62e02d14d205fccd9f13e258698170b93ee,chc-comp-2026,LIA-Lin,family-balanced 1500-input expansion,chc-comp26-benchmarks-main.zip,912aa7b44471c9e1ed49ba0c2c034dcafa4300a821edaf3bf016618fd0e99b25,https://github.com/chc-comp/chc-comp26-benchmarks,b4fa7a708e5863bbcdb5de50d692ead3a67cbedc,aeval-benchmarks/multi-phase/s_split_40_000.smt2,chc-comp-2026/aeval-benchmarks/multi-phase/s_split_40_000_000.yml,d8eaeb9c7fb2000247a3bdf02d3768fd7cfdab74fcc532a3b7cba8c608641545,sat_validated
chc-comp-2026/hcai-bench/svcomp/O3/O3_invert_string_true-unreach-call_true-termination_000.smt2,cca1b9d6bc327785db7cd43fb3b9f2c46636117c6b2e967d38529b1118efbbc4,chc-comp-2026,LIA-Lin-Arrays,family-balanced 1500-input expansion,chc-comp26-benchmarks-main.zip,912aa7b44471c9e1ed49ba0c2c034dcafa4300a821edaf3bf016618fd0e99b25,https://github.com/chc-comp/chc-comp26-benchmarks,b4fa7a708e5863bbcdb5de50d692ead3a67cbedc,hcai-bench/svcomp/O3/O3_invert_string_true-unreach-call_true-termination_000.smt2,chc-comp-2026/hcai-bench/svcomp/O3/O3_invert_string_true-unreach-call_true-termination_000.yml,aaa89dfdd5f34d1b4b0c244fda286070bfc8625d3c6953c94051bb6495c63eaa,sat_validated
chc-comp-2026/sally-chc-benchmarks/oral_messages/om1_with_relays_general_5_3_agreement_000.smt2,564e6c40a854e40b286539b61ced7bc5546f9a0fe91d9467df576724e7215d4f,chc-comp-2026,LRA-Lin,family-balanced 1500-input expansion,chc-comp26-benchmarks-main.zip,912aa7b44471c9e1ed49ba0c2c034dcafa4300a821edaf3bf016618fd0e99b25,https://github.com/chc-comp/chc-comp26-benchmarks,b4fa7a708e5863bbcdb5de50d692ead3a67cbedc,sally-chc-benchmarks/oral_messages/om1_with_relays_general_5_3_agreement_000.smt2,chc-comp-2026/sally-chc-benchmarks/oral_messages/om1_with_relays_general_5_3_agreement_000.yml,3dce8a2ac59985e6f9492abc5bf58450e6a166e0a8ff05c2fc6c2e93064f69e4,sat_validated
chc-comp-2026/kind2-chc-benchmarks/data/cruise_controller_12_000.smt2,337c32cc202347ea31867cf9170e537e99b516efaad77df24e7e484f62b418ce,chc-comp-2026,mixed_LIA_LRA,family-balanced 1500-input expansion,chc-comp26-benchmarks-main.zip,912aa7b44471c9e1ed49ba0c2c034dcafa4300a821edaf3bf016618fd0e99b25,https://github.com/chc-comp/chc-comp26-benchmarks,b4fa7a708e5863bbcdb5de50d692ead3a67cbedc,kind2-chc-benchmarks/data/cruise_controller_12_000.smt2,chc-comp-2026/kind2-chc-benchmarks/data/cruise_controller_12_000.yml,a87b6898360ab718c01083344ab6df7024a221cdb60992785b204f1901fb9152,
chc-comp-2026/adt-purified-benchmarks/3-swap-dec-swap-dec-11-0.Z3.0_000.smt2,f14c1cb75c07fae492691d16f9a037d36fac6965d3bce2c13cf31818865be45b,chc-comp-2026,ADT-LIA,family-balanced 1500-input expansion,chc-comp26-benchmarks-main.zip,912aa7b44471c9e1ed49ba0c2c034dcafa4300a821edaf3bf016618fd0e99b25,https://github.com/chc-comp/chc-comp26-benchmarks,b4fa7a708e5863bbcdb5de50d692ead3a67cbedc,adt-purified-benchmarks/3-swap-dec-swap-dec-11-0.Z3.0_000.smt2,chc-comp-2026/adt-purified-benchmarks/3-swap-dec-swap-dec-11-0.Z3.0_000.yml,b0620b4d25f257ee949acdfd38abaf9aeeaf17fe331889d734a2e828e2c355a1,unsat
chc-comp-2026/solidity/unit_tests/types/tuple_1_chain_n.sol_0_000.smt2,4af6ad3670895822b2aad5225ae3df796ccb4075efbcf15790e0db3190509322,chc-comp-2026,ADT-LIA-Arrays,family-balanced 1500-input expansion,chc-comp26-benchmarks-main.zip,912aa7b44471c9e1ed49ba0c2c034dcafa4300a821edaf3bf016618fd0e99b25,https://github.com/chc-comp/chc-comp26-benchmarks,b4fa7a708e5863bbcdb5de50d692ead3a67cbedc,solidity/unit_tests/types/tuple_1_chain_n.sol_0_000.smt2,chc-comp-2026/solidity/unit_tests/types/tuple_1_chain_n.sol_0_000.yml,ab13211c0fbb46129f54c9f4ce4849790a9ef6df6ed92e46a3ea9adea70faaa5,sat_validated
chc-comp-2026/kind2-chc-benchmarks/data/stalmark_e8_64_e8_207_000.smt2,502c60205dd1984ca55f0e3e1e81529703f2ce8fcf656f2bede5ac2ada75a836,chc-comp-2026,BOOL,family-balanced 1500-input expansion,chc-comp26-benchmarks-main.zip,912aa7b44471c9e1ed49ba0c2c034dcafa4300a821edaf3bf016618fd0e99b25,https://github.com/chc-comp/chc-comp26-benchmarks,b4fa7a708e5863bbcdb5de50d692ead3a67cbedc,kind2-chc-benchmarks/data/stalmark_e8_64_e8_207_000.smt2,chc-comp-2026/kind2-chc-benchmarks/data/stalmark_e8_64_e8_207_000_000.yml,34c763872a06f67042cb521a4519ee119cc024eaec2c19f5fad8b1957a0ac0b5,
chc-comp-2026/eldarica-misc/BV/reve/015-horn-bv_000.smt2,87881312180b663b63830dce505ff5d952bcb558f2a1f772e48766a95fb5a418,chc-comp-2026,BV-Lin,family-balanced 1500-input expansion,chc-comp26-benchmarks-main.zip,912aa7b44471c9e1ed49ba0c2c034dcafa4300a821edaf3bf016618fd0e99b25,https://github.com/chc-comp/chc-comp26-benchmarks,b4fa7a708e5863bbcdb5de50d692ead3a67cbedc,eldarica-misc/BV/reve/015-horn-bv_000.smt2,chc-comp-2026/eldarica-misc/BV/reve/015-horn-bv_000.yml,df1d57afe7dba6eda1b26fe56a6c840541179641bc33df0f10ec99fcb24ee07d,
chc-comp-2026/ultimate/LIA-NonLin/06_ticket_simplified_000.smt2,d352670445454bf398178a35cfd4bec34cf1e0483658c74998d15018ebd4ec1b,chc-comp-2026,LIA,family-balanced 1500-input expansion,chc-comp26-benchmarks-main.zip,912aa7b44471c9e1ed49ba0c2c034dcafa4300a821edaf3bf016618fd0e99b25,https://github.com/chc-comp/chc-comp26-benchmarks,b4fa7a708e5863bbcdb5de50d692ead3a67cbedc,ultimate/LIA-NonLin/06_ticket_simplified_000.smt2,chc-comp-2026/ultimate/LIA-NonLin/06_ticket_simplified_000.yml,31e04891db8c6f13caaaa82f45acdc2dc1cb22c0c7e14112720f6b5f1f278a3f,sat_validated
chc-comp-2026/hcai-bench/svcomp/O0/O0_verisec_OpenSER__cases1_stripFullBoth_arr_false-unreach-call_true-termination_000.smt2,09f4e3e112eaac24d81dfc41c8f8ee0e42b82d699c34474b0024ba558d2535df,chc-comp-2026,LIA-Arrays,family-balanced 1500-input expansion,chc-comp26-benchmarks-main.zip,912aa7b44471c9e1ed49ba0c2c034dcafa4300a821edaf3bf016618fd0e99b25,https://github.com/chc-comp/chc-comp26-benchmarks,b4fa7a708e5863bbcdb5de50d692ead3a67cbedc,hcai-bench/svcomp/O0/O0_verisec_OpenSER__cases1_stripFullBoth_arr_false-unreach-call_true-termination_000.smt2,chc-comp-2026/hcai-bench/svcomp/O0/O0_verisec_OpenSER__cases1_stripFullBoth_arr_false-unreach-call_true-termination_000.yml,f311256b5759f76c68660d58760632798372fc7e7dade4ea66ff385b7bf10932,unsat
chc-comp-2026/hopv/lia/termination/Fibonacci01_000.smt2,765bb0aea1c87566c399a75ac990f5e21a63f06fae82428184adad141b94be69,chc-comp-2026,LIA-Lin,family-balanced 1500-input expansion,chc-comp26-benchmarks-main.zip,912aa7b44471c9e1ed49ba0c2c034dcafa4300a821edaf3bf016618fd0e99b25,https://github.com/chc-comp/chc-comp26-benchmarks,b4fa7a708e5863bbcdb5de50d692ead3a67cbedc,hopv/lia/termination/Fibonacci01_000.smt2,chc-comp-2026/hopv/lia/termination/Fibonacci01_000.yml,d94e401c3efe49793d8780d63c4e93833d7f120d9e3a23a97a36fb543ced0833,sat_validated
chc-comp-2026/quic3/data/standard_copy4_true-unreach-call_ground_000.smt2,48dabfbbc3b3cf6b87c1aa68e661cb815a15b962a123f98d362e5acba8078dfd,chc-comp-2026,LIA-Lin-Arrays,family-balanced 1500-input expansion,chc-comp26-benchmarks-main.zip,912aa7b44471c9e1ed49ba0c2c034dcafa4300a821edaf3bf016618fd0e99b25,https://github.com/chc-comp/chc-comp26-benchmarks,b4fa7a708e5863bbcdb5de50d692ead3a67cbedc,quic3/data/standard_copy4_true-unreach-call_ground_000.smt2,chc-comp-2026/quic3/data/standard_copy4_true-unreach-call_ground_000.yml,4a0d2db6b917998dae2cdd2aabe877a1a18571ac3c1128cb4f0d3a04c7741538,
chc-comp-2026/sally-chc-benchmarks/approximate_agreement/approx.4_000.smt2,40a8357010900e55beb19b0190a8e2487e45205e12b3127ec7e3d930a8558202,chc-comp-2026,LRA-Lin,family-balanced 1500-input expansion,chc-comp26-benchmarks-main.zip,912aa7b44471c9e1ed49ba0c2c034dcafa4300a821edaf3bf016618fd0e99b25,https://github.com/chc-comp/chc-comp26-benchmarks,b4fa7a708e5863bbcdb5de50d692ead3a67cbedc,sally-chc-benchmarks/approximate_agreement/approx.4_000.smt2,chc-comp-2026/sally-chc-benchmarks/approximate_agreement/approx.4_000.yml,e53680e785aae1e789d9ae2a1f0f6c2d2773902d464cc623a81307d287388ceb,sat_validated
chc-comp-2026/kind2-chc-benchmarks/data/cruise_controller_14_000.smt2,63fc06f257226eea9bb5dc73f2fd8bade5488149be84a2dedda6fefc5cd011fe,chc-comp-2026,mixed_LIA_LRA,family-balanced 1500-input expansion,chc-comp26-benchmarks-main.zip,912aa7b44471c9e1ed49ba0c2c034dcafa4300a821edaf3bf016618fd0e99b25,https://github.com/chc-comp/chc-comp26-benchmarks,b4fa7a708e5863bbcdb5de50d692ead3a67cbedc,kind2-chc-benchmarks/data/cruise_controller_14_000.smt2,chc-comp-2026/kind2-chc-benchmarks/data/cruise_controller_14_000.yml,47fcd8f6a88b27067f38074800cfe81a4ccbd7609efdabd0d873644aa4f657cb,
chc-comp-2026/tip-adt-lia/false_productive_use_of_failure_app_inj1_000.smt2,96a9c7569fc1f2cbeab267f154274f775dd46802ad99ba97fef8bd99330d08e4,chc-comp-2026,ADT-LIA,family-balanced 1500-input expansion,chc-comp26-benchmarks-main.zip,912aa7b44471c9e1ed49ba0c2c034dcafa4300a821edaf3bf016618fd0e99b25,https://github.com/chc-comp/chc-comp26-benchmarks,b4fa7a708e5863bbcdb5de50d692ead3a67cbedc,tip-adt-lia/false_productive_use_of_failure_app_inj1_000.smt2,chc-comp-2026/tip-adt-lia/false_productive_use_of_failure_app_inj1_000.yml,8ba7888e92603a1469f5e9f1789c905d244f6aa73c988d293de3f7e35880602d,sat
chc-comp-2026/tricera-adt-arr/adt-arr/sll.i-valid-deref_000.smt2,7f22023f5613d76dd306ce75d12fd0bef1dec57553e124c43f0690b90cb66a9a,chc-comp-2026,ADT-LIA-Arrays,family-balanced 1500-input expansion,chc-comp26-benchmarks-main.zip,912aa7b44471c9e1ed49ba0c2c034dcafa4300a821edaf3bf016618fd0e99b25,https://github.com/chc-comp/chc-comp26-benchmarks,b4fa7a708e5863bbcdb5de50d692ead3a67cbedc,tricera-adt-arr/adt-arr/sll.i-valid-deref_000.smt2,chc-comp-2026/tricera-adt-arr/adt-arr/sll.i-valid-deref_000.yml,27bc569cdcfb1ea8c7a72e71b8207de4cbffb0a9b4168d6bd02e954a368b238d,
chc-comp-2026/vmt-chc-benchmarks/lustre/tramway_e7_1834_e7_2363_000.smt2,b8899913e893c28167befff9a188ba21dbcdfb09d1916871498c900c3ab9536b,chc-comp-2026,BOOL,family-balanced 1500-input expansion,chc-comp26-benchmarks-main.zip,912aa7b44471c9e1ed49ba0c2c034dcafa4300a821edaf3bf016618fd0e99b25,https://github.com/chc-comp/chc-comp26-benchmarks,b4fa7a708e5863bbcdb5de50d692ead3a67cbedc,vmt-chc-benchmarks/lustre/tramway_e7_1834_e7_2363_000.smt2,chc-comp-2026/vmt-chc-benchmarks/lustre/tramway_e7_1834_e7_2363_000_001.yml,a18fc7eec0106008ea66235d172d5782e9fcf3411c9df7bbc0a092f643239c4a,
chc-comp-2026/vmt-chc-benchmarks/bv/gulwani_cegar1.c_000.smt2,9aabc8a5ec254f10fcb547071a98a6470a74eb8e1390ad3ae1946fdaa66328e8,chc-comp-2026,BV-Lin,family-balanced 1500-input expansion,chc-comp26-benchmarks-main.zip,912aa7b44471c9e1ed49ba0c2c034dcafa4300a821edaf3bf016618fd0e99b25,https://github.com/chc-comp/chc-comp26-benchmarks,b4fa7a708e5863bbcdb5de50d692ead3a67cbedc,vmt-chc-benchmarks/bv/gulwani_cegar1.c_000.smt2,chc-comp-2026/vmt-chc-benchmarks/bv/gulwani_cegar1.c_000_000.yml,0c860c68babb7886102c4d42f95bf27e79eebbea27be3cb8aba6d824ee049470,sat_validated
chc-comp-2026/rust-horn/simple-3-05_recursive_sat_000.smt2,a1af9453bbe9c257c7b0e95b19afadfa704e0dd56afb7a0e688c38d547462953,chc-comp-2026,LIA,family-balanced 1500-input expansion,chc-comp26-benchmarks-main.zip,912aa7b44471c9e1ed49ba0c2c034dcafa4300a821edaf3bf016618fd0e99b25,https://github.com/chc-comp/chc-comp26-benchmarks,b4fa7a708e5863bbcdb5de50d692ead3a67cbedc,rust-horn/simple-3-05_recursive_sat_000.smt2,chc-comp-2026/rust-horn/simple-3-05_recursive_sat_000.yml,e641870f2358193523a19ee74f6b45624b9e8d2d861ca1e567d04fb878165c74,unsat
chc-comp-2026/solidity/no_adts/unit_tests/special/msg_sender_3.sol_1_no_adts_000.smt2,d04622f1498725ad59fde91ac4a0d5c6bdd45f26fe0ff9a3bfe86e9bf1e09816,chc-comp-2026,LIA-Arrays,family-balanced 1500-input expansion,chc-comp26-benchmarks-main.zip,912aa7b44471c9e1ed49ba0c2c034dcafa4300a821edaf3bf016618fd0e99b25,https://github.com/chc-comp/chc-comp26-benchmarks,b4fa7a708e5863bbcdb5de50d692ead3a67cbedc,solidity/no_adts/unit_tests/special/msg_sender_3.sol_1_no_adts_000.smt2,chc-comp-2026/solidity/no_adts/unit_tests/special/msg_sender_3.sol_1_no_adts_000.yml,77442d5c157c7a2ab225f2fb76a6e080606938ec0d22b50dd96cdd49877855c5,sat_validated
chc-comp-2026/eldarica-misc/LIA/reve/014d-horn_000.smt2,0ea3b31a9fa303279c78e07b7417b2d4b179ac3c87981802e6459a45c2aa762f,chc-comp-2026,LIA-Lin,family-balanced 1500-input expansion,chc-comp26-benchmarks-main.zip,912aa7b44471c9e1ed49ba0c2c034dcafa4300a821edaf3bf016618fd0e99b25,https://github.com/chc-comp/chc-comp26-benchmarks,b4fa7a708e5863bbcdb5de50d692ead3a67cbedc,eldarica-misc/LIA/reve/014d-horn_000.smt2,chc-comp-2026/eldarica-misc/LIA/reve/014d-horn_000.yml,cf1ff6b577792e94c086bd08f7311f1ebad68c088eec3cadef149d2efb969dec,unsat
chc-comp-2026/llreve-bench/smt2/arrays/heap__clearstr.array_000.smt2,1202a20f868e388813145c783c86bb416346e64056472d02144ff26281a8c52d,chc-comp-2026,LIA-Lin-Arrays,family-balanced 1500-input expansion,chc-comp26-benchmarks-main.zip,912aa7b44471c9e1ed49ba0c2c034dcafa4300a821edaf3bf016618fd0e99b25,https://github.com/chc-comp/chc-comp26-benchmarks,b4fa7a708e5863bbcdb5de50d692ead3a67cbedc,llreve-bench/smt2/arrays/heap__clearstr.array_000.smt2,chc-comp-2026/llreve-bench/smt2/arrays/heap__clearstr.array_000.yml,81c543c7e359dcb8c68559b4ab26aff21fdd3394d3b7eaadbd50e2310263278f,sat_validated
chc-comp-2026/sally-chc-benchmarks/hacms/eventclock3_000.smt2,41313ea373b722c898aa25d89e30cd4635339cc311991c4c31f633c3493fd40a,chc-comp-2026,LRA-Lin,family-balanced 1500-input expansion,chc-comp26-benchmarks-main.zip,912aa7b44471c9e1ed49ba0c2c034dcafa4300a821edaf3bf016618fd0e99b25,https://github.com/chc-comp/chc-comp26-benchmarks,b4fa7a708e5863bbcdb5de50d692ead3a67cbedc,sally-chc-benchmarks/hacms/eventclock3_000.smt2,chc-comp-2026/sally-chc-benchmarks/hacms/eventclock3_000.yml,62c412656179fb7d54d7f8647f5f72c27a4ddb4bb2301cccae12f9521ffaa3d6,sat_validated
chc-comp-2026/kind2-chc-benchmarks/data/cruise_controller_11_000.smt2,99f57ac5b75c00a3b6df07531399ec188abb590a1e854b47cace17a3807e295b,chc-comp-2026,mixed_LIA_LRA,family-balanced 1500-input expansion,chc-comp26-benchmarks-main.zip,912aa7b44471c9e1ed49ba0c2c034dcafa4300a821edaf3bf016618fd0e99b25,https://github.com/chc-comp/chc-comp26-benchmarks,b4fa7a708e5863bbcdb5de50d692ead3a67cbedc,kind2-chc-benchmarks/data/cruise_controller_11_000.smt2,chc-comp-2026/kind2-chc-benchmarks/data/cruise_controller_11_000.yml,a388d808d74e640fcf82385418898033da9bf4e3889ae65ef1e4251fae81db5a,
chc-comp-2026/rust-horn/inc-max-4-repeat3-unsafe_000.smt2,9947c77e506214df246d4fce7e5f8dd7d32555c9950d07ecbad00bcb5d91464c,chc-comp-2026,ADT-LIA,family-balanced 1500-input expansion,chc-comp26-benchmarks-main.zip,912aa7b44471c9e1ed49ba0c2c034dcafa4300a821edaf3bf016618fd0e99b25,https://github.com/chc-comp/chc-comp26-benchmarks,b4fa7a708e5863bbcdb5de50d692ead3a67cbedc,rust-horn/inc-max-4-repeat3-unsafe_000.smt2,chc-comp-2026/rust-horn/inc-max-4-repeat3-unsafe_000.yml,5f4ca16dee7947b813b9a84c5a2447c56c7f9247f881903ac77b0c524d7a678c,unsat
chc-comp-2026/solidity/unit_tests/typecast/cast_larger_3.sol_0_000.smt2,8dff54e80ef09f4e1bd5b8438ce44e3cb48ed377c37d21cc94dea60916f0de33,chc-comp-2026,ADT-LIA-Arrays,family-balanced 1500-input expansion,chc-comp26-benchmarks-main.zip,912aa7b44471c9e1ed49ba0c2c034dcafa4300a821edaf3bf016618fd0e99b25,https://github.com/chc-comp/chc-comp26-benchmarks,b4fa7a708e5863bbcdb5de50d692ead3a67cbedc,solidity/unit_tests/typecast/cast_larger_3.sol_0_000.smt2,chc-comp-2026/solidity/unit_tests/typecast/cast_larger_3.sol_0_000.yml,8eefa046b13a870f37ba006c3fda642209469ce8b4e4bd122d2b147cca2ecd85,sat_validated
chc-comp-2026/kind2-chc-benchmarks/data/stalmark_e8_64_e7_80_000.smt2,321d882d28a2ef77132d9ffb76e00344edd648da163ec1b24ad2bdee719a2854,chc-comp-2026,BOOL,family-balanced 1500-input expansion,chc-comp26-benchmarks-main.zip,912aa7b44471c9e1ed49ba0c2c034dcafa4300a821edaf3bf016618fd0e99b25,https://github.com/chc-comp/chc-comp26-benchmarks,b4fa7a708e5863bbcdb5de50d692ead3a67cbedc,kind2-chc-benchmarks/data/stalmark_e8_64_e7_80_000.smt2,chc-comp-2026/kind2-chc-benchmarks/data/stalmark_e8_64_e7_80_000_000.yml,b6efd4623012c06930bfa84c952dee0bb68d77dd01177dea3380b3d687c653de,
chc-comp-2026/eldarica-misc/BV/reve/023-horn-bv_000.smt2,710d2c21df961f964439b2e6e672cd744ca5197381d9a8b0c3a5df50232d7185,chc-comp-2026,BV-Lin,family-balanced 1500-input expansion,chc-comp26-benchmarks-main.zip,912aa7b44471c9e1ed49ba0c2c034dcafa4300a821edaf3bf016618fd0e99b25,https://github.com/chc-comp/chc-comp26-benchmarks,b4fa7a708e5863bbcdb5de50d692ead3a67cbedc,eldarica-misc/BV/reve/023-horn-bv_000.smt2,chc-comp-2026/eldarica-misc/BV/reve/023-horn-bv_000.yml,cd5adf0a707ea8082a2aef50467e4008b4ceb3aae23d47df3fc02940ce9cda61,sat_validated
chc-comp-2026/llreve-bench/smt2/quant/clausified-no-arrays/libc__sbrk_1_000.smt2,e517531fa4aab1e4729042e1732a4be6703605279569fbbb7e6686ad41f713d5,chc-comp-2026,LIA,family-balanced 1500-input expansion,chc-comp26-benchmarks-main.zip,912aa7b44471c9e1ed49ba0c2c034dcafa4300a821edaf3bf016618fd0e99b25,https://github.com/chc-comp/chc-comp26-benchmarks,b4fa7a708e5863bbcdb5de50d692ead3a67cbedc,llreve-bench/smt2/quant/clausified-no-arrays/libc__sbrk_1_000.smt2,chc-comp-2026/llreve-bench/smt2/quant/clausified-no-arrays/libc__sbrk_1_000_001.yml,752b22baf1cc059cbfd6818c8b1593a6a6e9a5076e3fbb0770b649cce8fc44aa,sat_validated
chc-comp-2026/hcai-bench/svcomp/O0/O0_verisec_NetBSD-libc__loop_false-unreach-call_true-termination_000.smt2,18ddf5f7cfef15ab21c0d3c2df9fd01eba6a91f4406010970bc912b31e51d4dd,chc-comp-2026,LIA-Arrays,family-balanced 1500-input expansion,chc-comp26-benchmarks-main.zip,912aa7b44471c9e1ed49ba0c2c034dcafa4300a821edaf3bf016618fd0e99b25,https://github.com/chc-comp/chc-comp26-benchmarks,b4fa7a708e5863bbcdb5de50d692ead3a67cbedc,hcai-bench/svcomp/O0/O0_verisec_NetBSD-libc__loop_false-unreach-call_true-termination_000.smt2,chc-comp-2026/hcai-bench/svcomp/O0/O0_verisec_NetBSD-libc__loop_false-unreach-call_true-termination_000.yml,0c63eacb0bd103d864cd8e08b5332437ad778195900eda81d79c43e0bb876c1b,unsat
chc-comp-2026/llreve-bench/smt2/clausified/loop__loop2_000.smt2,ddebcfc477327c4ab1aa922ae6be085dc1508d70157da3ba278efd86691a6fe8,chc-comp-2026,LIA-Lin,family-balanced 1500-input expansion,chc-comp26-benchmarks-main.zip,912aa7b44471c9e1ed49ba0c2c034dcafa4300a821edaf3bf016618fd0e99b25,https://github.com/chc-comp/chc-comp26-benchmarks,b4fa7a708e5863bbcdb5de50d692ead3a67cbedc,llreve-bench/smt2/clausified/loop__loop2_000.smt2,chc-comp-2026/llreve-bench/smt2/clausified/loop__loop2_000_001.yml,2166641624453e778a17b276ce71f2a0b872692419217995d12fe16549db0695,sat_validated
chc-comp-2026/hcai-bench/svcomp/O0/O0_string_true-unreach-call_true-termination_000.smt2,4c0603ca47b6c13397655b62b5a2c14b46182791f5a8d81570150462a5d5c0df,chc-comp-2026,LIA-Lin-Arrays,family-balanced 1500-input expansion,chc-comp26-benchmarks-main.zip,912aa7b44471c9e1ed49ba0c2c034dcafa4300a821edaf3bf016618fd0e99b25,https://github.com/chc-comp/chc-comp26-benchmarks,b4fa7a708e5863bbcdb5de50d692ead3a67cbedc,hcai-bench/svcomp/O0/O0_string_true-unreach-call_true-termination_000.smt2,chc-comp-2026/hcai-bench/svcomp/O0/O0_string_true-unreach-call_true-termination_000.yml,ba7b548ef19bd76e7c3dbeeaf017cc1f0a06c60137ec1cad5020aa854440992c,sat_validated
chc-comp-2026/sally-chc-benchmarks/oral_messages/om1_with_relays_validity_faulty_process_000.smt2,fca8ae2527d7b5dceca5bf0e0c67eff823f701d690953fb1e05a63f504fb3f0b,chc-comp-2026,LRA-Lin,family-balanced 1500-input expansion,chc-comp26-benchmarks-main.zip,912aa7b44471c9e1ed49ba0c2c034dcafa4300a821edaf3bf016618fd0e99b25,https://github.com/chc-comp/chc-comp26-benchmarks,b4fa7a708e5863bbcdb5de50d692ead3a67cbedc,sally-chc-benchmarks/oral_messages/om1_with_relays_validity_faulty_process_000.smt2,chc-comp-2026/sally-chc-benchmarks/oral_messages/om1_with_relays_validity_faulty_process_000.yml,f1574f900da52071a33fc73941ccac33eb4a996aeb226c3ddb07ccfe78ae20a5,sat_validated
chc-comp-2026/kind2-chc-benchmarks/data/cruise_controller_24_000.smt2,724194cb3cad3f90f4af1bde00f27e7c7eb1d6693afebbb3ad8562e41be72e62,chc-comp-2026,mixed_LIA_LRA,family-balanced 1500-input expansion,chc-comp26-benchmarks-main.zip,912aa7b44471c9e1ed49ba0c2c034dcafa4300a821edaf3bf016618fd0e99b25,https://github.com/chc-comp/chc-comp26-benchmarks,b4fa7a708e5863bbcdb5de50d692ead3a67cbedc,kind2-chc-benchmarks/data/cruise_controller_24_000.smt2,chc-comp-2026/kind2-chc-benchmarks/data/cruise_controller_24_000.yml,6abdde85c5d722b84d0a638f65a7f6b0759425d02f4e68bc057ec38b857073ec,
chc-comp-2026/ADTRem/leon/bsearch-tree-goal6_000.smt2,58dd1ffc163fee839c0dfd7e35368481312f881d797d845871cf2a2b112d0cf4,chc-comp-2026,ADT-LIA,family-balanced 1500-input expansion,chc-comp26-benchmarks-main.zip,912aa7b44471c9e1ed49ba0c2c034dcafa4300a821edaf3bf016618fd0e99b25,https://github.com/chc-comp/chc-comp26-benchmarks,b4fa7a708e5863bbcdb5de50d692ead3a67cbedc,ADTRem/leon/bsearch-tree-goal6_000.smt2,chc-comp-2026/ADTRem/leon/bsearch-tree-goal6_000.yml,404f7931ba92cc0fa4839bdfa5228d1b7aea9390fdb23b4fa7897a3ea1cec42a,
chc-comp-2026/tricera-adt-arr/adt-arr/rec_malloc_ex3.i-valid-deref_000.smt2,012fe2597942e24da953d0efe092f77e8e0d3e0d28d3a40e9eabdfd0e6117d53,chc-comp-2026,ADT-LIA-Arrays,family-balanced 1500-input expansion,chc-comp26-benchmarks-main.zip,912aa7b44471c9e1ed49ba0c2c034dcafa4300a821edaf3bf016618fd0e99b25,https://github.com/chc-comp/chc-comp26-benchmarks,b4fa7a708e5863bbcdb5de50d692ead3a67cbedc,tricera-adt-arr/adt-arr/rec_malloc_ex3.i-valid-deref_000.smt2,chc-comp-2026/tricera-adt-arr/adt-arr/rec_malloc_ex3.i-valid-deref_000.yml,4aa03bdebaaf4b731851c703a0cf3237afd44eca489d1eba520573047f4dd77a,sat_validated
chc-comp-2026/vmt-chc-benchmarks/lustre/production_cell_e7_207_e8_241_000.smt2,efab72f8fdeed85ab42f4e307fb652a9433ec8491724970a42c44dcea240f950,chc-comp-2026,BOOL,family-balanced 1500-input expansion,chc-comp26-benchmarks-main.zip,912aa7b44471c9e1ed49ba0c2c034dcafa4300a821edaf3bf016618fd0e99b25,https://github.com/chc-comp/chc-comp26-benchmarks,b4fa7a708e5863bbcdb5de50d692ead3a67cbedc,vmt-chc-benchmarks/lustre/production_cell_e7_207_e8_241_000.smt2,chc-comp-2026/vmt-chc-benchmarks/lustre/production_cell_e7_207_e8_241_000_001.yml,683f1053f5b33f95018570916d3d5b74d57beb3a9ea29de4e689b6ed3416f1f8,
chc-comp-2026/vmt-chc-benchmarks/bv/down.c_000.smt2,b31380d702232696dd060489b69f1ab0d07c02cc5575b331ccef9596771a5672,chc-comp-2026,BV-Lin,family-balanced 1500-input expansion,chc-comp26-benchmarks-main.zip,912aa7b44471c9e1ed49ba0c2c034dcafa4300a821edaf3bf016618fd0e99b25,https://github.com/chc-comp/chc-comp26-benchmarks,b4fa7a708e5863bbcdb5de50d692ead3a67cbedc,vmt-chc-benchmarks/bv/down.c_000.smt2,chc-comp-2026/vmt-chc-benchmarks/bv/down.c_000_000.yml,f9f0ca8c8f288a27581242d2f7778643e07f9148293d48b286e7c72de016b2ad,
chc-comp-2026/eldarica-misc/LIA/reve/001-horn_000.smt2,5e523f5b443915a86400de820f9089ed6401a475ce962b67ee0e8f834702fc8b,chc-comp-2026,LIA,family-balanced 1500-input expansion,chc-comp26-benchmarks-main.zip,912aa7b44471c9e1ed49ba0c2c034dcafa4300a821edaf3bf016618fd0e99b25,https://github.com/chc-comp/chc-comp26-benchmarks,b4fa7a708e5863bbcdb5de50d692ead3a67cbedc,eldarica-misc/LIA/reve/001-horn_000.smt2,chc-comp-2026/eldarica-misc/LIA/reve/001-horn_000.yml,e05be7bbeb13b6df243f71b5e0b11d9b21597000ed431f4cc1dd69293537ab3e,sat_validated
chc-comp-2026/hcai-bench/svcomp/O0/O0_insertion_sort_true-unreach-call_true-termination_000.smt2,4be6608e0bcd87872ade9fc5331d5472d5837d59ac8ab9c6eca247d381890c6a,chc-comp-2026,LIA-Arrays,family-balanced 1500-input expansion,chc-comp26-benchmarks-main.zip,912aa7b44471c9e1ed49ba0c2c034dcafa4300a821edaf3bf016618fd0e99b25,https://github.com/chc-comp/chc-comp26-benchmarks,b4fa7a708e5863bbcdb5de50d692ead3a67cbedc,hcai-bench/svcomp/O0/O0_insertion_sort_true-unreach-call_true-termination_000.smt2,chc-comp-2026/hcai-bench/svcomp/O0/O0_insertion_sort_true-unreach-call_true-termination_000.yml,ba15de2f055b003e23717b5ec48908872a2ea75737c920843a618e5e317b9802,
chc-comp-2026/aeval-unsafe/s_split_16_000.smt2,b6d6cc9a8b86b53b647d3911f8a25f741ac72c53897ee3e8ee126be9d712e348,chc-comp-2026,LIA-Lin,family-balanced 1500-input expansion,chc-comp26-benchmarks-main.zip,912aa7b44471c9e1ed49ba0c2c034dcafa4300a821edaf3bf016618fd0e99b25,https://github.com/chc-comp/chc-comp26-benchmarks,b4fa7a708e5863bbcdb5de50d692ead3a67cbedc,aeval-unsafe/s_split_16_000.smt2,chc-comp-2026/aeval-unsafe/s_split_16_000_001.yml,e61f9580a5516e9f301ee0b8944a98ffaf4de07eee2784071023c83eb10e1554,
chc-comp-2026/quic3/data/sanfoundry_10_true-unreach-call_ground_000.smt2,80b83cc5693990984dddcc0ac11c2b821a366e114e237785a5b2200fb5ca8081,chc-comp-2026,LIA-Lin-Arrays,family-balanced 1500-input expansion,chc-comp26-benchmarks-main.zip,912aa7b44471c9e1ed49ba0c2c034dcafa4300a821edaf3bf016618fd0e99b25,https://github.com/chc-comp/chc-comp26-benchmarks,b4fa7a708e5863bbcdb5de50d692ead3a67cbedc,quic3/data/sanfoundry_10_true-unreach-call_ground_000.smt2,chc-comp-2026/quic3/data/sanfoundry_10_true-unreach-call_ground_000.yml,b960cd1884244608a1f789bcc1c37ccfd5d59419ea03adaf8f05dfcd839a0825,
chc-comp-2026/sally-chc-benchmarks/hacms/eventclock4.invalid.02_000.smt2,cd7506de7261aa540752722a35c328656466c14b2860dde32ac0141c13ccf179,chc-comp-2026,LRA-Lin,family-balanced 1500-input expansion,chc-comp26-benchmarks-main.zip,912aa7b44471c9e1ed49ba0c2c034dcafa4300a821edaf3bf016618fd0e99b25,https://github.com/chc-comp/chc-comp26-benchmarks,b4fa7a708e5863bbcdb5de50d692ead3a67cbedc,sally-chc-benchmarks/hacms/eventclock4.invalid.02_000.smt2,chc-comp-2026/sally-chc-benchmarks/hacms/eventclock4.invalid.02_000.yml,6c0241cc5d79e3fd11317e904cc0498b66a28127fe08664a8fab04cd1546e8f3,
chc-comp-2026/kind2-chc-benchmarks/data/cruise_controller_04_000.smt2,bda19b133e5956a894613b17146b0964cd52d1cbe9ad3c3f00fb66978ae9e642,chc-comp-2026,mixed_LIA_LRA,family-balanced 1500-input expansion,chc-comp26-benchmarks-main.zip,912aa7b44471c9e1ed49ba0c2c034dcafa4300a821edaf3bf016618fd0e99b25,https://github.com/chc-comp/chc-comp26-benchmarks,b4fa7a708e5863bbcdb5de50d692ead3a67cbedc,kind2-chc-benchmarks/data/cruise_controller_04_000.smt2,chc-comp-2026/kind2-chc-benchmarks/data/cruise_controller_04_000.yml,f469a645b39ebfb2d54c745595d89a3826146f1acf73bab53a0580ab6f1f7664,
chc-comp-2026/tip-adt-lia/tip2015_sort_NStoogeSort2Sorts_000.smt2,bf6da93e051323278a97f31feb905c18a3bbc07c9992b81d3e1a54aef4429025,chc-comp-2026,ADT-LIA,family-balanced 1500-input expansion,chc-comp26-benchmarks-main.zip,912aa7b44471c9e1ed49ba0c2c034dcafa4300a821edaf3bf016618fd0e99b25,https://github.com/chc-comp/chc-comp26-benchmarks,b4fa7a708e5863bbcdb5de50d692ead3a67cbedc,tip-adt-lia/tip2015_sort_NStoogeSort2Sorts_000.smt2,chc-comp-2026/tip-adt-lia/tip2015_sort_NStoogeSort2Sorts_000.yml,2a9819636342ab73c2675583c73d1431c3a39da7e1bb4ff0f19a9f0d735d4a51,
chc-comp-2026/solidity/unit_tests/functions/internal_multiple_calls_with_assertion_1_fail.sol_1_000.smt2,5cda8d76b57c9968efe324d21d6a83920ea4bd003b631e8d3b938bb468b04f64,chc-comp-2026,ADT-LIA-Arrays,family-balanced 1500-input expansion,chc-comp26-benchmarks-main.zip,912aa7b44471c9e1ed49ba0c2c034dcafa4300a821edaf3bf016618fd0e99b25,https://github.com/chc-comp/chc-comp26-benchmarks,b4fa7a708e5863bbcdb5de50d692ead3a67cbedc,solidity/unit_tests/functions/internal_multiple_calls_with_assertion_1_fail.sol_1_000.smt2,chc-comp-2026/solidity/unit_tests/functions/internal_multiple_calls_with_assertion_1_fail.sol_1_000.yml,63b68b8947264401274d03457a5be7e0b862654c3df720c28702ec7308216882,unsat
chc-comp-2026/kind2-chc-benchmarks/data/production_cell_e8_6_000.smt2,0fe79dc1058c90a6468026706748144861983d4f6de40fbf0304cf08e15d8b7a,chc-comp-2026,BOOL,family-balanced 1500-input expansion,chc-comp26-benchmarks-main.zip,912aa7b44471c9e1ed49ba0c2c034dcafa4300a821edaf3bf016618fd0e99b25,https://github.com/chc-comp/chc-comp26-benchmarks,b4fa7a708e5863bbcdb5de50d692ead3a67cbedc,kind2-chc-benchmarks/data/production_cell_e8_6_000.smt2,chc-comp-2026/kind2-chc-benchmarks/data/production_cell_e8_6_000_000.yml,ba62b20a5fcfac18531e5bfe798aa886fba5f1ef6f4766e1c31f99a6c32f2f30,
chc-comp-2026/eldarica-misc/BV/reve/019-horn-bv_000.smt2,1c05f5f743523357db44134ef766357a70115ad2f476083a3e0cd9327b0afe7b,chc-comp-2026,BV-Lin,family-balanced 1500-input expansion,chc-comp26-benchmarks-main.zip,912aa7b44471c9e1ed49ba0c2c034dcafa4300a821edaf3bf016618fd0e99b25,https://github.com/chc-comp/chc-comp26-benchmarks,b4fa7a708e5863bbcdb5de50d692ead3a67cbedc,eldarica-misc/BV/reve/019-horn-bv_000.smt2,chc-comp-2026/eldarica-misc/BV/reve/019-horn-bv_000.yml,1e55f6c1ef03ef0023b6506595b1c46d816acc3d377f142a973f534dec163984,unsat
chc-comp-2026/synthesis/nay-horn/IF_search_2_000.smt2,34591af5aee37d1e1f043f72c92d1afdae6d9b9b25ab79729d29ffbeceab1f4a,chc-comp-2026,LIA,family-balanced 1500-input expansion,chc-comp26-benchmarks-main.zip,912aa7b44471c9e1ed49ba0c2c034dcafa4300a821edaf3bf016618fd0e99b25,https://github.com/chc-comp/chc-comp26-benchmarks,b4fa7a708e5863bbcdb5de50d692ead3a67cbedc,synthesis/nay-horn/IF_search_2_000.smt2,chc-comp-2026/synthesis/nay-horn/IF_search_2_000.yml,54f9e303114fe3b0e6e6aff76c7552e65bc285da017902a426c63bb43edd1a5c,sat_validated
chc-comp-2026/hcai-bench/svcomp/O0/O0_veris.c_NetBSD-libc__loop_true-unreach-call_true-termination_000.smt2,35c1f8ae1da975ba43190c61cf469db3cced2b7762b2689ccb19ef9c412a8121,chc-comp-2026,LIA-Arrays,family-balanced 1500-input expansion,chc-comp26-benchmarks-main.zip,912aa7b44471c9e1ed49ba0c2c034dcafa4300a821edaf3bf016618fd0e99b25,https://github.com/chc-comp/chc-comp26-benchmarks,b4fa7a708e5863bbcdb5de50d692ead3a67cbedc,hcai-bench/svcomp/O0/O0_veris.c_NetBSD-libc__loop_true-unreach-call_true-termination_000.smt2,chc-comp-2026/hcai-bench/svcomp/O0/O0_veris.c_NetBSD-libc__loop_true-unreach-call_true-termination_000.yml,b8bb879cfebd5827133ca7bb23f9e0d2ee0acd783c0050d88063c491caf94bb1,unsat
chc-comp-2026/rust-horn/simple-1-01_unsat_000.smt2,6704775e67aa2909d3d7f76f1eaf1dbbc119710cea2ce85898c020d1499e9209,chc-comp-2026,LIA-Lin,family-balanced 1500-input expansion,chc-comp26-benchmarks-main.zip,912aa7b44471c9e1ed49ba0c2c034dcafa4300a821edaf3bf016618fd0e99b25,https://github.com/chc-comp/chc-comp26-benchmarks,b4fa7a708e5863bbcdb5de50d692ead3a67cbedc,rust-horn/simple-1-01_unsat_000.smt2,chc-comp-2026/rust-horn/simple-1-01_unsat_000.yml,b4caf249e903364ddc5019e5df4231faf5c17c9adcf10985300fcbcbe86dff5e,sat_validated
chc-comp-2026/llreve-bench/smt2/arrays/heap__fib.array_000.smt2,1a21c88ef7054dbcc301db976f4fc25133cf612d3c9ece6e3132cc7c0a6edfe0,chc-comp-2026,LIA-Lin-Arrays,family-balanced 1500-input expansion,chc-comp26-benchmarks-main.zip,912aa7b44471c9e1ed49ba0c2c034dcafa4300a821edaf3bf016618fd0e99b25,https://github.com/chc-comp/chc-comp26-benchmarks,b4fa7a708e5863bbcdb5de50d692ead3a67cbedc,llreve-bench/smt2/arrays/heap__fib.array_000.smt2,chc-comp-2026/llreve-bench/smt2/arrays/heap__fib.array_000.yml,aa382e05226f8286b4f25471458bfe63c6888d058b55f69c78eb696082747832,sat_validated
chc-comp-2026/sally-chc-benchmarks/oral_messages/om1_with_relays_general_3_4_validity_000.smt2,cc8bac76fde0c547c85d71c89a82ca237d871a843e1b4a90c876c91af6be4a7d,chc-comp-2026,LRA-Lin,family-balanced 1500-input expansion,chc-comp26-benchmarks-main.zip,912aa7b44471c9e1ed49ba0c2c034dcafa4300a821edaf3bf016618fd0e99b25,https://github.com/chc-comp/chc-comp26-benchmarks,b4fa7a708e5863bbcdb5de50d692ead3a67cbedc,sally-chc-benchmarks/oral_messages/om1_with_relays_general_3_4_validity_000.smt2,chc-comp-2026/sally-chc-benchmarks/oral_messages/om1_with_relays_general_3_4_validity_000.yml,7ca7438a68cf69fdfbc18599a810472da3699db53600df63c569a520a95e4d66,sat_validated
chc-comp-2026/kind2-chc-benchmarks/data/cruise_controller_10_000.smt2,d17cfa34769db05d93380b94d0cfa181abe2c24d73333c40df4ebd49ccf8b3ea,chc-comp-2026,mixed_LIA_LRA,family-balanced 1500-input expansion,chc-comp26-benchmarks-main.zip,912aa7b44471c9e1ed49ba0c2c034dcafa4300a821edaf3bf016618fd0e99b25,https://github.com/chc-comp/chc-comp26-benchmarks,b4fa7a708e5863bbcdb5de50d692ead3a67cbedc,kind2-chc-benchmarks/data/cruise_controller_10_000.smt2,chc-comp-2026/kind2-chc-benchmarks/data/cruise_controller_10_000.yml,aab0d464422f94834dfe5cf84c3a4f8486c61e556bffb9f404b92c4f8ae40110,
chc-comp-2026/adt-purified-benchmarks/3-swap-dec-swap-dec-00-1.Z3.0_000.smt2,963f710860b80cc5cf86416f5caf3f6cab5402341e8567429bad45680fa52d6f,chc-comp-2026,ADT-LIA,family-balanced 1500-input expansion,chc-comp26-benchmarks-main.zip,912aa7b44471c9e1ed49ba0c2c034dcafa4300a821edaf3bf016618fd0e99b25,https://github.com/chc-comp/chc-comp26-benchmarks,b4fa7a708e5863bbcdb5de50d692ead3a67cbedc,adt-purified-benchmarks/3-swap-dec-swap-dec-00-1.Z3.0_000.smt2,chc-comp-2026/adt-purified-benchmarks/3-swap-dec-swap-dec-00-1.Z3.0_000.yml,d92ae83697d042474255af48be6d746cbe139f8e4118df9786641d0f5d38b907,unsat
chc-comp-2026/tricera-adt-arr/adt-arr/sll_circular_traversal-1.i-valid-deref_000.smt2,f69097978cde39a8d14f48ee9b7d70e86c7a7dd1f22ec1323f0a9a71282f0f69,chc-comp-2026,ADT-LIA-Arrays,family-balanced 1500-input expansion,chc-comp26-benchmarks-main.zip,912aa7b44471c9e1ed49ba0c2c034dcafa4300a821edaf3bf016618fd0e99b25,https://github.com/chc-comp/chc-comp26-benchmarks,b4fa7a708e5863bbcdb5de50d692ead3a67cbedc,tricera-adt-arr/adt-arr/sll_circular_traversal-1.i-valid-deref_000.smt2,chc-comp-2026/tricera-adt-arr/adt-arr/sll_circular_traversal-1.i-valid-deref_000.yml,71a1e068fd16e12904e2de4664a35070a90f73455eaee061b9eee4e6ca629cf5,sat
chc-comp-2026/vmt-chc-benchmarks/lustre/stalmark_e7_27_e7_31_000.smt2,e81344a55a9ba98a83c7422a3fd7bf556d84f3a60be2fd030a8d1e17611e4952,chc-comp-2026,BOOL,family-balanced 1500-input expansion,chc-comp26-benchmarks-main.zip,912aa7b44471c9e1ed49ba0c2c034dcafa4300a821edaf3bf016618fd0e99b25,https://github.com/chc-comp/chc-comp26-benchmarks,b4fa7a708e5863bbcdb5de50d692ead3a67cbedc,vmt-chc-benchmarks/lustre/stalmark_e7_27_e7_31_000.smt2,chc-comp-2026/vmt-chc-benchmarks/lustre/stalmark_e7_27_e7_31_000_001.yml,103823db0c31b516a5bbfc489df28a1d1539f3951a9cf86daabfa69567d9bf28,
chc-comp-2026/vmt-chc-benchmarks/bv/seq-proc.c_000.smt2,dcb70664144cab049665953b676f4a635e213c81b0b216b7ac946edde38035da,chc-comp-2026,BV-Lin,family-balanced 1500-input expansion,chc-comp26-benchmarks-main.zip,912aa7b44471c9e1ed49ba0c2c034dcafa4300a821edaf3bf016618fd0e99b25,https://github.com/chc-comp/chc-comp26-benchmarks,b4fa7a708e5863bbcdb5de50d692ead3a67cbedc,vmt-chc-benchmarks/bv/seq-proc.c_000.smt2,chc-comp-2026/vmt-chc-benchmarks/bv/seq-proc.c_000_000.yml,a8ddf8a94ad85edea31d86246345aab567fc6afde3bc36c047a21258091462a7,sat_validated
chc-comp-2026/kind2-chc-benchmarks/data/MESI_i4_e8_1381_e4_313_000.smt2,841c2f3ba152e629c61c70ca0a3497ca5df3d65de19dfd9d1dae198742230131,chc-comp-2026,LIA,family-balanced 1500-input expansion,chc-comp26-benchmarks-main.zip,912aa7b44471c9e1ed49ba0c2c034dcafa4300a821edaf3bf016618fd0e99b25,https://github.com/chc-comp/chc-comp26-benchmarks,b4fa7a708e5863bbcdb5de50d692ead3a67cbedc,kind2-chc-benchmarks/data/MESI_i4_e8_1381_e4_313_000.smt2,chc-comp-2026/kind2-chc-benchmarks/data/MESI_i4_e8_1381_e4_313_000.yml,f49f8c510345e67a16100590a0509234173442ce4fe36bab7105a68ee1859bfe,unsat
chc-comp-2026/hcai-bench/svcomp/O0/O0_linear_sea.ch_true-unreach-call_000.smt2,7574fa8b44df5754dc3c1826ad0f2e880406e51653355e6330ccc197c2c1a7f3,chc-comp-2026,LIA-Arrays,family-balanced 1500-input expansion,chc-comp26-benchmarks-main.zip,912aa7b44471c9e1ed49ba0c2c034dcafa4300a821edaf3bf016618fd0e99b25,https://github.com/chc-comp/chc-comp26-benchmarks,b4fa7a708e5863bbcdb5de50d692ead3a67cbedc,hcai-bench/svcomp/O0/O0_linear_sea.ch_true-unreach-call_000.smt2,chc-comp-2026/hcai-bench/svcomp/O0/O0_linear_sea.ch_true-unreach-call_000.yml,cc4da3a27a40dfe83ec9374344809d4510952dd1d363c54c06fed61c55d5c230,unsat
chc-comp-2026/hcai-bench/svcomp/O3/O3_sum01_true-unreach-call_true-termination_000.smt2,07f3fcd0f9559412e4cb06d85dbd4f4b5a021177a9f18d917895505fd949d4ab,chc-comp-2026,LIA-Lin,family-balanced 1500-input expansion,chc-comp26-benchmarks-main.zip,912aa7b44471c9e1ed49ba0c2c034dcafa4300a821edaf3bf016618fd0e99b25,https://github.com/chc-comp/chc-comp26-benchmarks,b4fa7a708e5863bbcdb5de50d692ead3a67cbedc,hcai-bench/svcomp/O3/O3_sum01_true-unreach-call_true-termination_000.smt2,chc-comp-2026/hcai-bench/svcomp/O3/O3_sum01_true-unreach-call_true-termination_000.yml,1c2780124e50ac60578928cf32be846fcd952628b1f863c9b474b4d7818c81c0,sat_validated
chc-comp-2026/hcai-bench/svcomp/O0/O0_array_true-unreach-call_true-termination_000.smt2,5a7e00a787e4ba52ee3caded6c8f8210180fadfe3c51157506d485dcbab6e724,chc-comp-2026,LIA-Lin-Arrays,family-balanced 1500-input expansion,chc-comp26-benchmarks-main.zip,912aa7b44471c9e1ed49ba0c2c034dcafa4300a821edaf3bf016618fd0e99b25,https://github.com/chc-comp/chc-comp26-benchmarks,b4fa7a708e5863bbcdb5de50d692ead3a67cbedc,hcai-bench/svcomp/O0/O0_array_true-unreach-call_true-termination_000.smt2,chc-comp-2026/hcai-bench/svcomp/O0/O0_array_true-unreach-call_true-termination_000.yml,2e7488002dc96a5b8b3fc22ddb7546b35486b178cd77ca423a003515375d8ea6,sat_validated
chc-comp-2026/sally-chc-benchmarks/oral_messages/om1_with_relays_validity_faulty_relay_000.smt2,8337fe15831df02765269bbe33ab818ecdc5489b220d715700d0a1cd17347daf,chc-comp-2026,LRA-Lin,family-balanced 1500-input expansion,chc-comp26-benchmarks-main.zip,912aa7b44471c9e1ed49ba0c2c034dcafa4300a821edaf3bf016618fd0e99b25,https://github.com/chc-comp/chc-comp26-benchmarks,b4fa7a708e5863bbcdb5de50d692ead3a67cbedc,sally-chc-benchmarks/oral_messages/om1_with_relays_validity_faulty_relay_000.smt2,chc-comp-2026/sally-chc-benchmarks/oral_messages/om1_with_relays_validity_faulty_relay_000.yml,5fe0ad50ca59da7856e6ea202b8a0a8b4fa6c270e1dae801d71452824653d179,sat_validated
chc-comp-2026/kind2-chc-benchmarks/data/cruise_controller_02_000.smt2,b71116261ee675fc5c7ee33d8e69670de0ec6b43e6448e2194865df63e027863,chc-comp-2026,mixed_LIA_LRA,family-balanced 1500-input expansion,chc-comp26-benchmarks-main.zip,912aa7b44471c9e1ed49ba0c2c034dcafa4300a821edaf3bf016618fd0e99b25,https://github.com/chc-comp/chc-comp26-benchmarks,b4fa7a708e5863bbcdb5de50d692ead3a67cbedc,kind2-chc-benchmarks/data/cruise_controller_02_000.smt2,chc-comp-2026/kind2-chc-benchmarks/data/cruise_controller_02_000.yml,8639b92637bf2fa23c8e3c7a5cde4806f8e3f44c751e11d5fdc09ea22fe61714,
chc-comp-2026/ringen-adt-benchmarks/false/cfg5_unambig_000.smt2,f03e721b537293d329e24ce18f6fd2e3391f2ac17a05f128068b1313264e27c3,chc-comp-2026,ADT-LIA,family-balanced 1500-input expansion,chc-comp26-benchmarks-main.zip,912aa7b44471c9e1ed49ba0c2c034dcafa4300a821edaf3bf016618fd0e99b25,https://github.com/chc-comp/chc-comp26-benchmarks,b4fa7a708e5863bbcdb5de50d692ead3a67cbedc,ringen-adt-benchmarks/false/cfg5_unambig_000.smt2,chc-comp-2026/ringen-adt-benchmarks/false/cfg5_unambig_000.yml,eeb177f9e07a5721d5cde660bfc4da5345101436c579024adc32876c66e26445,
chc-comp-2026/solidity/unit_tests/loops/for_loop_4.sol_0_000.smt2,f1127ce7ac73a3f60f7bbe1edb1ad952870a7d16e7ccf05d9134f7b319192b89,chc-comp-2026,ADT-LIA-Arrays,family-balanced 1500-input expansion,chc-comp26-benchmarks-main.zip,912aa7b44471c9e1ed49ba0c2c034dcafa4300a821edaf3bf016618fd0e99b25,https://github.com/chc-comp/chc-comp26-benchmarks,b4fa7a708e5863bbcdb5de50d692ead3a67cbedc,solidity/unit_tests/loops/for_loop_4.sol_0_000.smt2,chc-comp-2026/solidity/unit_tests/loops/for_loop_4.sol_0_000.yml,a838f21cfc28dcf7a1990a87d9bdd60dee97fd41223161efabd4f280d766c871,unsat
chc-comp-2026/kind2-chc-benchmarks/data/switch2_000.smt2,a224643f41ccc59b9f3d040995f80dea6949c950ede346a74a20e09859ebf32f,chc-comp-2026,BOOL,family-balanced 1500-input expansion,chc-comp26-benchmarks-main.zip,912aa7b44471c9e1ed49ba0c2c034dcafa4300a821edaf3bf016618fd0e99b25,https://github.com/chc-comp/chc-comp26-benchmarks,b4fa7a708e5863bbcdb5de50d692ead3a67cbedc,kind2-chc-benchmarks/data/switch2_000.smt2,chc-comp-2026/kind2-chc-benchmarks/data/switch2_000.yml,c97a61010dfbd39f984b9ca6106c32b22a023b24a1483b7cfa67777292c36db8,
chc-comp-2026/eldarica-misc/BV/reve/014b-horn-bv_000.smt2,75fd697f25b17bb47d8bc896c8a5c632ffed5e9b0a759dff3c49434be69ea56e,chc-comp-2026,BV-Lin,family-balanced 1500-input expansion,chc-comp26-benchmarks-main.zip,912aa7b44471c9e1ed49ba0c2c034dcafa4300a821edaf3bf016618fd0e99b25,https://github.com/chc-comp/chc-comp26-benchmarks,b4fa7a708e5863bbcdb5de50d692ead3a67cbedc,eldarica-misc/BV/reve/014b-horn-bv_000.smt2,chc-comp-2026/eldarica-misc/BV/reve/014b-horn-bv_000.yml,7672f8be3e36cf0f0aa12d7d8b3863b0d050e93abb1edce3fbbdb0f71dff4845,sat_validated
chc-comp-2026/hopv/lia/mochi/hrec_000.smt2,a8f76eebcb1b6fb765b1166cd7fb305c546e369299bcf1683cdbf17d91a107fa,chc-comp-2026,LIA,family-balanced 1500-input expansion,chc-comp26-benchmarks-main.zip,912aa7b44471c9e1ed49ba0c2c034dcafa4300a821edaf3bf016618fd0e99b25,https://github.com/chc-comp/chc-comp26-benchmarks,b4fa7a708e5863bbcdb5de50d692ead3a67cbedc,hopv/lia/mochi/hrec_000.smt2,chc-comp-2026/hopv/lia/mochi/hrec_000.yml,ca33be68b881d31fffda7f1d672fb3347b799027b0af2aeea4c3f293d2d8d346,sat_validated
chc-comp-2026/hcai-bench/svcomp/O0/O0_sum_array_true-unreach-call_000.smt2,b505fa588c6a03d5f822583d58e36049e3a8a8843c8f4d2c7e609039197f4f79,chc-comp-2026,LIA-Arrays,family-balanced 1500-input expansion,chc-comp26-benchmarks-main.zip,912aa7b44471c9e1ed49ba0c2c034dcafa4300a821edaf3bf016618fd0e99b25,https://github.com/chc-comp/chc-comp26-benchmarks,b4fa7a708e5863bbcdb5de50d692ead3a67cbedc,hcai-bench/svcomp/O0/O0_sum_array_true-unreach-call_000.smt2,chc-comp-2026/hcai-bench/svcomp/O0/O0_sum_array_true-unreach-call_000.yml,5a07f96ed17d442b262dcb19db03143738c6b8ab1f274ca9c4f248a7a284f2a6,
chc-comp-2026/vmt-chc-benchmarks/lustre/MESI_i1_e3_2145_e3_977_000.smt2,05502807f8e8b88237a082f8fafe9f34d71da494ae59cca632126bea7fccc933,chc-comp-2026,LIA-Lin,family-balanced 1500-input expansion,chc-comp26-benchmarks-main.zip,912aa7b44471c9e1ed49ba0c2c034dcafa4300a821edaf3bf016618fd0e99b25,https://github.com/chc-comp/chc-comp26-benchmarks,b4fa7a708e5863bbcdb5de50d692ead3a67cbedc,vmt-chc-benchmarks/lustre/MESI_i1_e3_2145_e3_977_000.smt2,chc-comp-2026/vmt-chc-benchmarks/lustre/MESI_i1_e3_2145_e3_977_000_001.yml,e238c0f9b1c72bc218fc9f5958d128ca6f4304b1e1484b286ae954f32b252512,unsat
chc-comp-2026/quic3/data/standard_vector_difference_true-unreach-call_ground_000.smt2,a9e9863093cc6291dd7b1ecc6b7980a0693a39fd5e423af2b4fb304d7ee93c6f,chc-comp-2026,LIA-Lin-Arrays,family-balanced 1500-input expansion,chc-comp26-benchmarks-main.zip,912aa7b44471c9e1ed49ba0c2c034dcafa4300a821edaf3bf016618fd0e99b25,https://github.com/chc-comp/chc-comp26-benchmarks,b4fa7a708e5863bbcdb5de50d692ead3a67cbedc,quic3/data/standard_vector_difference_true-unreach-call_ground_000.smt2,chc-comp-2026/quic3/data/standard_vector_difference_true-unreach-call_ground_000.yml,3862f02163f852be002888ae92a3c8ca3129beb993d4459c386a944808d1a462,
chc-comp-2026/sally-chc-benchmarks/oral_messages/om1_with_relays_validity_two_faulty_relays_000.smt2,d8e9cb2c05e6a60cd738fd364069d0dcd98e66606fe91eb2e4b27f0e8e4b388b,chc-comp-2026,LRA-Lin,family-balanced 1500-input expansion,chc-comp26-benchmarks-main.zip,912aa7b44471c9e1ed49ba0c2c034dcafa4300a821edaf3bf016618fd0e99b25,https://github.com/chc-comp/chc-comp26-benchmarks,b4fa7a708e5863bbcdb5de50d692ead3a67cbedc,sally-chc-benchmarks/oral_messages/om1_with_relays_validity_two_faulty_relays_000.smt2,chc-comp-2026/sally-chc-benchmarks/oral_messages/om1_with_relays_validity_two_faulty_relays_000.yml,80b8d30b96e5657d34255bf5abf2fd4ee6b8d878c0d5fdf725c4c80b0e07980a,unsat
chc-comp-2026/kind2-chc-benchmarks/data/cruise_controller_20_000.smt2,11d36df3c99d565492cdc51fece038b1ef94e39777c86f74f8ae8fa6be6f2ee0,chc-comp-2026,mixed_LIA_LRA,family-balanced 1500-input expansion,chc-comp26-benchmarks-main.zip,912aa7b44471c9e1ed49ba0c2c034dcafa4300a821edaf3bf016618fd0e99b25,https://github.com/chc-comp/chc-comp26-benchmarks,b4fa7a708e5863bbcdb5de50d692ead3a67cbedc,kind2-chc-benchmarks/data/cruise_controller_20_000.smt2,chc-comp-2026/kind2-chc-benchmarks/data/cruise_controller_20_000.yml,23586b31646073cf26bd6b0432fdc9a770466d2bbebcc36960a5f6f70754513e,
chc-comp-2026/rust-horn/lists-2-inc-all-unsafe_000.smt2,7f9d5cdf84385e43226a1c14319b3ef50eb8cae3203c01c48b130fa9a942a151,chc-comp-2026,ADT-LIA,family-balanced 1500-input expansion,chc-comp26-benchmarks-main.zip,912aa7b44471c9e1ed49ba0c2c034dcafa4300a821edaf3bf016618fd0e99b25,https://github.com/chc-comp/chc-comp26-benchmarks,b4fa7a708e5863bbcdb5de50d692ead3a67cbedc,rust-horn/lists-2-inc-all-unsafe_000.smt2,chc-comp-2026/rust-horn/lists-2-inc-all-unsafe_000.yml,5e0385c04ff3f4621552e08ab01cef1c08859e1bd0184b8c77269b6a31b04603,unsat
chc-comp-2026/tricera-adt-arr/adt-arr/sll_shallow_copy-2.i-valid-deref-pp_000.smt2,59dcd076fb6f848583367fa3238fcdc69893ea62ea1dd75455f39b3d890ae026,chc-comp-2026,ADT-LIA-Arrays,family-balanced 1500-input expansion,chc-comp26-benchmarks-main.zip,912aa7b44471c9e1ed49ba0c2c034dcafa4300a821edaf3bf016618fd0e99b25,https://github.com/chc-comp/chc-comp26-benchmarks,b4fa7a708e5863bbcdb5de50d692ead3a67cbedc,tricera-adt-arr/adt-arr/sll_shallow_copy-2.i-valid-deref-pp_000.smt2,chc-comp-2026/tricera-adt-arr/adt-arr/sll_shallow_copy-2.i-valid-deref-pp_000.yml,2f73ea139ff7d768db97294b029033d59facb490eef1d565ee7eacc5d2e708c7,sat_validated
chc-comp-2026/vmt-chc-benchmarks/lustre/_6counter2_000.smt2,988d354e7d099e8cf038722f0c39c28db7826fe243d0d109c558d9b815a079f8,chc-comp-2026,BOOL,family-balanced 1500-input expansion,chc-comp26-benchmarks-main.zip,912aa7b44471c9e1ed49ba0c2c034dcafa4300a821edaf3bf016618fd0e99b25,https://github.com/chc-comp/chc-comp26-benchmarks,b4fa7a708e5863bbcdb5de50d692ead3a67cbedc,vmt-chc-benchmarks/lustre/_6counter2_000.smt2,chc-comp-2026/vmt-chc-benchmarks/lustre/_6counter2_000_001.yml,34cfeb01c59a7b1ca03d32848ce323596f9924420fc0d926f324c13511f2f6c4,
chc-comp-2026/vmt-chc-benchmarks/bv/seq.c_000.smt2,888c8a74c0c446cef9b69a2ac1775d9306913fe3678c82cda2061d21dd9049b6,chc-comp-2026,BV-Lin,family-balanced 1500-input expansion,chc-comp26-benchmarks-main.zip,912aa7b44471c9e1ed49ba0c2c034dcafa4300a821edaf3bf016618fd0e99b25,https://github.com/chc-comp/chc-comp26-benchmarks,b4fa7a708e5863bbcdb5de50d692ead3a67cbedc,vmt-chc-benchmarks/bv/seq.c_000.smt2,chc-comp-2026/vmt-chc-benchmarks/bv/seq.c_000_000.yml,07a3ed25f14322f2fb232b543bc2366514dd7698e0ed32b435161f552539cd0d,sat_validated
chc-comp-2026/hcai-bench/svcomp/O0/O0_fibo_20_true-unreach-call_000.smt2,16bfed4beb96d53b694d86f85142c52cecdd650c414118c79793c647dc651174,chc-comp-2026,LIA,family-balanced 1500-input expansion,chc-comp26-benchmarks-main.zip,912aa7b44471c9e1ed49ba0c2c034dcafa4300a821edaf3bf016618fd0e99b25,https://github.com/chc-comp/chc-comp26-benchmarks,b4fa7a708e5863bbcdb5de50d692ead3a67cbedc,hcai-bench/svcomp/O0/O0_fibo_20_true-unreach-call_000.smt2,chc-comp-2026/hcai-bench/svcomp/O0/O0_fibo_20_true-unreach-call_000.yml,36b647801be8d13523a7e76189b16a2690950aab8d2c1b2f406b37a7da18f05d,sat_validated
chc-comp-2026/hcai-bench/svcomp/O0/O0_invert_string_true-unreach-call_true-termination_000.smt2,55a4b52e1ab71f7cb407563f2c00fd2d914eec4a21f38ef07abc4e73f85ecc76,chc-comp-2026,LIA-Arrays,family-balanced 1500-input expansion,chc-comp26-benchmarks-main.zip,912aa7b44471c9e1ed49ba0c2c034dcafa4300a821edaf3bf016618fd0e99b25,https://github.com/chc-comp/chc-comp26-benchmarks,b4fa7a708e5863bbcdb5de50d692ead3a67cbedc,hcai-bench/svcomp/O0/O0_invert_string_true-unreach-call_true-termination_000.smt2,chc-comp-2026/hcai-bench/svcomp/O0/O0_invert_string_true-unreach-call_true-termination_000.yml,a0bf944bc5661088c32827e34de18227244d96a5686240480c950eacc698a60c,sat_validated
chc-comp-2026/eldarica-misc/LIA/HOLA/10.c_000.smt2,cd65c0a6a19f7f5f0b79d6f897dd3dc9b8c94f9d14b7271d18d405c397067d0f,chc-comp-2026,LIA-Lin,family-balanced 1500-input expansion,chc-comp26-benchmarks-main.zip,912aa7b44471c9e1ed49ba0c2c034dcafa4300a821edaf3bf016618fd0e99b25,https://github.com/chc-comp/chc-comp26-benchmarks,b4fa7a708e5863bbcdb5de50d692ead3a67cbedc,eldarica-misc/LIA/HOLA/10.c_000.smt2,chc-comp-2026/eldarica-misc/LIA/HOLA/10.c_000.yml,332a2f123285bc8c9e974796c4a4feb9eed725ebfbbe9941249eaf90d93390fc,sat_validated
chc-comp-2026/llreve-bench/muz/libc__memmem_1_000.smt2,54315924cf163a7374f9a0e5c3c2aff20d99627a864f6b5ff8ba7745c6dab87b,chc-comp-2026,LIA-Lin-Arrays,family-balanced 1500-input expansion,chc-comp26-benchmarks-main.zip,912aa7b44471c9e1ed49ba0c2c034dcafa4300a821edaf3bf016618fd0e99b25,https://github.com/chc-comp/chc-comp26-benchmarks,b4fa7a708e5863bbcdb5de50d692ead3a67cbedc,llreve-bench/muz/libc__memmem_1_000.smt2,chc-comp-2026/llreve-bench/muz/libc__memmem_1_000_000.yml,3c864c0c620d9bc90636c37038519fee376a57b2a23b3aaecf2b51c2121ce335,unsat
chc-comp-2026/sally-chc-benchmarks/oral_messages/om1_with_relays_general_3_5_validity_000.smt2,09b89f5efb316a9c5a669c8ed53761481253a0e1838dd66f46bca39aa6c50658,chc-comp-2026,LRA-Lin,family-balanced 1500-input expansion,chc-comp26-benchmarks-main.zip,912aa7b44471c9e1ed49ba0c2c034dcafa4300a821edaf3bf016618fd0e99b25,https://github.com/chc-comp/chc-comp26-benchmarks,b4fa7a708e5863bbcdb5de50d692ead3a67cbedc,sally-chc-benchmarks/oral_messages/om1_with_relays_general_3_5_validity_000.smt2,chc-comp-2026/sally-chc-benchmarks/oral_messages/om1_with_relays_general_3_5_validity_000.yml,c1645bbf8fef84d3c45e7683a4eab26523886f981491dc2f439cee6691dd0ac6,sat_validated
chc-comp-2026/kind2-chc-benchmarks/data/cruise_controller_07_000.smt2,d88c2bfd4d01a4adcae3d527efd83d57ee3de41f7a5f190b0ca9e963982cfe2f,chc-comp-2026,mixed_LIA_LRA,family-balanced 1500-input expansion,chc-comp26-benchmarks-main.zip,912aa7b44471c9e1ed49ba0c2c034dcafa4300a821edaf3bf016618fd0e99b25,https://github.com/chc-comp/chc-comp26-benchmarks,b4fa7a708e5863bbcdb5de50d692ead3a67cbedc,kind2-chc-benchmarks/data/cruise_controller_07_000.smt2,chc-comp-2026/kind2-chc-benchmarks/data/cruise_controller_07_000.yml,106d24949b265245ea23336c391ccf60766bd0b2d1bfa551f873358e4eb24073,
chc-comp-2026/ADTRem/leon/bsearch-tree-goal18_000.smt2,60d02afe233d2f7d57cd9d9be137e47ae8b4eda9d7232b847bf7ae4730be9d33,chc-comp-2026,ADT-LIA,family-balanced 1500-input expansion,chc-comp26-benchmarks-main.zip,912aa7b44471c9e1ed49ba0c2c034dcafa4300a821edaf3bf016618fd0e99b25,https://github.com/chc-comp/chc-comp26-benchmarks,b4fa7a708e5863bbcdb5de50d692ead3a67cbedc,ADTRem/leon/bsearch-tree-goal18_000.smt2,chc-comp-2026/ADTRem/leon/bsearch-tree-goal18_000.yml,6b5651a6aa87dbf8ea9cc4547a96325429ab8887b8a4216c3e47d1b7ca2632ae,unsat
chc-comp-2026/solidity/unit_tests/types/bool_simple_1.sol_0_000.smt2,9d4ae86400548102a3845d1e6d8a1854518fcded44c74aa6ca4961b96638b47a,chc-comp-2026,ADT-LIA-Arrays,family-balanced 1500-input expansion,chc-comp26-benchmarks-main.zip,912aa7b44471c9e1ed49ba0c2c034dcafa4300a821edaf3bf016618fd0e99b25,https://github.com/chc-comp/chc-comp26-benchmarks,b4fa7a708e5863bbcdb5de50d692ead3a67cbedc,solidity/unit_tests/types/bool_simple_1.sol_0_000.smt2,chc-comp-2026/solidity/unit_tests/types/bool_simple_1.sol_0_000.yml,bfd96ec4cf027ba2974baeee27d62620303d420b26f0803afba5519dbe24855a,unsat
chc-comp-2026/kind2-chc-benchmarks/data/production_cell_e8_6_e8_427_000.smt2,9f7bdd5d089fe3429eed4e65772171de291a0257b243afe11945857f957754ca,chc-comp-2026,BOOL,family-balanced 1500-input expansion,chc-comp26-benchmarks-main.zip,912aa7b44471c9e1ed49ba0c2c034dcafa4300a821edaf3bf016618fd0e99b25,https://github.com/chc-comp/chc-comp26-benchmarks,b4fa7a708e5863bbcdb5de50d692ead3a67cbedc,kind2-chc-benchmarks/data/production_cell_e8_6_e8_427_000.smt2,chc-comp-2026/kind2-chc-benchmarks/data/production_cell_e8_6_e8_427_000_000.yml,2a50ccce73fd1266058b4b18ccca83110e3129724b7a2222f3cf9caa331a807c,
chc-comp-2026/eldarica-misc/BV/reve/003c-horn-bv_000.smt2,54f8cde148fc19d9c46090853cfa1396edef2c29bc1f471d9089a4b6875e757e,chc-comp-2026,BV-Lin,family-balanced 1500-input expansion,chc-comp26-benchmarks-main.zip,912aa7b44471c9e1ed49ba0c2c034dcafa4300a821edaf3bf016618fd0e99b25,https://github.com/chc-comp/chc-comp26-benchmarks,b4fa7a708e5863bbcdb5de50d692ead3a67cbedc,eldarica-misc/BV/reve/003c-horn-bv_000.smt2,chc-comp-2026/eldarica-misc/BV/reve/003c-horn-bv_000.yml,2b74ff4e4e3e77de89579f6dee42ec2e42ce67f28810e0f666c21bda4387a08d,unsat
chc-comp-2026/ultimate/LIA-NonLin/07_rand_simplified_000.smt2,b1f0eea6fc232be400117af452831ae6a7f3bb5fe32d5d0e7f70538cfd18b568,chc-comp-2026,LIA,family-balanced 1500-input expansion,chc-comp26-benchmarks-main.zip,912aa7b44471c9e1ed49ba0c2c034dcafa4300a821edaf3bf016618fd0e99b25,https://github.com/chc-comp/chc-comp26-benchmarks,b4fa7a708e5863bbcdb5de50d692ead3a67cbedc,ultimate/LIA-NonLin/07_rand_simplified_000.smt2,chc-comp-2026/ultimate/LIA-NonLin/07_rand_simplified_000.yml,4ec1c5e1792990dd3d13da4e11e28f1330b33f9d4a2805bd80953c2769fda684,sat_validated
chc-comp-2026/hcai-bench/svcomp/O0/O0_BallRajamani-SPIN2000-Fig1_false-unreach-call_true-no-overflow_true-termination_000.smt2,7141bdfa507b18fd7ec13dab563ffaa5174a8856aebbcb462d546ec635876a3e,chc-comp-2026,LIA-Arrays,family-balanced 1500-input expansion,chc-comp26-benchmarks-main.zip,912aa7b44471c9e1ed49ba0c2c034dcafa4300a821edaf3bf016618fd0e99b25,https://github.com/chc-comp/chc-comp26-benchmarks,b4fa7a708e5863bbcdb5de50d692ead3a67cbedc,hcai-bench/svcomp/O0/O0_BallRajamani-SPIN2000-Fig1_false-unreach-call_true-no-overflow_true-termination_000.smt2,chc-comp-2026/hcai-bench/svcomp/O0/O0_BallRajamani-SPIN2000-Fig1_false-unreach-call_true-no-overflow_true-termination_000.yml,582697afeb2ece2fa133c053b24c30721af0e3e7a10bc4e2577f0ca576f547c6,unsat
chc-comp-2026/aeval-benchmarks/multi-phase/s_split_26_000.smt2,aa2d3086cbecb221d2b3281c1f695c1bda3896540b0f64a92116ff322887fda1,chc-comp-2026,LIA-Lin,family-balanced 1500-input expansion,chc-comp26-benchmarks-main.zip,912aa7b44471c9e1ed49ba0c2c034dcafa4300a821edaf3bf016618fd0e99b25,https://github.com/chc-comp/chc-comp26-benchmarks,b4fa7a708e5863bbcdb5de50d692ead3a67cbedc,aeval-benchmarks/multi-phase/s_split_26_000.smt2,chc-comp-2026/aeval-benchmarks/multi-phase/s_split_26_000_000.yml,f29b23f6be2ac110bff334ec3a50b2160cb80a9418e805a4f040c78999021556,sat_validated
chc-comp-2026/hcai-bench/svcomp/O0/O0_array_false-unreach-call_true-termination_000.smt2,0dfa140581038e08d06a2053a2131b151e12f693c21053ecbcedd1a067f79530,chc-comp-2026,LIA-Lin-Arrays,family-balanced 1500-input expansion,chc-comp26-benchmarks-main.zip,912aa7b44471c9e1ed49ba0c2c034dcafa4300a821edaf3bf016618fd0e99b25,https://github.com/chc-comp/chc-comp26-benchmarks,b4fa7a708e5863bbcdb5de50d692ead3a67cbedc,hcai-bench/svcomp/O0/O0_array_false-unreach-call_true-termination_000.smt2,chc-comp-2026/hcai-bench/svcomp/O0/O0_array_false-unreach-call_true-termination_000.yml,5ea076716fe9551604f4395c7431398b4669a363d05d4803201bec98dc9a667f,unsat
chc-comp-2026/sally-chc-benchmarks/oral_messages/om1_with_relays_agreement_two_faults_000.smt2,888a7b0508550ee11334966c507460e39de1e2ff107a91cfd25bc2286bbd6bb7,chc-comp-2026,LRA-Lin,family-balanced 1500-input expansion,chc-comp26-benchmarks-main.zip,912aa7b44471c9e1ed49ba0c2c034dcafa4300a821edaf3bf016618fd0e99b25,https://github.com/chc-comp/chc-comp26-benchmarks,b4fa7a708e5863bbcdb5de50d692ead3a67cbedc,sally-chc-benchmarks/oral_messages/om1_with_relays_agreement_two_faults_000.smt2,chc-comp-2026/sally-chc-benchmarks/oral_messages/om1_with_relays_agreement_two_faults_000.yml,532add66cf600fdf684669795eb31780dd677e903f9b36390dc1939d85c36fd3,unsat
chc-comp-2026/kind2-chc-benchmarks/data/cruise_controller_19_000.smt2,5b3563fa4eb4fed689e984072eea2e631c57433351ac27b31a1cd533b6ef2d3f,chc-comp-2026,mixed_LIA_LRA,family-balanced 1500-input expansion,chc-comp26-benchmarks-main.zip,912aa7b44471c9e1ed49ba0c2c034dcafa4300a821edaf3bf016618fd0e99b25,https://github.com/chc-comp/chc-comp26-benchmarks,b4fa7a708e5863bbcdb5de50d692ead3a67cbedc,kind2-chc-benchmarks/data/cruise_controller_19_000.smt2,chc-comp-2026/kind2-chc-benchmarks/data/cruise_controller_19_000.yml,f5964b40cc3b2c09c614461b0afe6ac61d71ad59385d1d46b7dabb5d52c6ff81,
chc-comp-2026/tip-adt-lia/isaplanner_prop_55_000.smt2,e46f18ef303138e291f98a83d76678136c8c13526f1f9a36de1d1d5a939fd255,chc-comp-2026,ADT-LIA,family-balanced 1500-input expansion,chc-comp26-benchmarks-main.zip,912aa7b44471c9e1ed49ba0c2c034dcafa4300a821edaf3bf016618fd0e99b25,https://github.com/chc-comp/chc-comp26-benchmarks,b4fa7a708e5863bbcdb5de50d692ead3a67cbedc,tip-adt-lia/isaplanner_prop_55_000.smt2,chc-comp-2026/tip-adt-lia/isaplanner_prop_55_000.yml,3ae3519b1d3cbd78b645d311ab92c1fd6a6c763ec1b0ced867fbe5ba29c9af88,sat_validated
chc-comp-2026/tricera-adt-arr/adt-arr/simple-2.i-valid-deref_000.smt2,fe845d42635fd96eb34f95f9f366bcd412158d3bd275ae02480932140b3316cf,chc-comp-2026,ADT-LIA-Arrays,family-balanced 1500-input expansion,chc-comp26-benchmarks-main.zip,912aa7b44471c9e1ed49ba0c2c034dcafa4300a821edaf3bf016618fd0e99b25,https://github.com/chc-comp/chc-comp26-benchmarks,b4fa7a708e5863bbcdb5de50d692ead3a67cbedc,tricera-adt-arr/adt-arr/simple-2.i-valid-deref_000.smt2,chc-comp-2026/tricera-adt-arr/adt-arr/simple-2.i-valid-deref_000.yml,adadb759cac120dd3a6f52cba46bd2ceac3f272fe331f4fe5bbabbdb887ce5d5,
chc-comp-2026/vmt-chc-benchmarks/lustre/production_cell_e7_207_e7_41_000.smt2,1e4adb145619be03718a950f4b124b7093e5f0fd5f5ea1d5b1e27fe39519297c,chc-comp-2026,BOOL,family-balanced 1500-input expansion,chc-comp26-benchmarks-main.zip,912aa7b44471c9e1ed49ba0c2c034dcafa4300a821edaf3bf016618fd0e99b25,https://github.com/chc-comp/chc-comp26-benchmarks,b4fa7a708e5863bbcdb5de50d692ead3a67cbedc,vmt-chc-benchmarks/lustre/production_cell_e7_207_e7_41_000.smt2,chc-comp-2026/vmt-chc-benchmarks/lustre/production_cell_e7_207_e7_41_000_001.yml,7e4a452e4028d1c74cdf7ff9098174b5572a8dbd1af14df5465dae121285c07b,
chc-comp-2026/vmt-chc-benchmarks/bv/parity_safe.c_000.smt2,9386e226d245fa51dc9c1f36c77b645e373263a98d05ab928fbddc2e81da095e,chc-comp-2026,BV-Lin,family-balanced 1500-input expansion,chc-comp26-benchmarks-main.zip,912aa7b44471c9e1ed49ba0c2c034dcafa4300a821edaf3bf016618fd0e99b25,https://github.com/chc-comp/chc-comp26-benchmarks,b4fa7a708e5863bbcdb5de50d692ead3a67cbedc,vmt-chc-benchmarks/bv/parity_safe.c_000.smt2,chc-comp-2026/vmt-chc-benchmarks/bv/parity_safe.c_000.yml,1f3ef352b2f5a431fd16bfc3d8cfe34325c1dfe667cc1010f088958b9a21cbc2,unsat
chc-comp-2026/llreve-bench/muz/rec__loop_rec_000.smt2,3049e7c2e0e084b8038d621b4bd78a60a4161a70bf86d37bda2d12e2884460e3,chc-comp-2026,LIA,family-balanced 1500-input expansion,chc-comp26-benchmarks-main.zip,912aa7b44471c9e1ed49ba0c2c034dcafa4300a821edaf3bf016618fd0e99b25,https://github.com/chc-comp/chc-comp26-benchmarks,b4fa7a708e5863bbcdb5de50d692ead3a67cbedc,llreve-bench/muz/rec__loop_rec_000.smt2,chc-comp-2026/llreve-bench/muz/rec__loop_rec_000_000.yml,0ed9f5e7e90b2a259f65c34f427b1a4b5abe7619ce1e0d57b34878b160d6620c,sat_validated
chc-comp-2026/hcai-bench/svcomp/O0/O0_linear_search_false-unreach-call_000.smt2,2c927f623c942a98fbdc8f870aa738842bbe3270c3a27037e9a9464fae3c60ed,chc-comp-2026,LIA-Arrays,family-balanced 1500-input expansion,chc-comp26-benchmarks-main.zip,912aa7b44471c9e1ed49ba0c2c034dcafa4300a821edaf3bf016618fd0e99b25,https://github.com/chc-comp/chc-comp26-benchmarks,b4fa7a708e5863bbcdb5de50d692ead3a67cbedc,hcai-bench/svcomp/O0/O0_linear_search_false-unreach-call_000.smt2,chc-comp-2026/hcai-bench/svcomp/O0/O0_linear_search_false-unreach-call_000.yml,f651864d5fd0ff58a2a9c9f60708092ea0f55bb4c040650e058e7515ea01e824,unsat
chc-comp-2026/hopv/lia/mochi/enc-rev_accum_000.smt2,cae1d7999dc6638b3befb1ce42b27baf2b9fab36e0a7c00927f191cbff1b4c48,chc-comp-2026,LIA-Lin,family-balanced 1500-input expansion,chc-comp26-benchmarks-main.zip,912aa7b44471c9e1ed49ba0c2c034dcafa4300a821edaf3bf016618fd0e99b25,https://github.com/chc-comp/chc-comp26-benchmarks,b4fa7a708e5863bbcdb5de50d692ead3a67cbedc,hopv/lia/mochi/enc-rev_accum_000.smt2,chc-comp-2026/hopv/lia/mochi/enc-rev_accum_000.yml,fdbc822850eb7db37fb5ea76a4a8dc5ea7c84ebda0cc1eb2186da6eececd627f,sat_validated
chc-comp-2026/quic3/data/array_swap_000.smt2,79730ac3fe35490026afccfdc7737ed556361e5491119e5b300ced56525bdcc1,chc-comp-2026,LIA-Lin-Arrays,family-balanced 1500-input expansion,chc-comp26-benchmarks-main.zip,912aa7b44471c9e1ed49ba0c2c034dcafa4300a821edaf3bf016618fd0e99b25,https://github.com/chc-comp/chc-comp26-benchmarks,b4fa7a708e5863bbcdb5de50d692ead3a67cbedc,quic3/data/array_swap_000.smt2,chc-comp-2026/quic3/data/array_swap_000.yml,1e5299aeaebb95aecd9a33e44c34c168a52857f413a39474a0bd4fb3a821ae8f,
chc-comp-2026/sally-chc-benchmarks/misc/wbs_simple_7_7_000.smt2,ac115628a903fc1af7ad2f128494bd1ba3ca659477dd9e62a93f3815dcc61f7f,chc-comp-2026,LRA-Lin,family-balanced 1500-input expansion,chc-comp26-benchmarks-main.zip,912aa7b44471c9e1ed49ba0c2c034dcafa4300a821edaf3bf016618fd0e99b25,https://github.com/chc-comp/chc-comp26-benchmarks,b4fa7a708e5863bbcdb5de50d692ead3a67cbedc,sally-chc-benchmarks/misc/wbs_simple_7_7_000.smt2,chc-comp-2026/sally-chc-benchmarks/misc/wbs_simple_7_7_000.yml,47ce07cdfb64d0801786fb626ae42d4e4ddba58bb16647bf8bcd822846c49dfd,sat_validated
chc-comp-2026/kind2-chc-benchmarks/data/cruise_controller_21_000.smt2,2feb39490379c63400389074a2851ffcfefec888e41bab82feaabd24112c148d,chc-comp-2026,mixed_LIA_LRA,family-balanced 1500-input expansion,chc-comp26-benchmarks-main.zip,912aa7b44471c9e1ed49ba0c2c034dcafa4300a821edaf3bf016618fd0e99b25,https://github.com/chc-comp/chc-comp26-benchmarks,b4fa7a708e5863bbcdb5de50d692ead3a67cbedc,kind2-chc-benchmarks/data/cruise_controller_21_000.smt2,chc-comp-2026/kind2-chc-benchmarks/data/cruise_controller_21_000.yml,57550933ba217a1bdb77088ae121ce5f8f8f7766237b800fce362331a92de38b,
chc-comp-2026/ringen-adt-benchmarks/isaplanner/prop_03_000.smt2,cb82bd1ba85d9b15a82ea367a6c9743ec4ccedc11d71bbd4ab8c8fe8f1f7a87d,chc-comp-2026,ADT-LIA,family-balanced 1500-input expansion,chc-comp26-benchmarks-main.zip,912aa7b44471c9e1ed49ba0c2c034dcafa4300a821edaf3bf016618fd0e99b25,https://github.com/chc-comp/chc-comp26-benchmarks,b4fa7a708e5863bbcdb5de50d692ead3a67cbedc,ringen-adt-benchmarks/isaplanner/prop_03_000.smt2,chc-comp-2026/ringen-adt-benchmarks/isaplanner/prop_03_000_000.yml,cb8dd2a2bb002fc6cac5555b5770e697a7933e05435df4c2bf56ec01309e3b17,sat
chc-comp-2026/solidity/unit_tests/types_struct/struct_temporary.sol_0_000.smt2,17541761d6d522c1f23ecd03c01033fd1f30f56af4ccc9860724449abc02e5fb,chc-comp-2026,ADT-LIA-Arrays,family-balanced 1500-input expansion,chc-comp26-benchmarks-main.zip,912aa7b44471c9e1ed49ba0c2c034dcafa4300a821edaf3bf016618fd0e99b25,https://github.com/chc-comp/chc-comp26-benchmarks,b4fa7a708e5863bbcdb5de50d692ead3a67cbedc,solidity/unit_tests/types_struct/struct_temporary.sol_0_000.smt2,chc-comp-2026/solidity/unit_tests/types_struct/struct_temporary.sol_0_000.yml,f0d8ac0c634aa9c4b3868577e7ebcbf656ab8b9f9e543b46efbcb3770ea3d0ee,sat_validated
chc-comp-2026/kind2-chc-benchmarks/data/production_cell_e8_6_e7_651_000.smt2,41b9662059a7229086a2e8559f148153d42f9ea70accf484040557d5c524625d,chc-comp-2026,BOOL,family-balanced 1500-input expansion,chc-comp26-benchmarks-main.zip,912aa7b44471c9e1ed49ba0c2c034dcafa4300a821edaf3bf016618fd0e99b25,https://github.com/chc-comp/chc-comp26-benchmarks,b4fa7a708e5863bbcdb5de50d692ead3a67cbedc,kind2-chc-benchmarks/data/production_cell_e8_6_e7_651_000.smt2,chc-comp-2026/kind2-chc-benchmarks/data/production_cell_e8_6_e7_651_000_000.yml,63d08267cf306e147aa3f7e8ccae6991f10b340b31a47465e16e7301b1961c4f,
chc-comp-2026/eldarica-misc/BV/reve/011-horn-bv_000.smt2,f1cb881f03497d53c404548f27a8e06c9d609a4800ea6bbd3840569490741a5c,chc-comp-2026,BV-Lin,family-balanced 1500-input expansion,chc-comp26-benchmarks-main.zip,912aa7b44471c9e1ed49ba0c2c034dcafa4300a821edaf3bf016618fd0e99b25,https://github.com/chc-comp/chc-comp26-benchmarks,b4fa7a708e5863bbcdb5de50d692ead3a67cbedc,eldarica-misc/BV/reve/011-horn-bv_000.smt2,chc-comp-2026/eldarica-misc/BV/reve/011-horn-bv_000.yml,61968469f2438bd9667638a785aa4fedc00f0f096ef3f307a3b87c7f73f13b3a,sat_validated
chc-comp-2026/eldarica-misc/LIA/reve/021b-horn_000.smt2,ffd8a2c89f89dda6079a0d604abfe386c4c54b2f1c43b6072efbb26a7a95d0d5,chc-comp-2026,LIA,family-balanced 1500-input expansion,chc-comp26-benchmarks-main.zip,912aa7b44471c9e1ed49ba0c2c034dcafa4300a821edaf3bf016618fd0e99b25,https://github.com/chc-comp/chc-comp26-benchmarks,b4fa7a708e5863bbcdb5de50d692ead3a67cbedc,eldarica-misc/LIA/reve/021b-horn_000.smt2,chc-comp-2026/eldarica-misc/LIA/reve/021b-horn_000.yml,416ae3c92ef400a0e56adf4dc4d9a594f0b49c6ea3ea69c512ba3b610b302ead,sat_validated
chc-comp-2026/hcai-bench/svcomp/O0/O0_sum_array_false-unreach-call_000.smt2,4b0470cdb1968be112543d71461437eb2ef6466c1ec2ceca29ef696e0ec1cf92,chc-comp-2026,LIA-Arrays,family-balanced 1500-input expansion,chc-comp26-benchmarks-main.zip,912aa7b44471c9e1ed49ba0c2c034dcafa4300a821edaf3bf016618fd0e99b25,https://github.com/chc-comp/chc-comp26-benchmarks,b4fa7a708e5863bbcdb5de50d692ead3a67cbedc,hcai-bench/svcomp/O0/O0_sum_array_false-unreach-call_000.smt2,chc-comp-2026/hcai-bench/svcomp/O0/O0_sum_array_false-unreach-call_000.yml,8d72f8fb659bb2de3fb11106f9a9cf859f255d7262fc5a4dff4bf4ea484de6ce,unsat
chc-comp-2026/extra-small-lia/menlo_park_term_simpl_2_000.smt2,9d0a1a05827e03abde69e1d70b29f2247f546fa3263cb013f288f6c6d7aa550e,chc-comp-2026,LIA-Lin,family-balanced 1500-input expansion,chc-comp26-benchmarks-main.zip,912aa7b44471c9e1ed49ba0c2c034dcafa4300a821edaf3bf016618fd0e99b25,https://github.com/chc-comp/chc-comp26-benchmarks,b4fa7a708e5863bbcdb5de50d692ead3a67cbedc,extra-small-lia/menlo_park_term_simpl_2_000.smt2,chc-comp-2026/extra-small-lia/menlo_park_term_simpl_2_000.yml,bb72c6f58c4cb099679a58244f34f134cdddc9df606e17c931ea027a5ce0ea7b,sat_validated
chc-comp-2026/llreve-bench/muz/libc__memset_1_000.smt2,3174aef52b69df48930331ddfc012b8c43289b05660a2fdc495a47d69511d045,chc-comp-2026,LIA-Lin-Arrays,family-balanced 1500-input expansion,chc-comp26-benchmarks-main.zip,912aa7b44471c9e1ed49ba0c2c034dcafa4300a821edaf3bf016618fd0e99b25,https://github.com/chc-comp/chc-comp26-benchmarks,b4fa7a708e5863bbcdb5de50d692ead3a67cbedc,llreve-bench/muz/libc__memset_1_000.smt2,chc-comp-2026/llreve-bench/muz/libc__memset_1_000_000.yml,f31ae30eb639da8d531e7629a680cdf01861a01d4e14bf13a96e81588d48e078,sat_validated
chc-comp-2026/sally-chc-benchmarks/oral_messages/om1_with_relays_general_3_4_agreement_000.smt2,fb6430088831af2a5273a0d13545c14c948eed17803787d110cdc07c6d72de59,chc-comp-2026,LRA-Lin,family-balanced 1500-input expansion,chc-comp26-benchmarks-main.zip,912aa7b44471c9e1ed49ba0c2c034dcafa4300a821edaf3bf016618fd0e99b25,https://github.com/chc-comp/chc-comp26-benchmarks,b4fa7a708e5863bbcdb5de50d692ead3a67cbedc,sally-chc-benchmarks/oral_messages/om1_with_relays_general_3_4_agreement_000.smt2,chc-comp-2026/sally-chc-benchmarks/oral_messages/om1_with_relays_general_3_4_agreement_000.yml,6bdb42ebf63c519800eb06bf5c5ed5a2c0d73fc58f92dffcb112f8f3d8631b85,sat_validated
chc-comp-2026/kind2-chc-benchmarks/data/cruise_controller_08_000.smt2,54e6ac845572368d29e355ae900fb4915117218a2d6fc3394b2169c207f8eeb0,chc-comp-2026,mixed_LIA_LRA,family-balanced 1500-input expansion,chc-comp26-benchmarks-main.zip,912aa7b44471c9e1ed49ba0c2c034dcafa4300a821edaf3bf016618fd0e99b25,https://github.com/chc-comp/chc-comp26-benchmarks,b4fa7a708e5863bbcdb5de50d692ead3a67cbedc,kind2-chc-benchmarks/data/cruise_controller_08_000.smt2,chc-comp-2026/kind2-chc-benchmarks/data/cruise_controller_08_000.yml,96de2b60686bb258ef9269d7725621c76345f12ef4f01d9b6b100bef8eab8215,
chc-comp-2026/rust-horn/linger-dec-1-basic-unsafe_000.smt2,7799f09765077e8e69e835557f0513a7afd6db27acf229fc66cca420fbc6b430,chc-comp-2026,ADT-LIA,family-balanced 1500-input expansion,chc-comp26-benchmarks-main.zip,912aa7b44471c9e1ed49ba0c2c034dcafa4300a821edaf3bf016618fd0e99b25,https://github.com/chc-comp/chc-comp26-benchmarks,b4fa7a708e5863bbcdb5de50d692ead3a67cbedc,rust-horn/linger-dec-1-basic-unsafe_000.smt2,chc-comp-2026/rust-horn/linger-dec-1-basic-unsafe_000.yml,ab30e660fee1aa7191008dde122d6855120730efeef69b55c6eec654b5cb4c50,unsat
chc-comp-2026/tricera-adt-arr/adt-arr/sll-shared-after.i-valid-deref_000.smt2,894640c9eb40f7a2376467bb6407a12d2d1f3e679c3f312c9782922227f0aea1,chc-comp-2026,ADT-LIA-Arrays,family-balanced 1500-input expansion,chc-comp26-benchmarks-main.zip,912aa7b44471c9e1ed49ba0c2c034dcafa4300a821edaf3bf016618fd0e99b25,https://github.com/chc-comp/chc-comp26-benchmarks,b4fa7a708e5863bbcdb5de50d692ead3a67cbedc,tricera-adt-arr/adt-arr/sll-shared-after.i-valid-deref_000.smt2,chc-comp-2026/tricera-adt-arr/adt-arr/sll-shared-after.i-valid-deref_000.yml,aa268b8d34e4e1c5d48b64e76bd84a177f78fc47b63096350248d1798fd26d29,
chc-comp-2026/vmt-chc-benchmarks/lustre/production_cell_e8_6_e7_651_000.smt2,b220e8a29f685dd72e0966331d673378fd2fc8880f7369bd9ad3c340df48dc5f,chc-comp-2026,BOOL,family-balanced 1500-input expansion,chc-comp26-benchmarks-main.zip,912aa7b44471c9e1ed49ba0c2c034dcafa4300a821edaf3bf016618fd0e99b25,https://github.com/chc-comp/chc-comp26-benchmarks,b4fa7a708e5863bbcdb5de50d692ead3a67cbedc,vmt-chc-benchmarks/lustre/production_cell_e8_6_e7_651_000.smt2,chc-comp-2026/vmt-chc-benchmarks/lustre/production_cell_e8_6_e7_651_000_001.yml,63d08267cf306e147aa3f7e8ccae6991f10b340b31a47465e16e7301b1961c4f,
chc-comp-2026/vmt-chc-benchmarks/bv/MADWiFi-encode_ie_ok.c_000.smt2,e066d20860b51e583bbea8977cbf044a56617b46bf98fae1de0e06623e054359,chc-comp-2026,BV-Lin,family-balanced 1500-input expansion,chc-comp26-benchmarks-main.zip,912aa7b44471c9e1ed49ba0c2c034dcafa4300a821edaf3bf016618fd0e99b25,https://github.com/chc-comp/chc-comp26-benchmarks,b4fa7a708e5863bbcdb5de50d692ead3a67cbedc,vmt-chc-benchmarks/bv/MADWiFi-encode_ie_ok.c_000.smt2,chc-comp-2026/vmt-chc-benchmarks/bv/MADWiFi-encode_ie_ok.c_000_000.yml,9da6c56fceaef0345b3b5ba9183292190cd16d58d47d64dafa22494410b8d6c2,unsat
chc-comp-2026/rust-horn/bmc-4-test-bmc-diamond-1-safe_000.smt2,e4d547bc267f2b121d4967b4507987f96305b9b332a15564ee723f39290dd18e,chc-comp-2026,LIA,family-balanced 1500-input expansion,chc-comp26-benchmarks-main.zip,912aa7b44471c9e1ed49ba0c2c034dcafa4300a821edaf3bf016618fd0e99b25,https://github.com/chc-comp/chc-comp26-benchmarks,b4fa7a708e5863bbcdb5de50d692ead3a67cbedc,rust-horn/bmc-4-test-bmc-diamond-1-safe_000.smt2,chc-comp-2026/rust-horn/bmc-4-test-bmc-diamond-1-safe_000.yml,dc0151d91e44a6c969c94cb146cb99acdaefbc6cb3e914f5dcf2092bed3ceb03,sat_validated
chc-comp-2026/hcai-bench/svcomp/O0/O0_eureka_01_true-unreach-call_000.smt2,6bdfbf19a52ecfa98c42b93e5fa1df745f94b6a92c5dda24381105b4fcdcde1b,chc-comp-2026,LIA-Arrays,family-balanced 1500-input expansion,chc-comp26-benchmarks-main.zip,912aa7b44471c9e1ed49ba0c2c034dcafa4300a821edaf3bf016618fd0e99b25,https://github.com/chc-comp/chc-comp26-benchmarks,b4fa7a708e5863bbcdb5de50d692ead3a67cbedc,hcai-bench/svcomp/O0/O0_eureka_01_true-unreach-call_000.smt2,chc-comp-2026/hcai-bench/svcomp/O0/O0_eureka_01_true-unreach-call_000.yml,74344f1cf8fd974bd455249296eea7317b3ba59e823cc054fac8ff08e635e034,
chc-comp-2026/llreve-bench/smt2/loop__barthe2_000.smt2,1958d072a06585391510ba17b6338027c9a24e0335d3d50222f76c57b804ed35,chc-comp-2026,LIA-Lin,family-balanced 1500-input expansion,chc-comp26-benchmarks-main.zip,912aa7b44471c9e1ed49ba0c2c034dcafa4300a821edaf3bf016618fd0e99b25,https://github.com/chc-comp/chc-comp26-benchmarks,b4fa7a708e5863bbcdb5de50d692ead3a67cbedc,llreve-bench/smt2/loop__barthe2_000.smt2,chc-comp-2026/llreve-bench/smt2/loop__barthe2_000_002.yml,52eb6581d65dfe4ca48fa89e3a885229bd36daede7ab859e6035d4625a7cf274,sat_validated
chc-comp-2026/hcai-bench/svcomp/O3/O3_eureka_05_true-unreach-call_true-termination_000.smt2,4e2414c122c46238171e8d185ca05474d8a15d0857829be4dee40aa577eef350,chc-comp-2026,LIA-Lin-Arrays,family-balanced 1500-input expansion,chc-comp26-benchmarks-main.zip,912aa7b44471c9e1ed49ba0c2c034dcafa4300a821edaf3bf016618fd0e99b25,https://github.com/chc-comp/chc-comp26-benchmarks,b4fa7a708e5863bbcdb5de50d692ead3a67cbedc,hcai-bench/svcomp/O3/O3_eureka_05_true-unreach-call_true-termination_000.smt2,chc-comp-2026/hcai-bench/svcomp/O3/O3_eureka_05_true-unreach-call_true-termination_000.yml,ec91651638e6bde84e479013e38c471a95636fc64f43903864e0df333a88538d,sat_validated
chc-comp-2026/sally-chc-benchmarks/tta_startup/simple_startup2.2_000.smt2,cc8ca6a008743db66aa147f41609bb2aaeeb3d11fc3973360a384cf01d9ad651,chc-comp-2026,LRA-Lin,family-balanced 1500-input expansion,chc-comp26-benchmarks-main.zip,912aa7b44471c9e1ed49ba0c2c034dcafa4300a821edaf3bf016618fd0e99b25,https://github.com/chc-comp/chc-comp26-benchmarks,b4fa7a708e5863bbcdb5de50d692ead3a67cbedc,sally-chc-benchmarks/tta_startup/simple_startup2.2_000.smt2,chc-comp-2026/sally-chc-benchmarks/tta_startup/simple_startup2.2_000.yml,5f8fab7328e186f507c51e72f365f3fa4723387c97c8b4ebd9979b687512188b,sat_validated
chc-comp-2026/kind2-chc-benchmarks/data/cruise_controller_23_000.smt2,395431e8eed38b3fe0b3612253c3606cd4461a7e09fa3969cb4045c265f7e2ce,chc-comp-2026,mixed_LIA_LRA,family-balanced 1500-input expansion,chc-comp26-benchmarks-main.zip,912aa7b44471c9e1ed49ba0c2c034dcafa4300a821edaf3bf016618fd0e99b25,https://github.com/chc-comp/chc-comp26-benchmarks,b4fa7a708e5863bbcdb5de50d692ead3a67cbedc,kind2-chc-benchmarks/data/cruise_controller_23_000.smt2,chc-comp-2026/kind2-chc-benchmarks/data/cruise_controller_23_000.yml,f41dfe5c59acd8b449972951c6ad91ad262c17745975eee1fed319ded1b437be,
chc-comp-2026/adt-purified-benchmarks/0-simple-06_loop_unsat.Z3.0_000.smt2,db3dd633bd2c92a5036b9be4589d0a46d8ab8dea159ff7a42ad22428d94945a3,chc-comp-2026,ADT-LIA,family-balanced 1500-input expansion,chc-comp26-benchmarks-main.zip,912aa7b44471c9e1ed49ba0c2c034dcafa4300a821edaf3bf016618fd0e99b25,https://github.com/chc-comp/chc-comp26-benchmarks,b4fa7a708e5863bbcdb5de50d692ead3a67cbedc,adt-purified-benchmarks/0-simple-06_loop_unsat.Z3.0_000.smt2,chc-comp-2026/adt-purified-benchmarks/0-simple-06_loop_unsat.Z3.0_000.yml,834cec54ed5b106f1278d78f33af0857c781dccffc1ae49788fc026c163fb82b,sat
chc-comp-2026/solidity/unit_tests/blockchain_state/balance_zero_4.sol_2_000.smt2,57bbcb548f612a766ae4345924750edf619f8caa940e24bf317a2fbc6e438766,chc-comp-2026,ADT-LIA-Arrays,family-balanced 1500-input expansion,chc-comp26-benchmarks-main.zip,912aa7b44471c9e1ed49ba0c2c034dcafa4300a821edaf3bf016618fd0e99b25,https://github.com/chc-comp/chc-comp26-benchmarks,b4fa7a708e5863bbcdb5de50d692ead3a67cbedc,solidity/unit_tests/blockchain_state/balance_zero_4.sol_2_000.smt2,chc-comp-2026/solidity/unit_tests/blockchain_state/balance_zero_4.sol_2_000.yml,a8b0ab0006a35ff2b44d8fd40736e11486090738c3c2a21962fd52a86dc1b5a7,unsat
chc-comp-2026/kind2-chc-benchmarks/data/production_cell_e7_21_000.smt2,92fe6ae8bff04ad9f0f33d32066f2aff1dfa3fb3431b4bc794a265f9bd0070a9,chc-comp-2026,BOOL,family-balanced 1500-input expansion,chc-comp26-benchmarks-main.zip,912aa7b44471c9e1ed49ba0c2c034dcafa4300a821edaf3bf016618fd0e99b25,https://github.com/chc-comp/chc-comp26-benchmarks,b4fa7a708e5863bbcdb5de50d692ead3a67cbedc,kind2-chc-benchmarks/data/production_cell_e7_21_000.smt2,chc-comp-2026/kind2-chc-benchmarks/data/production_cell_e7_21_000.yml,b9ffc96564aa838fa035f79e6447bbf7819f0c7c5d07f9de9eeb591ebb542734,
chc-comp-2026/eldarica-misc/BV/reve/020c-horn-bv_000.smt2,cb045c0f903fe1645881f2dd4f00d5977898419890a9733f7126d552ab0ce383,chc-comp-2026,BV-Lin,family-balanced 1500-input expansion,chc-comp26-benchmarks-main.zip,912aa7b44471c9e1ed49ba0c2c034dcafa4300a821edaf3bf016618fd0e99b25,https://github.com/chc-comp/chc-comp26-benchmarks,b4fa7a708e5863bbcdb5de50d692ead3a67cbedc,eldarica-misc/BV/reve/020c-horn-bv_000.smt2,chc-comp-2026/eldarica-misc/BV/reve/020c-horn-bv_000.yml,617429612f086fbad6a7650a56774c9e984db84d49270c460f26831e35efdbef,unsat
chc-comp-2026/kind2-chc-benchmarks/data/car_3_e1_924_000.smt2,8731a344aab5189051116722b05d9685221115c2bd245dd8d6139ae154131072,chc-comp-2026,LIA,family-balanced 1500-input expansion,chc-comp26-benchmarks-main.zip,912aa7b44471c9e1ed49ba0c2c034dcafa4300a821edaf3bf016618fd0e99b25,https://github.com/chc-comp/chc-comp26-benchmarks,b4fa7a708e5863bbcdb5de50d692ead3a67cbedc,kind2-chc-benchmarks/data/car_3_e1_924_000.smt2,chc-comp-2026/kind2-chc-benchmarks/data/car_3_e1_924_000.yml,614b9df6fd7256d8506ff44e6335f8900067befb6e3e41b4d086082393054e50,unsat
chc-comp-2026/hcai-bench/svcomp/O0/O0_lu.cmp_true-unreach-call_000.smt2,988f1b9432ebbc4be4cddad177d9ede6840b8d4359e94281bfb4fd64c85e1cf4,chc-comp-2026,LIA-Arrays,family-balanced 1500-input expansion,chc-comp26-benchmarks-main.zip,912aa7b44471c9e1ed49ba0c2c034dcafa4300a821edaf3bf016618fd0e99b25,https://github.com/chc-comp/chc-comp26-benchmarks,b4fa7a708e5863bbcdb5de50d692ead3a67cbedc,hcai-bench/svcomp/O0/O0_lu.cmp_true-unreach-call_000.smt2,chc-comp-2026/hcai-bench/svcomp/O0/O0_lu.cmp_true-unreach-call_000.yml,f71dfc4a656761762bd2d4785026b2cc7f7d8967c996764dd84dd093ce2fe2a8,sat_validated
chc-comp-2026/aeval-unsafe/s_split_28_000.smt2,a28787bd84e25bf45403fe32820d21a803472481c2d3af99d9857269c6c5990f,chc-comp-2026,LIA-Lin,family-balanced 1500-input expansion,chc-comp26-benchmarks-main.zip,912aa7b44471c9e1ed49ba0c2c034dcafa4300a821edaf3bf016618fd0e99b25,https://github.com/chc-comp/chc-comp26-benchmarks,b4fa7a708e5863bbcdb5de50d692ead3a67cbedc,aeval-unsafe/s_split_28_000.smt2,chc-comp-2026/aeval-unsafe/s_split_28_000_001.yml,ca7e9379c45e29faedab5293f5fb280c4f3638566a5dfcd635e005887b606c59,unsat
chc-comp-2026/quic3/data/standard_init7_true-unreach-call_ground_000.smt2,d6a8ed45d6537db0660da12e824272ae981e43e78d990ff9d56eb03be5ee5c1b,chc-comp-2026,LIA-Lin-Arrays,family-balanced 1500-input expansion,chc-comp26-benchmarks-main.zip,912aa7b44471c9e1ed49ba0c2c034dcafa4300a821edaf3bf016618fd0e99b25,https://github.com/chc-comp/chc-comp26-benchmarks,b4fa7a708e5863bbcdb5de50d692ead3a67cbedc,quic3/data/standard_init7_true-unreach-call_ground_000.smt2,chc-comp-2026/quic3/data/standard_init7_true-unreach-call_ground_000.yml,c98eaf1d3916eb37761c04f016788f6ddbac56ef7d35dd4e1280d42a92efd150,
chc-comp-2026/sally-chc-benchmarks/oral_messages/om1_with_relays_general_3_5_agreement_000.smt2,e02db3f782114e8945822fce26d75713425300b867c7ded89999666fd03a753f,chc-comp-2026,LRA-Lin,family-balanced 1500-input expansion,chc-comp26-benchmarks-main.zip,912aa7b44471c9e1ed49ba0c2c034dcafa4300a821edaf3bf016618fd0e99b25,https://github.com/chc-comp/chc-comp26-benchmarks,b4fa7a708e5863bbcdb5de50d692ead3a67cbedc,sally-chc-benchmarks/oral_messages/om1_with_relays_general_3_5_agreement_000.smt2,chc-comp-2026/sally-chc-benchmarks/oral_messages/om1_with_relays_general_3_5_agreement_000.yml,392ae356854bc422532014acef307f40e3b12469c658b29f3e5d557eacced46c,sat_validated
chc-comp-2026/ADTRem/isaplanner/goal41_000.smt2,bcf9451674dba121a13ad2ca7f09e4c3d031bfa4f2a21c6ed3e989661dab6f34,chc-comp-2026,ADT-LIA,family-balanced 1500-input expansion,chc-comp26-benchmarks-main.zip,912aa7b44471c9e1ed49ba0c2c034dcafa4300a821edaf3bf016618fd0e99b25,https://github.com/chc-comp/chc-comp26-benchmarks,b4fa7a708e5863bbcdb5de50d692ead3a67cbedc,ADTRem/isaplanner/goal41_000.smt2,chc-comp-2026/ADTRem/isaplanner/goal41_000.yml,e766d82ee6db08a758c4655705ea01f456adda8babe15765fc3010ec1e2fda7f,
chc-comp-2026/tricera-adt-arr/adt-arr/sll-fst-shared.i-valid-deref_000.smt2,37a72867a2e75905b212247b9d3398e14d43ec525771699b866358659d358712,chc-comp-2026,ADT-LIA-Arrays,family-balanced 1500-input expansion,chc-comp26-benchmarks-main.zip,912aa7b44471c9e1ed49ba0c2c034dcafa4300a821edaf3bf016618fd0e99b25,https://github.com/chc-comp/chc-comp26-benchmarks,b4fa7a708e5863bbcdb5de50d692ead3a67cbedc,tricera-adt-arr/adt-arr/sll-fst-shared.i-valid-deref_000.smt2,chc-comp-2026/tricera-adt-arr/adt-arr/sll-fst-shared.i-valid-deref_000.yml,3e4098e0bd78e86f51d42e94c5032e6609f5e70cb3e997bef32cde08a7e83def,
chc-comp-2026/vmt-chc-benchmarks/lustre/stalmark_000.smt2,6f8107180ab198c0bb2b6243094c6a1f1c18703c1560a52370fbbc053553302c,chc-comp-2026,BOOL,family-balanced 1500-input expansion,chc-comp26-benchmarks-main.zip,912aa7b44471c9e1ed49ba0c2c034dcafa4300a821edaf3bf016618fd0e99b25,https://github.com/chc-comp/chc-comp26-benchmarks,b4fa7a708e5863bbcdb5de50d692ead3a67cbedc,vmt-chc-benchmarks/lustre/stalmark_000.smt2,chc-comp-2026/vmt-chc-benchmarks/lustre/stalmark_000_001.yml,2dc73efb056c4c68861cf22333cc1009b949386d6520d9579ec76f5826998ec2,
chc-comp-2026/vmt-chc-benchmarks/bv/heapsort3.c_000.smt2,c1e0c55cc5431737f0b5f41152c791b88cdcc6001c9dd3700e3f147e2f129829,chc-comp-2026,BV-Lin,family-balanced 1500-input expansion,chc-comp26-benchmarks-main.zip,912aa7b44471c9e1ed49ba0c2c034dcafa4300a821edaf3bf016618fd0e99b25,https://github.com/chc-comp/chc-comp26-benchmarks,b4fa7a708e5863bbcdb5de50d692ead3a67cbedc,vmt-chc-benchmarks/bv/heapsort3.c_000.smt2,chc-comp-2026/vmt-chc-benchmarks/bv/heapsort3.c_000.yml,7c4f411929857769b008a9e4f6939c5c0e78ff7e60e07fe6ff17b9f6efdffe40,
chc-comp-2026/synthesis/nay-horn/CONST_sum_7_5_000.smt2,8fec8766f689fe0d0624151a76b5a6c67734f51cacb1b693c16046bc538671f2,chc-comp-2026,LIA,family-balanced 1500-input expansion,chc-comp26-benchmarks-main.zip,912aa7b44471c9e1ed49ba0c2c034dcafa4300a821edaf3bf016618fd0e99b25,https://github.com/chc-comp/chc-comp26-benchmarks,b4fa7a708e5863bbcdb5de50d692ead3a67cbedc,synthesis/nay-horn/CONST_sum_7_5_000.smt2,chc-comp-2026/synthesis/nay-horn/CONST_sum_7_5_000.yml,f7d2cda0884761ab70366867dd50fe383ac884816ed130ed7b879874448ee977,sat_validated
chc-comp-2026/hcai-bench/svcomp/O0/O0_invert_string_false-unreach-call_true-termination_000.smt2,bb1e80100db7d90de377d9c41361dd0751a90cd691c9959992c46fef2aa39984,chc-comp-2026,LIA-Arrays,family-balanced 1500-input expansion,chc-comp26-benchmarks-main.zip,912aa7b44471c9e1ed49ba0c2c034dcafa4300a821edaf3bf016618fd0e99b25,https://github.com/chc-comp/chc-comp26-benchmarks,b4fa7a708e5863bbcdb5de50d692ead3a67cbedc,hcai-bench/svcomp/O0/O0_invert_string_false-unreach-call_true-termination_000.smt2,chc-comp-2026/hcai-bench/svcomp/O0/O0_invert_string_false-unreach-call_true-termination_000.yml,6e8f77b9a2feb9ad9b543d8907d1f238dd30776e943ad15d817ff4adb1b1e5a9,unsat
chc-comp-2026/rust-horn/bmc-1-test-bmc-1-unsafe_000.smt2,e12c971221d6c86c423b7d251b349df4bee4b260ee885e324deeda1d839d63a6,chc-comp-2026,LIA-Lin,family-balanced 1500-input expansion,chc-comp26-benchmarks-main.zip,912aa7b44471c9e1ed49ba0c2c034dcafa4300a821edaf3bf016618fd0e99b25,https://github.com/chc-comp/chc-comp26-benchmarks,b4fa7a708e5863bbcdb5de50d692ead3a67cbedc,rust-horn/bmc-1-test-bmc-1-unsafe_000.smt2,chc-comp-2026/rust-horn/bmc-1-test-bmc-1-unsafe_000.yml,3ba012ea808d6ed4a338e62ee09e061fe7cda5807cec6e67ac3410939cfd8baa,unsat
chc-comp-2026/llreve-bench/muz/heap__fib_000.smt2,e86b169ba3e718e04fb330894b6c184892be24a1cfbd944e25c78273721ed949,chc-comp-2026,LIA-Lin-Arrays,family-balanced 1500-input expansion,chc-comp26-benchmarks-main.zip,912aa7b44471c9e1ed49ba0c2c034dcafa4300a821edaf3bf016618fd0e99b25,https://github.com/chc-comp/chc-comp26-benchmarks,b4fa7a708e5863bbcdb5de50d692ead3a67cbedc,llreve-bench/muz/heap__fib_000.smt2,chc-comp-2026/llreve-bench/muz/heap__fib_000_000.yml,f31584bbea2f2a6089730377c0e93bf2dd39380125086765331710cf8116d7ae,sat_validated
chc-comp-2026/sally-chc-benchmarks/oral_messages/om1_with_relays_validity_000.smt2,162752f77858dbfbec2deae98cb062f2510f9e8e03e6be8194b0ae150b02eef9,chc-comp-2026,LRA-Lin,family-balanced 1500-input expansion,chc-comp26-benchmarks-main.zip,912aa7b44471c9e1ed49ba0c2c034dcafa4300a821edaf3bf016618fd0e99b25,https://github.com/chc-comp/chc-comp26-benchmarks,b4fa7a708e5863bbcdb5de50d692ead3a67cbedc,sally-chc-benchmarks/oral_messages/om1_with_relays_validity_000.smt2,chc-comp-2026/sally-chc-benchmarks/oral_messages/om1_with_relays_validity_000.yml,185be6dba9a296ce4c3c3328d6cc88c95ab509876c4da77bd1e8b0c054aacb34,sat_validated
chc-comp-2026/tip-adt-lia/tip2015_tree_Flatten3_000.smt2,c8e249282bbc31a1fb40847bae50c705746bdb3714001466ceb64e7923cd3544,chc-comp-2026,ADT-LIA,family-balanced 1500-input expansion,chc-comp26-benchmarks-main.zip,912aa7b44471c9e1ed49ba0c2c034dcafa4300a821edaf3bf016618fd0e99b25,https://github.com/chc-comp/chc-comp26-benchmarks,b4fa7a708e5863bbcdb5de50d692ead3a67cbedc,tip-adt-lia/tip2015_tree_Flatten3_000.smt2,chc-comp-2026/tip-adt-lia/tip2015_tree_Flatten3_000.yml,bb1c7f2a49d7d8b291876167713a63543cd9d87911a49bf047118cc0183c8e12,sat_validated
chc-comp-2026/solidity/unit_tests/control_flow/branches_merge_variables_6.sol_0_000.smt2,255fc8df447780c7622ce4e8976962db54de0fe6e59ca610a928c0ccfce1f326,chc-comp-2026,ADT-LIA-Arrays,family-balanced 1500-input expansion,chc-comp26-benchmarks-main.zip,912aa7b44471c9e1ed49ba0c2c034dcafa4300a821edaf3bf016618fd0e99b25,https://github.com/chc-comp/chc-comp26-benchmarks,b4fa7a708e5863bbcdb5de50d692ead3a67cbedc,solidity/unit_tests/control_flow/branches_merge_variables_6.sol_0_000.smt2,chc-comp-2026/solidity/unit_tests/control_flow/branches_merge_variables_6.sol_0_000.yml,53fcf6d42cb6287d44b8e1146fc543cfb4ea92b45498a3b92c3b95c2961748ea,sat_validated
chc-comp-2026/kind2-chc-benchmarks/data/stalmark_e8_64_000.smt2,47efd46926a14dd46d10a4c3bfda9b2436e5cda9a882820296c1612781c7f040,chc-comp-2026,BOOL,family-balanced 1500-input expansion,chc-comp26-benchmarks-main.zip,912aa7b44471c9e1ed49ba0c2c034dcafa4300a821edaf3bf016618fd0e99b25,https://github.com/chc-comp/chc-comp26-benchmarks,b4fa7a708e5863bbcdb5de50d692ead3a67cbedc,kind2-chc-benchmarks/data/stalmark_e8_64_000.smt2,chc-comp-2026/kind2-chc-benchmarks/data/stalmark_e8_64_000.yml,94a830d1943a459b3249202ce74aec8a9d4950acafd6bfccb2bfbac29cc67403,
chc-comp-2026/eldarica-misc/BV/reve/013b-bv_000.smt2,ff4bc029b5d078ce5f610b46224df9c393c2a66d4b7844fbc0794523e073a353,chc-comp-2026,BV-Lin,family-balanced 1500-input expansion,chc-comp26-benchmarks-main.zip,912aa7b44471c9e1ed49ba0c2c034dcafa4300a821edaf3bf016618fd0e99b25,https://github.com/chc-comp/chc-comp26-benchmarks,b4fa7a708e5863bbcdb5de50d692ead3a67cbedc,eldarica-misc/BV/reve/013b-bv_000.smt2,chc-comp-2026/eldarica-misc/BV/reve/013b-bv_000.yml,a12531cc9ab18556df61fdc59075a952d74066dd4b14e9e94fc311055458f8cb,unsat
chc-comp-2026/hopv/lia/mochi/sum_intro_000.smt2,a6754eb9a9e4ef71bc120fdc9c086c669d00ebd8114b2ec18e813039b5764f5c,chc-comp-2026,LIA,family-balanced 1500-input expansion,chc-comp26-benchmarks-main.zip,912aa7b44471c9e1ed49ba0c2c034dcafa4300a821edaf3bf016618fd0e99b25,https://github.com/chc-comp/chc-comp26-benchmarks,b4fa7a708e5863bbcdb5de50d692ead3a67cbedc,hopv/lia/mochi/sum_intro_000.smt2,chc-comp-2026/hopv/lia/mochi/sum_intro_000.yml,562241a86e52f7a29179ccd139a8d7319c26c668a1a0f39ef844c25ff65f6c44,sat_validated
chc-comp-2026/hcai-bench/svcomp/O0/O0_insertion_sort_false-unreach-call_true-termination_000.smt2,88f9dd463d4d59d59a25223fbed1d7fb0c03a005c070858b943dbe7b21feb608,chc-comp-2026,LIA-Arrays,family-balanced 1500-input expansion,chc-comp26-benchmarks-main.zip,912aa7b44471c9e1ed49ba0c2c034dcafa4300a821edaf3bf016618fd0e99b25,https://github.com/chc-comp/chc-comp26-benchmarks,b4fa7a708e5863bbcdb5de50d692ead3a67cbedc,hcai-bench/svcomp/O0/O0_insertion_sort_false-unreach-call_true-termination_000.smt2,chc-comp-2026/hcai-bench/svcomp/O0/O0_insertion_sort_false-unreach-call_true-termination_000.yml,754c2dd1b7b78e69296eae561890e7d30d66273441a90e80358f710378b8b1bd,unsat
chc-comp-2026/hcai-bench/svcomp/O0/O0_fibo_2calls_10_false-unreach-call_000.smt2,e3a7e825541603acda256472f7e29ae036754e2b0cd61ec99c8044d59057f202,chc-comp-2026,LIA-Lin,family-balanced 1500-input expansion,chc-comp26-benchmarks-main.zip,912aa7b44471c9e1ed49ba0c2c034dcafa4300a821edaf3bf016618fd0e99b25,https://github.com/chc-comp/chc-comp26-benchmarks,b4fa7a708e5863bbcdb5de50d692ead3a67cbedc,hcai-bench/svcomp/O0/O0_fibo_2calls_10_false-unreach-call_000.smt2,chc-comp-2026/hcai-bench/svcomp/O0/O0_fibo_2calls_10_false-unreach-call_000.yml,16dc9fa3a0a91178481e71c3d625170d321aab847c9e3b8684d06f82df494f83,unsat
chc-comp-2026/hcai-bench/svcomp/O3/O3_trex02_false-unreach-call_true-termination_000.smt2,8cf8d45368aecb3a412e40193a2e1fe330cae2216ab8db99c71fff5fdb78dd05,chc-comp-2026,LIA-Lin-Arrays,family-balanced 1500-input expansion,chc-comp26-benchmarks-main.zip,912aa7b44471c9e1ed49ba0c2c034dcafa4300a821edaf3bf016618fd0e99b25,https://github.com/chc-comp/chc-comp26-benchmarks,b4fa7a708e5863bbcdb5de50d692ead3a67cbedc,hcai-bench/svcomp/O3/O3_trex02_false-unreach-call_true-termination_000.smt2,chc-comp-2026/hcai-bench/svcomp/O3/O3_trex02_false-unreach-call_true-termination_000.yml,987841dcdf4636a81742c4ac8cccc46458b40635b601fa3ebc127e7317a0256e,unsat
chc-comp-2026/sally-chc-benchmarks/hacms/eventclock5_000.smt2,e00ffc100cfa27a26c11d6e231dd1dad1dc262ebfb5febd6d9ae694df9866d35,chc-comp-2026,LRA-Lin,family-balanced 1500-input expansion,chc-comp26-benchmarks-main.zip,912aa7b44471c9e1ed49ba0c2c034dcafa4300a821edaf3bf016618fd0e99b25,https://github.com/chc-comp/chc-comp26-benchmarks,b4fa7a708e5863bbcdb5de50d692ead3a67cbedc,sally-chc-benchmarks/hacms/eventclock5_000.smt2,chc-comp-2026/sally-chc-benchmarks/hacms/eventclock5_000.yml,d0e738d2d0a6dd36e230e47242c5133533224786fd35adee1933cde4317b0f57,
chc-comp-2026/ringen-adt-benchmarks/isaplanner/prop_52_000.smt2,1105dd7fd424bf14e08507fa13b758b585f2717f58d6aeb28ccdb4b2577527db,chc-comp-2026,ADT-LIA,family-balanced 1500-input expansion,chc-comp26-benchmarks-main.zip,912aa7b44471c9e1ed49ba0c2c034dcafa4300a821edaf3bf016618fd0e99b25,https://github.com/chc-comp/chc-comp26-benchmarks,b4fa7a708e5863bbcdb5de50d692ead3a67cbedc,ringen-adt-benchmarks/isaplanner/prop_52_000.smt2,chc-comp-2026/ringen-adt-benchmarks/isaplanner/prop_52_000.yml,5997355b756024746060ada36148ad8c3deed04c53ba0555af8a47e3e8d1b553,
chc-comp-2026/tricera-adt-arr/adt-arr/test-0019_1-2.i-valid-deref_000.smt2,5940a7336474ad53969658bc97e869a716b50a755a347abf535e2a42973ea6fd,chc-comp-2026,ADT-LIA-Arrays,family-balanced 1500-input expansion,chc-comp26-benchmarks-main.zip,912aa7b44471c9e1ed49ba0c2c034dcafa4300a821edaf3bf016618fd0e99b25,https://github.com/chc-comp/chc-comp26-benchmarks,b4fa7a708e5863bbcdb5de50d692ead3a67cbedc,tricera-adt-arr/adt-arr/test-0019_1-2.i-valid-deref_000.smt2,chc-comp-2026/tricera-adt-arr/adt-arr/test-0019_1-2.i-valid-deref_000.yml,b4f1a9103ed2da262737cd805cff4a24386c9e653d60a2b6b63dd06b4e823d97,sat_validated
chc-comp-2026/vmt-chc-benchmarks/lustre/stalmark_e8_64_e8_207_000.smt2,c163106a93fccc8fbe66e4642030df4321b08f19f46396ecf3dac72df07b5dcf,chc-comp-2026,BOOL,family-balanced 1500-input expansion,chc-comp26-benchmarks-main.zip,912aa7b44471c9e1ed49ba0c2c034dcafa4300a821edaf3bf016618fd0e99b25,https://github.com/chc-comp/chc-comp26-benchmarks,b4fa7a708e5863bbcdb5de50d692ead3a67cbedc,vmt-chc-benchmarks/lustre/stalmark_e8_64_e8_207_000.smt2,chc-comp-2026/vmt-chc-benchmarks/lustre/stalmark_e8_64_e8_207_000_001.yml,34c763872a06f67042cb521a4519ee119cc024eaec2c19f5fad8b1957a0ac0b5,
chc-comp-2026/vmt-chc-benchmarks/bv/up2.c_000.smt2,9e7535fe44142362c155c286a4620420d3c78468fb2638eb47a23b35e1f56ea4,chc-comp-2026,BV-Lin,family-balanced 1500-input expansion,chc-comp26-benchmarks-main.zip,912aa7b44471c9e1ed49ba0c2c034dcafa4300a821edaf3bf016618fd0e99b25,https://github.com/chc-comp/chc-comp26-benchmarks,b4fa7a708e5863bbcdb5de50d692ead3a67cbedc,vmt-chc-benchmarks/bv/up2.c_000.smt2,chc-comp-2026/vmt-chc-benchmarks/bv/up2.c_000_000.yml,395a99235d63781d5655da1e8bf4d6a807251cca6bb9613aadea3c14c47eca6a,sat_validated
chc-comp-2026/hcai-bench/svcomp/O3/O3_fibo_2calls_5_false-unreach-call_true-termination_000.smt2,49a1b2197e0dc148e7c3d0bf44f9c4b60647216a7303e8d98ba839ed9ec0bdeb,chc-comp-2026,LIA,family-balanced 1500-input expansion,chc-comp26-benchmarks-main.zip,912aa7b44471c9e1ed49ba0c2c034dcafa4300a821edaf3bf016618fd0e99b25,https://github.com/chc-comp/chc-comp26-benchmarks,b4fa7a708e5863bbcdb5de50d692ead3a67cbedc,hcai-bench/svcomp/O3/O3_fibo_2calls_5_false-unreach-call_true-termination_000.smt2,chc-comp-2026/hcai-bench/svcomp/O3/O3_fibo_2calls_5_false-unreach-call_true-termination_000.yml,7332b4659f04c24838329e780e0a39a68954531d9ccc4b590ab68a7d01c8bd2a,unsat
chc-comp-2026/hcai-bench/svcomp/O0/O0_matrix_false-unreach-call_true-termination_000.smt2,86ae164ecd6ae375ade159d81d9f47569b6180f23fd6681bf59ac5d5718966e5,chc-comp-2026,LIA-Arrays,family-balanced 1500-input expansion,chc-comp26-benchmarks-main.zip,912aa7b44471c9e1ed49ba0c2c034dcafa4300a821edaf3bf016618fd0e99b25,https://github.com/chc-comp/chc-comp26-benchmarks,b4fa7a708e5863bbcdb5de50d692ead3a67cbedc,hcai-bench/svcomp/O0/O0_matrix_false-unreach-call_true-termination_000.smt2,chc-comp-2026/hcai-bench/svcomp/O0/O0_matrix_false-unreach-call_true-termination_000.yml,c4000c9f8fa63e54b42211af54db671d7e3ec90abed5fafc3864bcab235d23ce,unsat
chc-comp-2026/vmt-chc-benchmarks/lustre/SYNAPSE_123_e3_302_e1_1141_000.smt2,7fb7bb0d70cccf04cfdd1446f08f486fb997df905afe649dae9f0ddd717b737b,chc-comp-2026,LIA-Lin,family-balanced 1500-input expansion,chc-comp26-benchmarks-main.zip,912aa7b44471c9e1ed49ba0c2c034dcafa4300a821edaf3bf016618fd0e99b25,https://github.com/chc-comp/chc-comp26-benchmarks,b4fa7a708e5863bbcdb5de50d692ead3a67cbedc,vmt-chc-benchmarks/lustre/SYNAPSE_123_e3_302_e1_1141_000.smt2,chc-comp-2026/vmt-chc-benchmarks/lustre/SYNAPSE_123_e3_302_e1_1141_000_001.yml,dc49c3018dc788d03ee7077764f6f28d71e861299ad513d2a6f2ef41f3c3f4d2,unsat
chc-comp-2026/quic3/data/array_init_partial_000.smt2,f01bc8e2bff1a8d62cbc19712c0b5154a6b3bcfd4c7c9b8b2e687a7bc0166735,chc-comp-2026,LIA-Lin-Arrays,family-balanced 1500-input expansion,chc-comp26-benchmarks-main.zip,912aa7b44471c9e1ed49ba0c2c034dcafa4300a821edaf3bf016618fd0e99b25,https://github.com/chc-comp/chc-comp26-benchmarks,b4fa7a708e5863bbcdb5de50d692ead3a67cbedc,quic3/data/array_init_partial_000.smt2,chc-comp-2026/quic3/data/array_init_partial_000.yml,285a6ed62dd9c2c105122431a187600dc61133c1487554eb48ca18b2d2abf783,
chc-comp-2026/sally-chc-benchmarks/misc/nonatomic_inc_cas_prop1_000.smt2,5068c8431504ed09b6f31e237c07e988ccdc07ced802a05b2a2b433a973d1343,chc-comp-2026,LRA-Lin,family-balanced 1500-input expansion,chc-comp26-benchmarks-main.zip,912aa7b44471c9e1ed49ba0c2c034dcafa4300a821edaf3bf016618fd0e99b25,https://github.com/chc-comp/chc-comp26-benchmarks,b4fa7a708e5863bbcdb5de50d692ead3a67cbedc,sally-chc-benchmarks/misc/nonatomic_inc_cas_prop1_000.smt2,chc-comp-2026/sally-chc-benchmarks/misc/nonatomic_inc_cas_prop1_000.yml,225c66d33656825d1e10b5604f7bb2676564f6472ae0772cf55f50c8a1809998,sat_validated
chc-comp-2026/rust-horn/lists-3-inc-some-safe_000.smt2,86a998074e37962295e8b710cdaee5a91d88eff62aa3bca36ed2e625b0a227f2,chc-comp-2026,ADT-LIA,family-balanced 1500-input expansion,chc-comp26-benchmarks-main.zip,912aa7b44471c9e1ed49ba0c2c034dcafa4300a821edaf3bf016618fd0e99b25,https://github.com/chc-comp/chc-comp26-benchmarks,b4fa7a708e5863bbcdb5de50d692ead3a67cbedc,rust-horn/lists-3-inc-some-safe_000.smt2,chc-comp-2026/rust-horn/lists-3-inc-some-safe_000.yml,f311901d6ca80572cafc210418865a5a28bbaf7b847e44092763395392277a96,sat
chc-comp-2026/solidity/unit_tests/special/msg_value_4.sol_1_000.smt2,cf15b3022975c751714b3b1285b138ba4ab1a9b38bb3c50937144e96fcec3b90,chc-comp-2026,ADT-LIA-Arrays,family-balanced 1500-input expansion,chc-comp26-benchmarks-main.zip,912aa7b44471c9e1ed49ba0c2c034dcafa4300a821edaf3bf016618fd0e99b25,https://github.com/chc-comp/chc-comp26-benchmarks,b4fa7a708e5863bbcdb5de50d692ead3a67cbedc,solidity/unit_tests/special/msg_value_4.sol_1_000.smt2,chc-comp-2026/solidity/unit_tests/special/msg_value_4.sol_1_000.yml,ffd9a198482f2962c5b6e8efb85edcbd11765476f8a84ffafa8868d207d2b558,unsat
chc-comp-2026/kind2-chc-benchmarks/data/_6counter2_000.smt2,9737ae7e0151f5abc51ee15f7eba642fd4b5afe701a905aeb677c610ae4f8c84,chc-comp-2026,BOOL,family-balanced 1500-input expansion,chc-comp26-benchmarks-main.zip,912aa7b44471c9e1ed49ba0c2c034dcafa4300a821edaf3bf016618fd0e99b25,https://github.com/chc-comp/chc-comp26-benchmarks,b4fa7a708e5863bbcdb5de50d692ead3a67cbedc,kind2-chc-benchmarks/data/_6counter2_000.smt2,chc-comp-2026/kind2-chc-benchmarks/data/_6counter2_000_000.yml,34cfeb01c59a7b1ca03d32848ce323596f9924420fc0d926f324c13511f2f6c4,
chc-comp-2026/eldarica-misc/BV/reve/017b-bv_000.smt2,e518d8ea4905e718fcf799665fd526503347c8d325361159cd59c725edd90e37,chc-comp-2026,BV-Lin,family-balanced 1500-input expansion,chc-comp26-benchmarks-main.zip,912aa7b44471c9e1ed49ba0c2c034dcafa4300a821edaf3bf016618fd0e99b25,https://github.com/chc-comp/chc-comp26-benchmarks,b4fa7a708e5863bbcdb5de50d692ead3a67cbedc,eldarica-misc/BV/reve/017b-bv_000.smt2,chc-comp-2026/eldarica-misc/BV/reve/017b-bv_000.yml,265c683c7b77de5f996d83d981d2a52fba11c9c06a7cfa9611e04e5af08caa04,unsat
chc-comp-2026/llreve-bench/smt2/quant/clausified-no-arrays/heap__propagate_000.smt2,bb8670d589396c4c5de62ddbe37d3e082f2fe322635eb5d5715e3f8c09df13dd,chc-comp-2026,LIA,family-balanced 1500-input expansion,chc-comp26-benchmarks-main.zip,912aa7b44471c9e1ed49ba0c2c034dcafa4300a821edaf3bf016618fd0e99b25,https://github.com/chc-comp/chc-comp26-benchmarks,b4fa7a708e5863bbcdb5de50d692ead3a67cbedc,llreve-bench/smt2/quant/clausified-no-arrays/heap__propagate_000.smt2,chc-comp-2026/llreve-bench/smt2/quant/clausified-no-arrays/heap__propagate_000_001.yml,9c9ab010945f9d65af280de4110042b19fc0c8d85ef70fa8baaf64dd458ee29a,sat_validated
chc-comp-2026/hcai-bench/svcomp/O0/O0_trex02_true-unreach-call_true-termination_000.smt2,109de7dfcf0dd68cda6fa02ae56a024c0473507bdc21bbea6c3a14542bcb6c8a,chc-comp-2026,LIA-Arrays,family-balanced 1500-input expansion,chc-comp26-benchmarks-main.zip,912aa7b44471c9e1ed49ba0c2c034dcafa4300a821edaf3bf016618fd0e99b25,https://github.com/chc-comp/chc-comp26-benchmarks,b4fa7a708e5863bbcdb5de50d692ead3a67cbedc,hcai-bench/svcomp/O0/O0_trex02_true-unreach-call_true-termination_000.smt2,chc-comp-2026/hcai-bench/svcomp/O0/O0_trex02_true-unreach-call_true-termination_000.yml,8eb57e59d0cce05f733a3e820a87dc898b1d9302b3ed5fe0bbb5584f54acb0b0,sat_validated
chc-comp-2026/eldarica-misc/LIA/llreve/while-if_safe.c-1_000.smt2,fee87b59d7d9a2126f1ec0d0aea0f775a970e298b4dc12f66d76a07d1618d740,chc-comp-2026,LIA-Lin,family-balanced 1500-input expansion,chc-comp26-benchmarks-main.zip,912aa7b44471c9e1ed49ba0c2c034dcafa4300a821edaf3bf016618fd0e99b25,https://github.com/chc-comp/chc-comp26-benchmarks,b4fa7a708e5863bbcdb5de50d692ead3a67cbedc,eldarica-misc/LIA/llreve/while-if_safe.c-1_000.smt2,chc-comp-2026/eldarica-misc/LIA/llreve/while-if_safe.c-1_000.yml,1ea533be2577115c99074422393d29693bb95cf504c35076ce0918f194ae22ed,unsat
chc-comp-2026/llreve-bench/muz/coreutils__remove_000.smt2,9d4eaba33cc5805c038d89810241d96dd9b79c3b682c4c57e8b97ea5e893e828,chc-comp-2026,LIA-Lin-Arrays,family-balanced 1500-input expansion,chc-comp26-benchmarks-main.zip,912aa7b44471c9e1ed49ba0c2c034dcafa4300a821edaf3bf016618fd0e99b25,https://github.com/chc-comp/chc-comp26-benchmarks,b4fa7a708e5863bbcdb5de50d692ead3a67cbedc,llreve-bench/muz/coreutils__remove_000.smt2,chc-comp-2026/llreve-bench/muz/coreutils__remove_000_000.yml,dc0f1c95adbcc22ec32237e5154758786731a7a610609b46db8a4f75d691c346,unsat
chc-comp-2026/sally-chc-benchmarks/oral_messages/om1_with_relays_general_3_3_validity_000.smt2,c606091325f2ede916afb63d206d795cac96cf90a4602e180af043f93afeb958,chc-comp-2026,LRA-Lin,family-balanced 1500-input expansion,chc-comp26-benchmarks-main.zip,912aa7b44471c9e1ed49ba0c2c034dcafa4300a821edaf3bf016618fd0e99b25,https://github.com/chc-comp/chc-comp26-benchmarks,b4fa7a708e5863bbcdb5de50d692ead3a67cbedc,sally-chc-benchmarks/oral_messages/om1_with_relays_general_3_3_validity_000.smt2,chc-comp-2026/sally-chc-benchmarks/oral_messages/om1_with_relays_general_3_3_validity_000.yml,f0f0c54c6028d96af8803deb53414565adb2f0dced938e035d107cfa4f8848db,sat_validated
chc-comp-2026/adt-purified-benchmarks/list_len_butlast.Z3.0_000.smt2,7405274c9db2458b350a0c2cf2777322254f4e11ad2a12d2ed09e167571cf83b,chc-comp-2026,ADT-LIA,family-balanced 1500-input expansion,chc-comp26-benchmarks-main.zip,912aa7b44471c9e1ed49ba0c2c034dcafa4300a821edaf3bf016618fd0e99b25,https://github.com/chc-comp/chc-comp26-benchmarks,b4fa7a708e5863bbcdb5de50d692ead3a67cbedc,adt-purified-benchmarks/list_len_butlast.Z3.0_000.smt2,chc-comp-2026/adt-purified-benchmarks/list_len_butlast.Z3.0_000.yml,3934af966bf1d1623ffe384691c1d4eb8b7e8811dda082c7be2bbd049020e5d7,sat
chc-comp-2026/tricera-adt-arr/adt-arr/sll2c_remove_all.i-valid-deref_000.smt2,47b92575cb1f39283b69a6cb1ddfea178c07fb018f2ddc97449b59e2aaea99d9,chc-comp-2026,ADT-LIA-Arrays,family-balanced 1500-input expansion,chc-comp26-benchmarks-main.zip,912aa7b44471c9e1ed49ba0c2c034dcafa4300a821edaf3bf016618fd0e99b25,https://github.com/chc-comp/chc-comp26-benchmarks,b4fa7a708e5863bbcdb5de50d692ead3a67cbedc,tricera-adt-arr/adt-arr/sll2c_remove_all.i-valid-deref_000.smt2,chc-comp-2026/tricera-adt-arr/adt-arr/sll2c_remove_all.i-valid-deref_000.yml,d061ac170a753c8cd4d40e75085825c1ba654a1b46b61f3ab8ff027109a8e63b,sat_validated
chc-comp-2026/vmt-chc-benchmarks/lustre/tramway_000.smt2,b1fbd8bda4b7b43430607e55809bf115e7e34ebfbf9615153885526bc9c9341a,chc-comp-2026,BOOL,family-balanced 1500-input expansion,chc-comp26-benchmarks-main.zip,912aa7b44471c9e1ed49ba0c2c034dcafa4300a821edaf3bf016618fd0e99b25,https://github.com/chc-comp/chc-comp26-benchmarks,b4fa7a708e5863bbcdb5de50d692ead3a67cbedc,vmt-chc-benchmarks/lustre/tramway_000.smt2,chc-comp-2026/vmt-chc-benchmarks/lustre/tramway_000_001.yml,6faca59531ee0d41a8be74b551844bd84534d484e70ced37f7329239d9c33bd5,
chc-comp-2026/vmt-chc-benchmarks/bv/num_conversion_2_safe.c_000.smt2,c9458841e93cc0da168f9acfd3ca23d1be70caa85939ec34912df1718c2a9cba,chc-comp-2026,BV-Lin,family-balanced 1500-input expansion,chc-comp26-benchmarks-main.zip,912aa7b44471c9e1ed49ba0c2c034dcafa4300a821edaf3bf016618fd0e99b25,https://github.com/chc-comp/chc-comp26-benchmarks,b4fa7a708e5863bbcdb5de50d692ead3a67cbedc,vmt-chc-benchmarks/bv/num_conversion_2_safe.c_000.smt2,chc-comp-2026/vmt-chc-benchmarks/bv/num_conversion_2_safe.c_000.yml,1c7f2306a76c274400ebdaa54bd57a0bc08da5a5215b568783077594640d9dcb,sat_validated
chc-comp-2026/rust-horn/bmc-4-test-bmc-diamond-1-unsafe_000.smt2,71d57a38ddd5e0ad25fbd73093d99b528910816d51b95a99a2d35589fa52a257,chc-comp-2026,LIA,family-balanced 1500-input expansion,chc-comp26-benchmarks-main.zip,912aa7b44471c9e1ed49ba0c2c034dcafa4300a821edaf3bf016618fd0e99b25,https://github.com/chc-comp/chc-comp26-benchmarks,b4fa7a708e5863bbcdb5de50d692ead3a67cbedc,rust-horn/bmc-4-test-bmc-diamond-1-unsafe_000.smt2,chc-comp-2026/rust-horn/bmc-4-test-bmc-diamond-1-unsafe_000.yml,5390c0fc66954071c1d79fed4c2a38e2d4e163509c85dc4f06fe4550825e5c85,unsat
chc-comp-2026/hcai-bench/svcomp/O3/O3_recHanoi01_true-unreach-call_true-no-overflow_true-termination_000.smt2,74f3f082480167d31c9c24b6bd3c2f5aa039eab30f1c879d1e6e85ea459adf65,chc-comp-2026,LIA-Arrays,family-balanced 1500-input expansion,chc-comp26-benchmarks-main.zip,912aa7b44471c9e1ed49ba0c2c034dcafa4300a821edaf3bf016618fd0e99b25,https://github.com/chc-comp/chc-comp26-benchmarks,b4fa7a708e5863bbcdb5de50d692ead3a67cbedc,hcai-bench/svcomp/O3/O3_recHanoi01_true-unreach-call_true-no-overflow_true-termination_000.smt2,chc-comp-2026/hcai-bench/svcomp/O3/O3_recHanoi01_true-unreach-call_true-no-overflow_true-termination_000.yml,94775006a77dd9681b2cba470dd0dc5135138d291542d373c0691a79daa86ac3,
chc-comp-2026/hopv/lia/mochi/map_000.smt2,c457aa1a9ec9a2e70b7bafac116743d7ca879a14726503c773d0e111e047275f,chc-comp-2026,LIA-Lin,family-balanced 1500-input expansion,chc-comp26-benchmarks-main.zip,912aa7b44471c9e1ed49ba0c2c034dcafa4300a821edaf3bf016618fd0e99b25,https://github.com/chc-comp/chc-comp26-benchmarks,b4fa7a708e5863bbcdb5de50d692ead3a67cbedc,hopv/lia/mochi/map_000.smt2,chc-comp-2026/hopv/lia/mochi/map_000.yml,8a7a11e3689b80d4b17beb195993daef7caf1b1f708eeb89aa3effc164e3053d,sat_validated
chc-comp-2026/hcai-bench/svcomp/O3/O3_trex02_true-unreach-call_true-termination_000.smt2,9bc0d991511225025fd153fe25065e0ead5ab2e259bae795a93a6b43bdc061fb,chc-comp-2026,LIA-Lin-Arrays,family-balanced 1500-input expansion,chc-comp26-benchmarks-main.zip,912aa7b44471c9e1ed49ba0c2c034dcafa4300a821edaf3bf016618fd0e99b25,https://github.com/chc-comp/chc-comp26-benchmarks,b4fa7a708e5863bbcdb5de50d692ead3a67cbedc,hcai-bench/svcomp/O3/O3_trex02_true-unreach-call_true-termination_000.smt2,chc-comp-2026/hcai-bench/svcomp/O3/O3_trex02_true-unreach-call_true-termination_000.yml,74c93b9d924731c7339fdf356a48eab2ecf6b34138b2758d5e8b6864cdc8da28,sat_validated
chc-comp-2026/sally-chc-benchmarks/oral_messages/om1_with_relays_general_3_3_agreement_000.smt2,34a1db586e01828e1c446d0472545d2fd11a45bf81d7f7b8eaf2b888c01869f5,chc-comp-2026,LRA-Lin,family-balanced 1500-input expansion,chc-comp26-benchmarks-main.zip,912aa7b44471c9e1ed49ba0c2c034dcafa4300a821edaf3bf016618fd0e99b25,https://github.com/chc-comp/chc-comp26-benchmarks,b4fa7a708e5863bbcdb5de50d692ead3a67cbedc,sally-chc-benchmarks/oral_messages/om1_with_relays_general_3_3_agreement_000.smt2,chc-comp-2026/sally-chc-benchmarks/oral_messages/om1_with_relays_general_3_3_agreement_000.yml,5430455d50677291df80a580dd68f25b85862e36e414bb20e46efcf61292d6d9,sat_validated
chc-comp-2026/tip-adt-lia/tip2015_sort_NMSortTDSorts_000.smt2,c054353544f5a04809817c91bbd348c6ad639931c595d61c6c0b987dc6725c27,chc-comp-2026,ADT-LIA,family-balanced 1500-input expansion,chc-comp26-benchmarks-main.zip,912aa7b44471c9e1ed49ba0c2c034dcafa4300a821edaf3bf016618fd0e99b25,https://github.com/chc-comp/chc-comp26-benchmarks,b4fa7a708e5863bbcdb5de50d692ead3a67cbedc,tip-adt-lia/tip2015_sort_NMSortTDSorts_000.smt2,chc-comp-2026/tip-adt-lia/tip2015_sort_NMSortTDSorts_000.yml,f015f9f9e474fa70884a65ae5145841f7cd231faf2e0ee91586104dbaca8369a,sat_validated
chc-comp-2026/solidity/unit_tests/types/contract_2.sol_0_000.smt2,4bb8d197da3dbf7d81941ef24b19c30fc7c67dfcf817ebbc25e6ae5daf57c09a,chc-comp-2026,ADT-LIA-Arrays,family-balanced 1500-input expansion,chc-comp26-benchmarks-main.zip,912aa7b44471c9e1ed49ba0c2c034dcafa4300a821edaf3bf016618fd0e99b25,https://github.com/chc-comp/chc-comp26-benchmarks,b4fa7a708e5863bbcdb5de50d692ead3a67cbedc,solidity/unit_tests/types/contract_2.sol_0_000.smt2,chc-comp-2026/solidity/unit_tests/types/contract_2.sol_0_000.yml,3ede2accbe19bbd3732cf4f30cce00c59bcbe55126664946c17038dd0849c64c,unsat
chc-comp-2026/kind2-chc-benchmarks/data/production_cell_e7_207_e7_41_000.smt2,574c977d76a892936065078c80cd03c8bf8277c89c14f3fba7b5c50a799bea79,chc-comp-2026,BOOL,family-balanced 1500-input expansion,chc-comp26-benchmarks-main.zip,912aa7b44471c9e1ed49ba0c2c034dcafa4300a821edaf3bf016618fd0e99b25,https://github.com/chc-comp/chc-comp26-benchmarks,b4fa7a708e5863bbcdb5de50d692ead3a67cbedc,kind2-chc-benchmarks/data/production_cell_e7_207_e7_41_000.smt2,chc-comp-2026/kind2-chc-benchmarks/data/production_cell_e7_207_e7_41_000_000.yml,7e4a452e4028d1c74cdf7ff9098174b5572a8dbd1af14df5465dae121285c07b,
chc-comp-2026/eldarica-misc/BV/reve/011d-bv_000.smt2,e43c2f80dc78585fd520b010cf773c303a109ea255d604a8895b8a89edbf7b21,chc-comp-2026,BV-Lin,family-balanced 1500-input expansion,chc-comp26-benchmarks-main.zip,912aa7b44471c9e1ed49ba0c2c034dcafa4300a821edaf3bf016618fd0e99b25,https://github.com/chc-comp/chc-comp26-benchmarks,b4fa7a708e5863bbcdb5de50d692ead3a67cbedc,eldarica-misc/BV/reve/011d-bv_000.smt2,chc-comp-2026/eldarica-misc/BV/reve/011d-bv_000.yml,adde01aaad5e0d030816eb8fa37e3b82a4caf90d9267d101191e485d3ef26370,unsat
chc-comp-2026/eldarica-misc/LIA/reve/022d-horn_000.smt2,16df9f3ea4c2f49bb34dc0ab8ab2d198aa0f86717d4c332b1ccb1c89125de4c5,chc-comp-2026,LIA,family-balanced 1500-input expansion,chc-comp26-benchmarks-main.zip,912aa7b44471c9e1ed49ba0c2c034dcafa4300a821edaf3bf016618fd0e99b25,https://github.com/chc-comp/chc-comp26-benchmarks,b4fa7a708e5863bbcdb5de50d692ead3a67cbedc,eldarica-misc/LIA/reve/022d-horn_000.smt2,chc-comp-2026/eldarica-misc/LIA/reve/022d-horn_000.yml,d51897251b9ac6883664bd17206c5f3f1b1744c293db6d4e6544d6a725e0d733,unsat
chc-comp-2026/hcai-bench/svcomp/O0/O0_trex02_false-unreach-call_true-termination_000.smt2,3c4a2669426e038356a140650719eb6615318895be5f73ef21f0f636362d6503,chc-comp-2026,LIA-Arrays,family-balanced 1500-input expansion,chc-comp26-benchmarks-main.zip,912aa7b44471c9e1ed49ba0c2c034dcafa4300a821edaf3bf016618fd0e99b25,https://github.com/chc-comp/chc-comp26-benchmarks,b4fa7a708e5863bbcdb5de50d692ead3a67cbedc,hcai-bench/svcomp/O0/O0_trex02_false-unreach-call_true-termination_000.smt2,chc-comp-2026/hcai-bench/svcomp/O0/O0_trex02_false-unreach-call_true-termination_000.yml,eec8c87c3c88e65dfe8321b1a1c38e55741e0b90e69f388b1c673e88ddb8cb53,unsat
chc-comp-2026/extra-small-lia/s_multipl_09_000.smt2,72eeb36186f0f1a982b3bfc9970bf0b1045e3b5d959c2777379d09f9e3033778,chc-comp-2026,LIA-Lin,family-balanced 1500-input expansion,chc-comp26-benchmarks-main.zip,912aa7b44471c9e1ed49ba0c2c034dcafa4300a821edaf3bf016618fd0e99b25,https://github.com/chc-comp/chc-comp26-benchmarks,b4fa7a708e5863bbcdb5de50d692ead3a67cbedc,extra-small-lia/s_multipl_09_000.smt2,chc-comp-2026/extra-small-lia/s_multipl_09_000.yml,c8d10649b518a14621f11c863f3fbe73377d4a57bc147dcec2ab8ca8a146f32b,sat
chc-comp-2026/quic3/data/standard_init3_true-unreach-call_ground_000.smt2,ae854d17fea88703f67fa1f4c616a8dfd2f21f88419737c13cd80bf04efccd9b,chc-comp-2026,LIA-Lin-Arrays,family-balanced 1500-input expansion,chc-comp26-benchmarks-main.zip,912aa7b44471c9e1ed49ba0c2c034dcafa4300a821edaf3bf016618fd0e99b25,https://github.com/chc-comp/chc-comp26-benchmarks,b4fa7a708e5863bbcdb5de50d692ead3a67cbedc,quic3/data/standard_init3_true-unreach-call_ground_000.smt2,chc-comp-2026/quic3/data/standard_init3_true-unreach-call_ground_000.yml,31fbbfd4e010e1c28262d925e7b660c35099c4e09905541d1a0750852378e544,
chc-comp-2026/sally-chc-benchmarks/oral_messages/om1_with_relays_general_4_4_agreement_000.smt2,b099891191e8c141a560b2449681de626e8ac65f7490692135296924d119f026,chc-comp-2026,LRA-Lin,family-balanced 1500-input expansion,chc-comp26-benchmarks-main.zip,912aa7b44471c9e1ed49ba0c2c034dcafa4300a821edaf3bf016618fd0e99b25,https://github.com/chc-comp/chc-comp26-benchmarks,b4fa7a708e5863bbcdb5de50d692ead3a67cbedc,sally-chc-benchmarks/oral_messages/om1_with_relays_general_4_4_agreement_000.smt2,chc-comp-2026/sally-chc-benchmarks/oral_messages/om1_with_relays_general_4_4_agreement_000.yml,51fe602c9929541bd1341184d4fe52f4a57405ed0f3b962aeac12ef841bf15ad,sat_validated
chc-comp-2026/ADTRem/clam/goal77_000.smt2,e72061ebaad9c29bb9c3fac13dceae13f1eba8b687094c43f2dfc06eef0de3a3,chc-comp-2026,ADT-LIA,family-balanced 1500-input expansion,chc-comp26-benchmarks-main.zip,912aa7b44471c9e1ed49ba0c2c034dcafa4300a821edaf3bf016618fd0e99b25,https://github.com/chc-comp/chc-comp26-benchmarks,b4fa7a708e5863bbcdb5de50d692ead3a67cbedc,ADTRem/clam/goal77_000.smt2,chc-comp-2026/ADTRem/clam/goal77_000_000.yml,c687366cfa393ca57992fadf1acfb16e776f69195205cdff286104b0670c0bac,sat_validated
chc-comp-2026/tricera-adt-arr/adt-arr/list_flag-2.i-valid-deref_000.smt2,b81267d14b311d0e54d196aabf09f214784590c5b52ee438b766b3e117adad04,chc-comp-2026,ADT-LIA-Arrays,family-balanced 1500-input expansion,chc-comp26-benchmarks-main.zip,912aa7b44471c9e1ed49ba0c2c034dcafa4300a821edaf3bf016618fd0e99b25,https://github.com/chc-comp/chc-comp26-benchmarks,b4fa7a708e5863bbcdb5de50d692ead3a67cbedc,tricera-adt-arr/adt-arr/list_flag-2.i-valid-deref_000.smt2,chc-comp-2026/tricera-adt-arr/adt-arr/list_flag-2.i-valid-deref_000.yml,8ab4cb8da32c9624a7c783b772514d91de92f8c4dd5200831323c9bb3fb06eee,
chc-comp-2026/vmt-chc-benchmarks/lustre/stalmark_e8_48_000.smt2,5821b6ffc3f8041f401deb6d575e534d4fcbb991e072f9bbe21ffe523aab9001,chc-comp-2026,BOOL,family-balanced 1500-input expansion,chc-comp26-benchmarks-main.zip,912aa7b44471c9e1ed49ba0c2c034dcafa4300a821edaf3bf016618fd0e99b25,https://github.com/chc-comp/chc-comp26-benchmarks,b4fa7a708e5863bbcdb5de50d692ead3a67cbedc,vmt-chc-benchmarks/lustre/stalmark_e8_48_000.smt2,chc-comp-2026/vmt-chc-benchmarks/lustre/stalmark_e8_48_000_001.yml,37c1682a3bdd9c7114b4c5ce5a8fd26987f8bc1e905763a87bc095f9a9f2891b,
chc-comp-2026/vmt-chc-benchmarks/bv/nest-if5.c_000.smt2,540b399e82d0b5f65e247af60877a39d6fe797cc9452d5e62f101edeb4787454,chc-comp-2026,BV-Lin,family-balanced 1500-input expansion,chc-comp26-benchmarks-main.zip,912aa7b44471c9e1ed49ba0c2c034dcafa4300a821edaf3bf016618fd0e99b25,https://github.com/chc-comp/chc-comp26-benchmarks,b4fa7a708e5863bbcdb5de50d692ead3a67cbedc,vmt-chc-benchmarks/bv/nest-if5.c_000.smt2,chc-comp-2026/vmt-chc-benchmarks/bv/nest-if5.c_000_000.yml,2f41d88e23eea27ee79d41e76ea01db1397b709f41cd8a3e193a12b8a97fd24a,sat_validated
chc-comp-2026/ultimate/LIA-NonLin/05_tas_simplified_000.smt2,7d793f52906594f320341c8ab69cbe278487173a3f60fd1329cb3970df87cbf8,chc-comp-2026,LIA,family-balanced 1500-input expansion,chc-comp26-benchmarks-main.zip,912aa7b44471c9e1ed49ba0c2c034dcafa4300a821edaf3bf016618fd0e99b25,https://github.com/chc-comp/chc-comp26-benchmarks,b4fa7a708e5863bbcdb5de50d692ead3a67cbedc,ultimate/LIA-NonLin/05_tas_simplified_000.smt2,chc-comp-2026/ultimate/LIA-NonLin/05_tas_simplified_000_000.yml,09884bd77fc5d7ec738b6cad092e9010daa5412f3582ebbfb1db652416b7d165,sat_validated
chc-comp-2026/hcai-bench/svcomp/O0/O0_while_infinite_loop_4_false-unreach-call_true-termination_000.smt2,7246c852b0ae85615eb87dc31fb47cde88a1c8d96189d296b6a01ed5f819da5c,chc-comp-2026,LIA-Arrays,family-balanced 1500-input expansion,chc-comp26-benchmarks-main.zip,912aa7b44471c9e1ed49ba0c2c034dcafa4300a821edaf3bf016618fd0e99b25,https://github.com/chc-comp/chc-comp26-benchmarks,b4fa7a708e5863bbcdb5de50d692ead3a67cbedc,hcai-bench/svcomp/O0/O0_while_infinite_loop_4_false-unreach-call_true-termination_000.smt2,chc-comp-2026/hcai-bench/svcomp/O0/O0_while_infinite_loop_4_false-unreach-call_true-termination_000.yml,fdedef947190f49e56489dd6836d3e1da08891c23b3377251b6bde87b1f8c788,unsat
chc-comp-2026/aeval-benchmarks/multi-phase/s_split_11_000.smt2,16022feb1282fa06a47a9dbc63803a37c1d35cfbea01a8131b1730836a637e77,chc-comp-2026,LIA-Lin,family-balanced 1500-input expansion,chc-comp26-benchmarks-main.zip,912aa7b44471c9e1ed49ba0c2c034dcafa4300a821edaf3bf016618fd0e99b25,https://github.com/chc-comp/chc-comp26-benchmarks,b4fa7a708e5863bbcdb5de50d692ead3a67cbedc,aeval-benchmarks/multi-phase/s_split_11_000.smt2,chc-comp-2026/aeval-benchmarks/multi-phase/s_split_11_000_000.yml,ca1f5d87abb0ab7c7e6862dcf72e6d4bd60fc589c01c6323cdee6d2255614849,sat
chc-comp-2026/llreve-bench/muz/heap__clearstr_000.smt2,aa618540f3dc43617ac94c0069bda124232a20498cee72695533746038ad6476,chc-comp-2026,LIA-Lin-Arrays,family-balanced 1500-input expansion,chc-comp26-benchmarks-main.zip,912aa7b44471c9e1ed49ba0c2c034dcafa4300a821edaf3bf016618fd0e99b25,https://github.com/chc-comp/chc-comp26-benchmarks,b4fa7a708e5863bbcdb5de50d692ead3a67cbedc,llreve-bench/muz/heap__clearstr_000.smt2,chc-comp-2026/llreve-bench/muz/heap__clearstr_000_000.yml,89ad9a8d07453c2378409d92a3a3a812b9aab13b99d98876b91d6628f6529661,sat_validated
chc-comp-2026/sally-chc-benchmarks/oral_messages/om1_with_relays_general_4_3_agreement_000.smt2,b020e8e1f4e63a5148d41fd3f23e14a50bc6097c0e964f65793ef5aecf00642e,chc-comp-2026,LRA-Lin,family-balanced 1500-input expansion,chc-comp26-benchmarks-main.zip,912aa7b44471c9e1ed49ba0c2c034dcafa4300a821edaf3bf016618fd0e99b25,https://github.com/chc-comp/chc-comp26-benchmarks,b4fa7a708e5863bbcdb5de50d692ead3a67cbedc,sally-chc-benchmarks/oral_messages/om1_with_relays_general_4_3_agreement_000.smt2,chc-comp-2026/sally-chc-benchmarks/oral_messages/om1_with_relays_general_4_3_agreement_000.yml,9740bfb41292f3519f2dfe838f67d46eb07689ec144a441bc0828d807a8a5e95,sat_validated
chc-comp-2026/ringen-adt-benchmarks/tip2015/weird_nat_mul3_rrot_000.smt2,355594819a3a879927afdd5ef5849e24d403d9cb1754dadff7e1cf857d353cb8,chc-comp-2026,ADT-LIA,family-balanced 1500-input expansion,chc-comp26-benchmarks-main.zip,912aa7b44471c9e1ed49ba0c2c034dcafa4300a821edaf3bf016618fd0e99b25,https://github.com/chc-comp/chc-comp26-benchmarks,b4fa7a708e5863bbcdb5de50d692ead3a67cbedc,ringen-adt-benchmarks/tip2015/weird_nat_mul3_rrot_000.smt2,chc-comp-2026/ringen-adt-benchmarks/tip2015/weird_nat_mul3_rrot_000.yml,e3a28fb5f761555ecca0b7ed2d3b8213666bcc6487757f86a814367e6915f778,
chc-comp-2026/solidity/unit_tests/array_members/array_pop_length_1.sol_0_000.smt2,69a6f796307990cbcf6e55eb91972bfb45997d5ce63b2cc6ce657f61c1fa47eb,chc-comp-2026,ADT-LIA-Arrays,family-balanced 1500-input expansion,chc-comp26-benchmarks-main.zip,912aa7b44471c9e1ed49ba0c2c034dcafa4300a821edaf3bf016618fd0e99b25,https://github.com/chc-comp/chc-comp26-benchmarks,b4fa7a708e5863bbcdb5de50d692ead3a67cbedc,solidity/unit_tests/array_members/array_pop_length_1.sol_0_000.smt2,chc-comp-2026/solidity/unit_tests/array_members/array_pop_length_1.sol_0_000.yml,42737f7a71e5b2e0f800e734cad3811f94ee0e9ea91ee128f0212c5e8319d0d8,unsat
chc-comp-2026/kind2-chc-benchmarks/data/_6counter_000.smt2,16f8f0f836a80b0061e62633fc22f3c72c8f9559d34ee1665c79fda9155c14e1,chc-comp-2026,BOOL,family-balanced 1500-input expansion,chc-comp26-benchmarks-main.zip,912aa7b44471c9e1ed49ba0c2c034dcafa4300a821edaf3bf016618fd0e99b25,https://github.com/chc-comp/chc-comp26-benchmarks,b4fa7a708e5863bbcdb5de50d692ead3a67cbedc,kind2-chc-benchmarks/data/_6counter_000.smt2,chc-comp-2026/kind2-chc-benchmarks/data/_6counter_000_000.yml,09444a49e1e0b93cf8775807fb4f35e2514a9d011682e5fcc5b3b31dbe07cc33,
chc-comp-2026/eldarica-misc/BV/reve/014b-bv_000.smt2,28da72d937eaa381829781ea64509a3122e3fea55ada07f5b400cafb1816a56f,chc-comp-2026,BV-Lin,family-balanced 1500-input expansion,chc-comp26-benchmarks-main.zip,912aa7b44471c9e1ed49ba0c2c034dcafa4300a821edaf3bf016618fd0e99b25,https://github.com/chc-comp/chc-comp26-benchmarks,b4fa7a708e5863bbcdb5de50d692ead3a67cbedc,eldarica-misc/BV/reve/014b-bv_000.smt2,chc-comp-2026/eldarica-misc/BV/reve/014b-bv_000.yml,19ee36ff8cd51a31871f60d248822b04dc2e3d8a2520dbfad453bbeabbfebd56,unsat
chc-comp-2026/kind2-chc-benchmarks/data/DRAGON_3_000.smt2,915933733e62e6fc40c9346c9221e0b88c7cc0bfc638e1c81eb85808a29a4677,chc-comp-2026,LIA,family-balanced 1500-input expansion,chc-comp26-benchmarks-main.zip,912aa7b44471c9e1ed49ba0c2c034dcafa4300a821edaf3bf016618fd0e99b25,https://github.com/chc-comp/chc-comp26-benchmarks,b4fa7a708e5863bbcdb5de50d692ead3a67cbedc,kind2-chc-benchmarks/data/DRAGON_3_000.smt2,chc-comp-2026/kind2-chc-benchmarks/data/DRAGON_3_000_000.yml,b976941aec551bc4c35404a123ed5e31474534787fec5cb0d2dc4e75ebee1d4d,sat_validated
chc-comp-2026/hcai-bench/svcomp/O0/O0_ludcmp_false-unreach-call_000.smt2,76a88e9d3fd329f6778540837652b1c5c48ed9834a087c71f448a0b1b2fa1832,chc-comp-2026,LIA-Arrays,family-balanced 1500-input expansion,chc-comp26-benchmarks-main.zip,912aa7b44471c9e1ed49ba0c2c034dcafa4300a821edaf3bf016618fd0e99b25,https://github.com/chc-comp/chc-comp26-benchmarks,b4fa7a708e5863bbcdb5de50d692ead3a67cbedc,hcai-bench/svcomp/O0/O0_ludcmp_false-unreach-call_000.smt2,chc-comp-2026/hcai-bench/svcomp/O0/O0_ludcmp_false-unreach-call_000.yml,534db0aa7b291693fa5853e869384afefb3162dc36ac6a1e6f42b7e78b6f8d4f,unsat
chc-comp-2026/aeval-unsafe/s_split_31_000.smt2,2663cef1dfa53053c8664b706b38df7bf0a3a09a9faf2b943c56501c37968717,chc-comp-2026,LIA-Lin,family-balanced 1500-input expansion,chc-comp26-benchmarks-main.zip,912aa7b44471c9e1ed49ba0c2c034dcafa4300a821edaf3bf016618fd0e99b25,https://github.com/chc-comp/chc-comp26-benchmarks,b4fa7a708e5863bbcdb5de50d692ead3a67cbedc,aeval-unsafe/s_split_31_000.smt2,chc-comp-2026/aeval-unsafe/s_split_31_000_001.yml,63710c9179d619b94d2f4c3b8ea14cde34ea447ba373c63b22d5c4368ba39b7f,
chc-comp-2026/hcai-bench/svcomp/O3/O3_veris.c_sendmail__tTflag_arr_one_loop_true-unreach-call_true-termination_000.smt2,d7666e8ef9149a2ea84b19826c64d3f4eb6c149f9ed24d4bcb78c8b1db3a77e7,chc-comp-2026,LIA-Lin-Arrays,family-balanced 1500-input expansion,chc-comp26-benchmarks-main.zip,912aa7b44471c9e1ed49ba0c2c034dcafa4300a821edaf3bf016618fd0e99b25,https://github.com/chc-comp/chc-comp26-benchmarks,b4fa7a708e5863bbcdb5de50d692ead3a67cbedc,hcai-bench/svcomp/O3/O3_veris.c_sendmail__tTflag_arr_one_loop_true-unreach-call_true-termination_000.smt2,chc-comp-2026/hcai-bench/svcomp/O3/O3_veris.c_sendmail__tTflag_arr_one_loop_true-unreach-call_true-termination_000.yml,3bed04ab57af694372ca03b5260907cfc6ec09c9393c5fc73be9bb54fdc19d5d,sat_validated
chc-comp-2026/sally-chc-benchmarks/misc/fourslot_000.smt2,a3d2afcee999972331b4ab56683996cc4acb9e1660f4f80657686acd25463f56,chc-comp-2026,LRA-Lin,family-balanced 1500-input expansion,chc-comp26-benchmarks-main.zip,912aa7b44471c9e1ed49ba0c2c034dcafa4300a821edaf3bf016618fd0e99b25,https://github.com/chc-comp/chc-comp26-benchmarks,b4fa7a708e5863bbcdb5de50d692ead3a67cbedc,sally-chc-benchmarks/misc/fourslot_000.smt2,chc-comp-2026/sally-chc-benchmarks/misc/fourslot_000.yml,4d8712dc8b728cd9dd00f9b78071e3b8db209d8f9d47099f7fc154dc069d20ac,sat_validated
chc-comp-2026/rust-horn/swap2-dec-2-base3-unsafe_000.smt2,63ef7d2e0087d9fb1994864c24ea587c2e69b215904dba68cf7fa56c8352e84c,chc-comp-2026,ADT-LIA,family-balanced 1500-input expansion,chc-comp26-benchmarks-main.zip,912aa7b44471c9e1ed49ba0c2c034dcafa4300a821edaf3bf016618fd0e99b25,https://github.com/chc-comp/chc-comp26-benchmarks,b4fa7a708e5863bbcdb5de50d692ead3a67cbedc,rust-horn/swap2-dec-2-base3-unsafe_000.smt2,chc-comp-2026/rust-horn/swap2-dec-2-base3-unsafe_000.yml,f131a54d3646b10c84b3ab6bf8996671b25a5f28c5ea1915925b58278b7a8d68,unsat
chc-comp-2026/tricera-adt-arr/adt-arr/alternating_list-1.i-valid-deref_000.smt2,c5de8d257516b6ce00319b55922593ce7cd746c0f753c34cafcd366d15d0b894,chc-comp-2026,ADT-LIA-Arrays,family-balanced 1500-input expansion,chc-comp26-benchmarks-main.zip,912aa7b44471c9e1ed49ba0c2c034dcafa4300a821edaf3bf016618fd0e99b25,https://github.com/chc-comp/chc-comp26-benchmarks,b4fa7a708e5863bbcdb5de50d692ead3a67cbedc,tricera-adt-arr/adt-arr/alternating_list-1.i-valid-deref_000.smt2,chc-comp-2026/tricera-adt-arr/adt-arr/alternating_list-1.i-valid-deref_000.yml,d7003107bf309cfd8bc92946d3def932856256106b0ec43ad9429dc9b46c068c,
chc-comp-2026/vmt-chc-benchmarks/lustre/_6counter_000.smt2,130e13d4abf485f1fbeea27da31b5acef6b5a7757fac901bacabd6da30cd1a86,chc-comp-2026,BOOL,family-balanced 1500-input expansion,chc-comp26-benchmarks-main.zip,912aa7b44471c9e1ed49ba0c2c034dcafa4300a821edaf3bf016618fd0e99b25,https://github.com/chc-comp/chc-comp26-benchmarks,b4fa7a708e5863bbcdb5de50d692ead3a67cbedc,vmt-chc-benchmarks/lustre/_6counter_000.smt2,chc-comp-2026/vmt-chc-benchmarks/lustre/_6counter_000_001.yml,09444a49e1e0b93cf8775807fb4f35e2514a9d011682e5fcc5b3b31dbe07cc33,
chc-comp-2026/vmt-chc-benchmarks/bv/jain_7_safe.c_000.smt2,c079d3001c0b0f4a8397c9469f9e24c56c1d6a29d4f18c09eacae171692666f7,chc-comp-2026,BV-Lin,family-balanced 1500-input expansion,chc-comp26-benchmarks-main.zip,912aa7b44471c9e1ed49ba0c2c034dcafa4300a821edaf3bf016618fd0e99b25,https://github.com/chc-comp/chc-comp26-benchmarks,b4fa7a708e5863bbcdb5de50d692ead3a67cbedc,vmt-chc-benchmarks/bv/jain_7_safe.c_000.smt2,chc-comp-2026/vmt-chc-benchmarks/bv/jain_7_safe.c_000.yml,b265bec68cb90419f705e17c8d286eb0d828b5f4860d49daa447a2aa9fd11c61,sat_validated
chc-comp-2026/hcai-bench/svcomp/O0/O0_afterrec_2calls_true-unreach-call_true-termination_000.smt2,46207f9212877d23a32dde80745cd50f55dd5bc0b850234eb73b4ad49f3a3f63,chc-comp-2026,LIA,family-balanced 1500-input expansion,chc-comp26-benchmarks-main.zip,912aa7b44471c9e1ed49ba0c2c034dcafa4300a821edaf3bf016618fd0e99b25,https://github.com/chc-comp/chc-comp26-benchmarks,b4fa7a708e5863bbcdb5de50d692ead3a67cbedc,hcai-bench/svcomp/O0/O0_afterrec_2calls_true-unreach-call_true-termination_000.smt2,chc-comp-2026/hcai-bench/svcomp/O0/O0_afterrec_2calls_true-unreach-call_true-termination_000.yml,5ec51af487418f76a5c82b7437da6226500f66295c03c0be8868274f0e6011b2,sat_validated
chc-comp-2026/hcai-bench/svcomp/O0/O0_sum01_bug02_false-unreach-call_true-termination_000.smt2,01940726b68449f4f9a69af9c5a21000b4dc787c0c9b52d997a4325edc9407dd,chc-comp-2026,LIA-Lin,family-balanced 1500-input expansion,chc-comp26-benchmarks-main.zip,912aa7b44471c9e1ed49ba0c2c034dcafa4300a821edaf3bf016618fd0e99b25,https://github.com/chc-comp/chc-comp26-benchmarks,b4fa7a708e5863bbcdb5de50d692ead3a67cbedc,hcai-bench/svcomp/O0/O0_sum01_bug02_false-unreach-call_true-termination_000.smt2,chc-comp-2026/hcai-bench/svcomp/O0/O0_sum01_bug02_false-unreach-call_true-termination_000.yml,b4d0b9d201a413a760dada1a1e3aadd5d6e3a68312ef0dd347bf02ad0a122638,unsat
chc-comp-2026/llreve-bench/muz/coreutils__md5sum_000.smt2,873ee4cd341c037acc7b97f268f8d0cf00e92ab765beb9977d6c1bf48747928a,chc-comp-2026,LIA-Lin-Arrays,family-balanced 1500-input expansion,chc-comp26-benchmarks-main.zip,912aa7b44471c9e1ed49ba0c2c034dcafa4300a821edaf3bf016618fd0e99b25,https://github.com/chc-comp/chc-comp26-benchmarks,b4fa7a708e5863bbcdb5de50d692ead3a67cbedc,llreve-bench/muz/coreutils__md5sum_000.smt2,chc-comp-2026/llreve-bench/muz/coreutils__md5sum_000_000.yml,d291ae29e42835234abba2e47b225f881d10f41b31677170064dd37dd88f813f,sat_validated
chc-comp-2026/sally-chc-benchmarks/oral_messages/om1_with_relays_general_5_3_validity_000.smt2,c2509586f0281f7f5e64562b94cc1e9c4a2ed7069d6f2f0c4eb35c409f3b9ef3,chc-comp-2026,LRA-Lin,family-balanced 1500-input expansion,chc-comp26-benchmarks-main.zip,912aa7b44471c9e1ed49ba0c2c034dcafa4300a821edaf3bf016618fd0e99b25,https://github.com/chc-comp/chc-comp26-benchmarks,b4fa7a708e5863bbcdb5de50d692ead3a67cbedc,sally-chc-benchmarks/oral_messages/om1_with_relays_general_5_3_validity_000.smt2,chc-comp-2026/sally-chc-benchmarks/oral_messages/om1_with_relays_general_5_3_validity_000.yml,90edb619181274ef6af3b16c8d6ddf5695d416bc1ddef50447f280eab589db3e,sat_validated
chc-comp-2026/adt-purified-benchmarks/2-inc-max-inc-max-00-0.Z3.0_000.smt2,f2ed7514b0b32eb20867c3133377b55cb99498319d366ff692d9715000a470fd,chc-comp-2026,ADT-LIA,family-balanced 1500-input expansion,chc-comp26-benchmarks-main.zip,912aa7b44471c9e1ed49ba0c2c034dcafa4300a821edaf3bf016618fd0e99b25,https://github.com/chc-comp/chc-comp26-benchmarks,b4fa7a708e5863bbcdb5de50d692ead3a67cbedc,adt-purified-benchmarks/2-inc-max-inc-max-00-0.Z3.0_000.smt2,chc-comp-2026/adt-purified-benchmarks/2-inc-max-inc-max-00-0.Z3.0_000.yml,7bb1b7ee951b3bd2f2c8927a9462c8667e8e04ffb4b1e19d207b5e9e12cf6cba,sat
chc-comp-2026/solidity/unit_tests/external_calls/external_reentrancy_2.sol_0_000.smt2,5b7dedb9ad4328a206da4a0199c86fc82cd3b526aa17a0f1c8157639abb70cef,chc-comp-2026,ADT-LIA-Arrays,family-balanced 1500-input expansion,chc-comp26-benchmarks-main.zip,912aa7b44471c9e1ed49ba0c2c034dcafa4300a821edaf3bf016618fd0e99b25,https://github.com/chc-comp/chc-comp26-benchmarks,b4fa7a708e5863bbcdb5de50d692ead3a67cbedc,solidity/unit_tests/external_calls/external_reentrancy_2.sol_0_000.smt2,chc-comp-2026/solidity/unit_tests/external_calls/external_reentrancy_2.sol_0_000.yml,ed25b5a035b6b12226ee2352ae86151ba126bce6dcdb1581a9ea0c860bc00b32,unsat
chc-comp-2026/vmt-chc-benchmarks/lustre/ums_e7_1700_000.smt2,413b3872e38c59297c9b38c61fc4ed9e7da3553ec62e67bb96ef814af9a7a45f,chc-comp-2026,BOOL,family-balanced 1500-input expansion,chc-comp26-benchmarks-main.zip,912aa7b44471c9e1ed49ba0c2c034dcafa4300a821edaf3bf016618fd0e99b25,https://github.com/chc-comp/chc-comp26-benchmarks,b4fa7a708e5863bbcdb5de50d692ead3a67cbedc,vmt-chc-benchmarks/lustre/ums_e7_1700_000.smt2,chc-comp-2026/vmt-chc-benchmarks/lustre/ums_e7_1700_000_001.yml,3fc2ed140e99a55b28d9889f08b6eb54cb4ad70ee315c7937e61b5956d982091,
chc-comp-2026/eldarica-misc/BV/reve/016b-horn-bv_000.smt2,eb4e38210a4003b5e3c2019678bbe9c3230cadf67a6b08e0ebcdeb54fecb1103,chc-comp-2026,BV-Lin,family-balanced 1500-input expansion,chc-comp26-benchmarks-main.zip,912aa7b44471c9e1ed49ba0c2c034dcafa4300a821edaf3bf016618fd0e99b25,https://github.com/chc-comp/chc-comp26-benchmarks,b4fa7a708e5863bbcdb5de50d692ead3a67cbedc,eldarica-misc/BV/reve/016b-horn-bv_000.smt2,chc-comp-2026/eldarica-misc/BV/reve/016b-horn-bv_000.yml,6a1ff5bcc9bb8cfe2ff4dddc4abe9e1f7cc3d042f0b551b139d36cfcfade8b15,sat
chc-comp-2026/hopv/lia/mochi/lock_000.smt2,c6279091559346fd3d026e872b1096d340db89c35ca1b2b1a0c623c15b9cf164,chc-comp-2026,LIA,family-balanced 1500-input expansion,chc-comp26-benchmarks-main.zip,912aa7b44471c9e1ed49ba0c2c034dcafa4300a821edaf3bf016618fd0e99b25,https://github.com/chc-comp/chc-comp26-benchmarks,b4fa7a708e5863bbcdb5de50d692ead3a67cbedc,hopv/lia/mochi/lock_000.smt2,chc-comp-2026/hopv/lia/mochi/lock_000.yml,5dd87d42f3e6afa2d8dfa645e393c112dbc45325456e500b335405417a4887a3,sat_validated
chc-comp-2026/llreve-bench/muz/loop__barthe2_000.smt2,1ef111d96026bc71878da2ad4deca020375577ae6c75070cf97b576dbf0b5f65,chc-comp-2026,LIA-Lin,family-balanced 1500-input expansion,chc-comp26-benchmarks-main.zip,912aa7b44471c9e1ed49ba0c2c034dcafa4300a821edaf3bf016618fd0e99b25,https://github.com/chc-comp/chc-comp26-benchmarks,b4fa7a708e5863bbcdb5de50d692ead3a67cbedc,llreve-bench/muz/loop__barthe2_000.smt2,chc-comp-2026/llreve-bench/muz/loop__barthe2_000_000.yml,3e67c9cb51b426eb9c5091b675025da9cfe64bc6e26b7b835d57bf7711d340ba,sat_validated
chc-comp-2026/quic3/data/standard_init4_true-unreach-call_ground_000.smt2,e4abcbf235929925334677e988d36c776e3a08402e81bc781379243ab54b7774,chc-comp-2026,LIA-Lin-Arrays,family-balanced 1500-input expansion,chc-comp26-benchmarks-main.zip,912aa7b44471c9e1ed49ba0c2c034dcafa4300a821edaf3bf016618fd0e99b25,https://github.com/chc-comp/chc-comp26-benchmarks,b4fa7a708e5863bbcdb5de50d692ead3a67cbedc,quic3/data/standard_init4_true-unreach-call_ground_000.smt2,chc-comp-2026/quic3/data/standard_init4_true-unreach-call_ground_000.yml,d9d51ec4c8da3dcd193e3fbe24b93ed0aa1d2cc2277d9f373575698146b253c9,
chc-comp-2026/sally-chc-benchmarks/oral_messages/om1_with_relays_agreement_faulty_process_000.smt2,5280345773a3652c14dbac341cce68f5842838517e4ead1dc544af7140851251,chc-comp-2026,LRA-Lin,family-balanced 1500-input expansion,chc-comp26-benchmarks-main.zip,912aa7b44471c9e1ed49ba0c2c034dcafa4300a821edaf3bf016618fd0e99b25,https://github.com/chc-comp/chc-comp26-benchmarks,b4fa7a708e5863bbcdb5de50d692ead3a67cbedc,sally-chc-benchmarks/oral_messages/om1_with_relays_agreement_faulty_process_000.smt2,chc-comp-2026/sally-chc-benchmarks/oral_messages/om1_with_relays_agreement_faulty_process_000.yml,7ec6a96a56cb690e7307dc8dbf660d22633945493290c47712e314249ea1d387,sat_validated
chc-comp-2026/ADTRem/clam/dunsat-goal3_000.smt2,06b99cf83f4e92a3404b71a5e22bf8f376d3ac25c23c5aed8bcb6c6e9ca56a97,chc-comp-2026,ADT-LIA,family-balanced 1500-input expansion,chc-comp26-benchmarks-main.zip,912aa7b44471c9e1ed49ba0c2c034dcafa4300a821edaf3bf016618fd0e99b25,https://github.com/chc-comp/chc-comp26-benchmarks,b4fa7a708e5863bbcdb5de50d692ead3a67cbedc,ADTRem/clam/dunsat-goal3_000.smt2,chc-comp-2026/ADTRem/clam/dunsat-goal3_000.yml,0895dd6156d5a69118072a39e18f8eb6ca3e55c0cda650fac0dad39f3872e8f4,unsat
chc-comp-2026/tricera-adt-arr/adt-arr/simple-ext_1.i-valid-deref_000.smt2,f6748bd8dd96863e6db28c8dd72d54078b2a8999a79081c383e881e67acfda74,chc-comp-2026,ADT-LIA-Arrays,family-balanced 1500-input expansion,chc-comp26-benchmarks-main.zip,912aa7b44471c9e1ed49ba0c2c034dcafa4300a821edaf3bf016618fd0e99b25,https://github.com/chc-comp/chc-comp26-benchmarks,b4fa7a708e5863bbcdb5de50d692ead3a67cbedc,tricera-adt-arr/adt-arr/simple-ext_1.i-valid-deref_000.smt2,chc-comp-2026/tricera-adt-arr/adt-arr/simple-ext_1.i-valid-deref_000.yml,0b5e500b161fc7fd0842f15ae13159df63f2d91260350b48bdbd3ee4d3165213,sat
chc-comp-2026/vmt-chc-benchmarks/lustre/tramway_e7_1834_000.smt2,b2e3604379ca568320c1e5fec66b4a4e86746fc865c3f7dc796ebaa8ef3b713d,chc-comp-2026,BOOL,family-balanced 1500-input expansion,chc-comp26-benchmarks-main.zip,912aa7b44471c9e1ed49ba0c2c034dcafa4300a821edaf3bf016618fd0e99b25,https://github.com/chc-comp/chc-comp26-benchmarks,b4fa7a708e5863bbcdb5de50d692ead3a67cbedc,vmt-chc-benchmarks/lustre/tramway_e7_1834_000.smt2,chc-comp-2026/vmt-chc-benchmarks/lustre/tramway_e7_1834_000_001.yml,fd164016ecc1af9bcd95d38c733d6410007be8be99b9621f1433633ffb774570,
chc-comp-2026/vmt-chc-benchmarks/bv/mergesort.c_000.smt2,5931d4b6bf479c169184954f38c8815b2b3cd15c7b0573d4651b93a7cb46a956,chc-comp-2026,BV-Lin,family-balanced 1500-input expansion,chc-comp26-benchmarks-main.zip,912aa7b44471c9e1ed49ba0c2c034dcafa4300a821edaf3bf016618fd0e99b25,https://github.com/chc-comp/chc-comp26-benchmarks,b4fa7a708e5863bbcdb5de50d692ead3a67cbedc,vmt-chc-benchmarks/bv/mergesort.c_000.smt2,chc-comp-2026/vmt-chc-benchmarks/bv/mergesort.c_000_000.yml,bdf8886c0f05135098f1634a1435f40dac3a1462f830ee30fe06db95d1cab4f4,sat_validated
chc-comp-2026/synthesis/nay-horn/IF_fg_guard2_000.smt2,669622d5392317bcbf2125f64e0b946f159ae22de70a6cd3d912f3639578fe3f,chc-comp-2026,LIA,family-balanced 1500-input expansion,chc-comp26-benchmarks-main.zip,912aa7b44471c9e1ed49ba0c2c034dcafa4300a821edaf3bf016618fd0e99b25,https://github.com/chc-comp/chc-comp26-benchmarks,b4fa7a708e5863bbcdb5de50d692ead3a67cbedc,synthesis/nay-horn/IF_fg_guard2_000.smt2,chc-comp-2026/synthesis/nay-horn/IF_fg_guard2_000.yml,617193375f8b024755e55a6654d91cb2059a70e31de857291002f581691f648c,sat_validated
chc-comp-2026/rust-horn/simple-4-06_loop_unsat_000.smt2,32720e4dcabf78eee5fbbffe4f11d4d9b0bd247622aa2caede942c3b79e537f4,chc-comp-2026,LIA-Lin,family-balanced 1500-input expansion,chc-comp26-benchmarks-main.zip,912aa7b44471c9e1ed49ba0c2c034dcafa4300a821edaf3bf016618fd0e99b25,https://github.com/chc-comp/chc-comp26-benchmarks,b4fa7a708e5863bbcdb5de50d692ead3a67cbedc,rust-horn/simple-4-06_loop_unsat_000.smt2,chc-comp-2026/rust-horn/simple-4-06_loop_unsat_000.yml,2146f255b7b69ef9beb45713c424c0d98247c0d589d4b826e36ca4af2cc2c08f,sat_validated
chc-comp-2026/hcai-bench/svcomp/O3/O3_linear_sea.ch_true-unreach-call_000.smt2,4f0a7260cc19cc62ce20397d696985798623e6489d0d07ce0b4e2ddd3952d542,chc-comp-2026,LIA-Lin-Arrays,family-balanced 1500-input expansion,chc-comp26-benchmarks-main.zip,912aa7b44471c9e1ed49ba0c2c034dcafa4300a821edaf3bf016618fd0e99b25,https://github.com/chc-comp/chc-comp26-benchmarks,b4fa7a708e5863bbcdb5de50d692ead3a67cbedc,hcai-bench/svcomp/O3/O3_linear_sea.ch_true-unreach-call_000.smt2,chc-comp-2026/hcai-bench/svcomp/O3/O3_linear_sea.ch_true-unreach-call_000.yml,422321c9213165938ca27e7d85c3ee539fc1c82de4b4a655771692f8a562bfaf,unsat
chc-comp-2026/ringen-adt-benchmarks/prod/prop_38_000.smt2,4528519c3fdf51ed10b8eb7ff78ecc3601b495ed952dcdb1c80719f1e408e08b,chc-comp-2026,ADT-LIA,family-balanced 1500-input expansion,chc-comp26-benchmarks-main.zip,912aa7b44471c9e1ed49ba0c2c034dcafa4300a821edaf3bf016618fd0e99b25,https://github.com/chc-comp/chc-comp26-benchmarks,b4fa7a708e5863bbcdb5de50d692ead3a67cbedc,ringen-adt-benchmarks/prod/prop_38_000.smt2,chc-comp-2026/ringen-adt-benchmarks/prod/prop_38_000_001.yml,afec30488f3e3bc2a82b53c67f02d6399a498183bbe3c5d17327ee0a2dd4ac41,
chc-comp-2026/solidity/unit_tests/blockchain_state/balance_zero_4.sol_0_000.smt2,ec33e2af57e1e630a4da22e5f0b6f07a979d26da8d16fd91a120c605badf8ac5,chc-comp-2026,ADT-LIA-Arrays,family-balanced 1500-input expansion,chc-comp26-benchmarks-main.zip,912aa7b44471c9e1ed49ba0c2c034dcafa4300a821edaf3bf016618fd0e99b25,https://github.com/chc-comp/chc-comp26-benchmarks,b4fa7a708e5863bbcdb5de50d692ead3a67cbedc,solidity/unit_tests/blockchain_state/balance_zero_4.sol_0_000.smt2,chc-comp-2026/solidity/unit_tests/blockchain_state/balance_zero_4.sol_0_000.yml,9dad1f9dd47d1302d2cd87e87ddf29f65372cfac9863435686d334a03f53485f,unsat
chc-comp-2026/vmt-chc-benchmarks/lustre/production_cell_e7_207_000.smt2,40b133e8d0f6fbe316c6161c9dc63b5b19c42631682040cb44917ca871099d06,chc-comp-2026,BOOL,family-balanced 1500-input expansion,chc-comp26-benchmarks-main.zip,912aa7b44471c9e1ed49ba0c2c034dcafa4300a821edaf3bf016618fd0e99b25,https://github.com/chc-comp/chc-comp26-benchmarks,b4fa7a708e5863bbcdb5de50d692ead3a67cbedc,vmt-chc-benchmarks/lustre/production_cell_e7_207_000.smt2,chc-comp-2026/vmt-chc-benchmarks/lustre/production_cell_e7_207_000.yml,4f09b4d9eb72f56dba25ed21763d63d4df3adbd41438bbc7ad55082c262be880,
chc-comp-2026/eldarica-misc/BV/reve/012b-bv_000.smt2,bc5422d236dc94db4f26df7db5b4f2aec3fb85c342eafa9e6729fd55aad0b79f,chc-comp-2026,BV-Lin,family-balanced 1500-input expansion,chc-comp26-benchmarks-main.zip,912aa7b44471c9e1ed49ba0c2c034dcafa4300a821edaf3bf016618fd0e99b25,https://github.com/chc-comp/chc-comp26-benchmarks,b4fa7a708e5863bbcdb5de50d692ead3a67cbedc,eldarica-misc/BV/reve/012b-bv_000.smt2,chc-comp-2026/eldarica-misc/BV/reve/012b-bv_000.yml,e7e517e52d1027debcdcbd6dc5aa503ef84407122a27eb823e16ba7db38da8c2,unsat
chc-comp-2026/llreve-bench/smt2/clausified/rec__mccarthy91_000.smt2,076eab828234cf5d85966c7d6ae4b774e955902b2acdafeb3dc8abd70eb7f8c5,chc-comp-2026,LIA,family-balanced 1500-input expansion,chc-comp26-benchmarks-main.zip,912aa7b44471c9e1ed49ba0c2c034dcafa4300a821edaf3bf016618fd0e99b25,https://github.com/chc-comp/chc-comp26-benchmarks,b4fa7a708e5863bbcdb5de50d692ead3a67cbedc,llreve-bench/smt2/clausified/rec__mccarthy91_000.smt2,chc-comp-2026/llreve-bench/smt2/clausified/rec__mccarthy91_000_001.yml,6f99ac958bccf1396ef41f46aac0964c28e5a9512b9d38d6fb017c92b5165336,sat_validated
chc-comp-2026/vmt-chc-benchmarks/lustre/durationThm_3_e7_334_e7_118_000.smt2,53f2eed0d9afc6d6e9304dc6ce3bcaef027e5df4a0d63595cdb1c7ac48d12770,chc-comp-2026,LIA-Lin,family-balanced 1500-input expansion,chc-comp26-benchmarks-main.zip,912aa7b44471c9e1ed49ba0c2c034dcafa4300a821edaf3bf016618fd0e99b25,https://github.com/chc-comp/chc-comp26-benchmarks,b4fa7a708e5863bbcdb5de50d692ead3a67cbedc,vmt-chc-benchmarks/lustre/durationThm_3_e7_334_e7_118_000.smt2,chc-comp-2026/vmt-chc-benchmarks/lustre/durationThm_3_e7_334_e7_118_000_001.yml,05b4f67de22053411cea329bfe790e91a95c93e0d76ce80ee569910a0d842c9d,unsat
chc-comp-2026/llreve-bench/muz/libc__memmove_1_000.smt2,dd08ed28b22f279d637c77b0055e1dd8ca7219806315556a9d7d53e19fa50e34,chc-comp-2026,LIA-Lin-Arrays,family-balanced 1500-input expansion,chc-comp26-benchmarks-main.zip,912aa7b44471c9e1ed49ba0c2c034dcafa4300a821edaf3bf016618fd0e99b25,https://github.com/chc-comp/chc-comp26-benchmarks,b4fa7a708e5863bbcdb5de50d692ead3a67cbedc,llreve-bench/muz/libc__memmove_1_000.smt2,chc-comp-2026/llreve-bench/muz/libc__memmove_1_000_000.yml,b42ebd2fddea9f786e8310a077af87b4c379d3714192beaa071c176e3d781521,sat_validated
chc-comp-2026/tip-adt-lia/tip2015_sort_nat_HSort2Sorts_000.smt2,472da0569a0a1f47652d0f59d8ca8c545168361c5f485c22c45015ac251ea824,chc-comp-2026,ADT-LIA,family-balanced 1500-input expansion,chc-comp26-benchmarks-main.zip,912aa7b44471c9e1ed49ba0c2c034dcafa4300a821edaf3bf016618fd0e99b25,https://github.com/chc-comp/chc-comp26-benchmarks,b4fa7a708e5863bbcdb5de50d692ead3a67cbedc,tip-adt-lia/tip2015_sort_nat_HSort2Sorts_000.smt2,chc-comp-2026/tip-adt-lia/tip2015_sort_nat_HSort2Sorts_000.yml,86ae796e3f4182080617dc41ee75ef034a556386c99cdc83ffe3cfc3c7df599e,
chc-comp-2026/tricera-adt-arr/adt-arr/sll_shallow_copy-2.i-valid-deref_000.smt2,c152aa7319a464710dd3d5d7d6c69a45cac197eaccd61d9446a6119116403419,chc-comp-2026,ADT-LIA-Arrays,family-balanced 1500-input expansion,chc-comp26-benchmarks-main.zip,912aa7b44471c9e1ed49ba0c2c034dcafa4300a821edaf3bf016618fd0e99b25,https://github.com/chc-comp/chc-comp26-benchmarks,b4fa7a708e5863bbcdb5de50d692ead3a67cbedc,tricera-adt-arr/adt-arr/sll_shallow_copy-2.i-valid-deref_000.smt2,chc-comp-2026/tricera-adt-arr/adt-arr/sll_shallow_copy-2.i-valid-deref_000.yml,e41159c5f69ba2df2302663dee08f5ad2cbd502eb475b888636661314b5ac326,sat_validated
chc-comp-2026/vmt-chc-benchmarks/lustre/production_cell_e8_6_000.smt2,ecaaf0b1b499eb40d6eace160c116ccac29651f8d52801c82a1a58f7a6b9d585,chc-comp-2026,BOOL,family-balanced 1500-input expansion,chc-comp26-benchmarks-main.zip,912aa7b44471c9e1ed49ba0c2c034dcafa4300a821edaf3bf016618fd0e99b25,https://github.com/chc-comp/chc-comp26-benchmarks,b4fa7a708e5863bbcdb5de50d692ead3a67cbedc,vmt-chc-benchmarks/lustre/production_cell_e8_6_000.smt2,chc-comp-2026/vmt-chc-benchmarks/lustre/production_cell_e8_6_000_001.yml,ba62b20a5fcfac18531e5bfe798aa886fba5f1ef6f4766e1c31f99a6c32f2f30,
chc-comp-2026/vmt-chc-benchmarks/bv/nest-if4.c_000.smt2,784f93dc6d5b30195b7ec190eb9ded98f31ee5f4bd10111e2676353c226ea68b,chc-comp-2026,BV-Lin,family-balanced 1500-input expansion,chc-comp26-benchmarks-main.zip,912aa7b44471c9e1ed49ba0c2c034dcafa4300a821edaf3bf016618fd0e99b25,https://github.com/chc-comp/chc-comp26-benchmarks,b4fa7a708e5863bbcdb5de50d692ead3a67cbedc,vmt-chc-benchmarks/bv/nest-if4.c_000.smt2,chc-comp-2026/vmt-chc-benchmarks/bv/nest-if4.c_000_000.yml,6413c6b5d56a4e0d2480e29030c3d2eb821425feb1f1f3729dd4fd679879cbf0,sat_validated
chc-comp-2026/eldarica-misc/LIA/reve/001d-horn_000.smt2,31786c945d2fd4b0e9019bad2ab34b6232285dfe9a3d19250ad6bf808b125903,chc-comp-2026,LIA,family-balanced 1500-input expansion,chc-comp26-benchmarks-main.zip,912aa7b44471c9e1ed49ba0c2c034dcafa4300a821edaf3bf016618fd0e99b25,https://github.com/chc-comp/chc-comp26-benchmarks,b4fa7a708e5863bbcdb5de50d692ead3a67cbedc,eldarica-misc/LIA/reve/001d-horn_000.smt2,chc-comp-2026/eldarica-misc/LIA/reve/001d-horn_000.yml,b826b06b3000bc99b8319b48ac320d4427cacd83699a2fc69184d2b20445764b,unsat
chc-comp-2026/eldarica-misc/LIA/reve/020b-horn_000.smt2,c851f0024a8ffb6a974f963390e1ec6d1049b8791879a20752c561171415504a,chc-comp-2026,LIA-Lin,family-balanced 1500-input expansion,chc-comp26-benchmarks-main.zip,912aa7b44471c9e1ed49ba0c2c034dcafa4300a821edaf3bf016618fd0e99b25,https://github.com/chc-comp/chc-comp26-benchmarks,b4fa7a708e5863bbcdb5de50d692ead3a67cbedc,eldarica-misc/LIA/reve/020b-horn_000.smt2,chc-comp-2026/eldarica-misc/LIA/reve/020b-horn_000.yml,f23567525247ee66dbb0b272427c1ad39a3d52c8dd240ee5e0529a26afc514b8,sat
chc-comp-2026/quic3/data/array_init_const_000.smt2,eb9a703e8b0441d019dad4b42f9fe123e74a4a68befa95c0d880b7a49eecb0d2,chc-comp-2026,LIA-Lin-Arrays,family-balanced 1500-input expansion,chc-comp26-benchmarks-main.zip,912aa7b44471c9e1ed49ba0c2c034dcafa4300a821edaf3bf016618fd0e99b25,https://github.com/chc-comp/chc-comp26-benchmarks,b4fa7a708e5863bbcdb5de50d692ead3a67cbedc,quic3/data/array_init_const_000.smt2,chc-comp-2026/quic3/data/array_init_const_000.yml,90f420b58b574c7d649d2382dad6315c73aa930cc20bcd5984e351d1e3a9d7cf,
chc-comp-2026/rust-horn/linger-dec-1-basic-safe_000.smt2,5d9f60766cce500e56a467477fd3160d0cbebc3c8ec98b4b0257c98aeb82bb52,chc-comp-2026,ADT-LIA,family-balanced 1500-input expansion,chc-comp26-benchmarks-main.zip,912aa7b44471c9e1ed49ba0c2c034dcafa4300a821edaf3bf016618fd0e99b25,https://github.com/chc-comp/chc-comp26-benchmarks,b4fa7a708e5863bbcdb5de50d692ead3a67cbedc,rust-horn/linger-dec-1-basic-safe_000.smt2,chc-comp-2026/rust-horn/linger-dec-1-basic-safe_000.yml,47e1ea17ae0bf79c061069ad0530e9f8343be245b2dc0b0110faa05f7d8a60ce,sat_validated
chc-comp-2026/solidity/unit_tests/modifiers/modifier_multi_parameters.sol_0_000.smt2,ca7b02719250fc1f5c4253b043ea32ed66f090ce6de3aec87c17d8eafee5d1c3,chc-comp-2026,ADT-LIA-Arrays,family-balanced 1500-input expansion,chc-comp26-benchmarks-main.zip,912aa7b44471c9e1ed49ba0c2c034dcafa4300a821edaf3bf016618fd0e99b25,https://github.com/chc-comp/chc-comp26-benchmarks,b4fa7a708e5863bbcdb5de50d692ead3a67cbedc,solidity/unit_tests/modifiers/modifier_multi_parameters.sol_0_000.smt2,chc-comp-2026/solidity/unit_tests/modifiers/modifier_multi_parameters.sol_0_000.yml,0556e8974d4acfafa8e00993a6015a89a732980b10ccf997bd6b3ce27f538692,unsat
chc-comp-2026/vmt-chc-benchmarks/lustre/tramway_e7_1834_e8_3192_000.smt2,1db147267e785a0c16458c706533a621a13ceedabacd696fc7f0edc5b9fd6659,chc-comp-2026,BOOL,family-balanced 1500-input expansion,chc-comp26-benchmarks-main.zip,912aa7b44471c9e1ed49ba0c2c034dcafa4300a821edaf3bf016618fd0e99b25,https://github.com/chc-comp/chc-comp26-benchmarks,b4fa7a708e5863bbcdb5de50d692ead3a67cbedc,vmt-chc-benchmarks/lustre/tramway_e7_1834_e8_3192_000.smt2,chc-comp-2026/vmt-chc-benchmarks/lustre/tramway_e7_1834_e8_3192_000_001.yml,e3cbb2807aea1e35a60d73b65db901b2a0fc7e8a752ac42af1dd8b0c292520f8,
chc-comp-2026/eldarica-misc/BV/reve/022b-bv_000.smt2,e5c6436101eb282596a36efff0fc1793bf66aadbf487bb69c12348f31f002cd6,chc-comp-2026,BV-Lin,family-balanced 1500-input expansion,chc-comp26-benchmarks-main.zip,912aa7b44471c9e1ed49ba0c2c034dcafa4300a821edaf3bf016618fd0e99b25,https://github.com/chc-comp/chc-comp26-benchmarks,b4fa7a708e5863bbcdb5de50d692ead3a67cbedc,eldarica-misc/BV/reve/022b-bv_000.smt2,chc-comp-2026/eldarica-misc/BV/reve/022b-bv_000.yml,b4bc0b03107639f2c9de3a97bf1ec387fe314ead6081003e006a0c7faa70830c,unsat
chc-comp-2026/ultimate/LIA-NonLin/31_simple_loop5_vs_simplified_000.smt2,0c4a6beefb1440fae994a7afc7d9ea1308c101806611666d1584d34185dd88df,chc-comp-2026,LIA,family-balanced 1500-input expansion,chc-comp26-benchmarks-main.zip,912aa7b44471c9e1ed49ba0c2c034dcafa4300a821edaf3bf016618fd0e99b25,https://github.com/chc-comp/chc-comp26-benchmarks,b4fa7a708e5863bbcdb5de50d692ead3a67cbedc,ultimate/LIA-NonLin/31_simple_loop5_vs_simplified_000.smt2,chc-comp-2026/ultimate/LIA-NonLin/31_simple_loop5_vs_simplified_000.yml,41cebc0a35f03fd9fb26213d8a61757466e204f8d7df1671153f76557059aa01,sat_validated
chc-comp-2026/hopv/lia/mochi/exception_000.smt2,118eb95678b47efa8ccf19f6b58ce9b069f1dd22bec6f0bfd714f6506044a564,chc-comp-2026,LIA-Lin,family-balanced 1500-input expansion,chc-comp26-benchmarks-main.zip,912aa7b44471c9e1ed49ba0c2c034dcafa4300a821edaf3bf016618fd0e99b25,https://github.com/chc-comp/chc-comp26-benchmarks,b4fa7a708e5863bbcdb5de50d692ead3a67cbedc,hopv/lia/mochi/exception_000.smt2,chc-comp-2026/hopv/lia/mochi/exception_000.yml,866189473d692d3a66ccccd65af6906f386cab9894bf48ec0a50e8b71350ff64,sat_validated
chc-comp-2026/hcai-bench/svcomp/O3/O3_nec40_true-unreach-call_true-termination_000.smt2,d0b9e9d575b2af82055732c15eac9af2a84c2ce942c69c2aee0eecd4696a9f3f,chc-comp-2026,LIA-Lin-Arrays,family-balanced 1500-input expansion,chc-comp26-benchmarks-main.zip,912aa7b44471c9e1ed49ba0c2c034dcafa4300a821edaf3bf016618fd0e99b25,https://github.com/chc-comp/chc-comp26-benchmarks,b4fa7a708e5863bbcdb5de50d692ead3a67cbedc,hcai-bench/svcomp/O3/O3_nec40_true-unreach-call_true-termination_000.smt2,chc-comp-2026/hcai-bench/svcomp/O3/O3_nec40_true-unreach-call_true-termination_000.yml,45c13600fc8734ae95b10483bf938963aa9c76853c17a11dbce03bdf686d90cd,sat_validated
chc-comp-2026/adt-purified-benchmarks/2-inc-max-inc-max-11-0.Z3.0_000.smt2,528de2fa63f89058fda20c66dd7411c283bef85dd372008dbae3138398b452cd,chc-comp-2026,ADT-LIA,family-balanced 1500-input expansion,chc-comp26-benchmarks-main.zip,912aa7b44471c9e1ed49ba0c2c034dcafa4300a821edaf3bf016618fd0e99b25,https://github.com/chc-comp/chc-comp26-benchmarks,b4fa7a708e5863bbcdb5de50d692ead3a67cbedc,adt-purified-benchmarks/2-inc-max-inc-max-11-0.Z3.0_000.smt2,chc-comp-2026/adt-purified-benchmarks/2-inc-max-inc-max-11-0.Z3.0_000.yml,c52be8ea3977e013416384be3a9259407115a77ab67027fb11b27112a4e76d05,sat_validated
chc-comp-2026/tricera-adt-arr/adt-arr/sll_circular_traversal-2.i-valid-deref_000.smt2,663badfae657fb7faa00097206a3cffadbbe03b7cb2036416ea4f6701bf53f90,chc-comp-2026,ADT-LIA-Arrays,family-balanced 1500-input expansion,chc-comp26-benchmarks-main.zip,912aa7b44471c9e1ed49ba0c2c034dcafa4300a821edaf3bf016618fd0e99b25,https://github.com/chc-comp/chc-comp26-benchmarks,b4fa7a708e5863bbcdb5de50d692ead3a67cbedc,tricera-adt-arr/adt-arr/sll_circular_traversal-2.i-valid-deref_000.smt2,chc-comp-2026/tricera-adt-arr/adt-arr/sll_circular_traversal-2.i-valid-deref_000.yml,9c1297a28fee1dad7b2c59016d275450071caf1293dfb67fde0f7545c03ee241,unsat
chc-comp-2026/vmt-chc-benchmarks/lustre/switch_000.smt2,6b37615c10fab77bca2d19808f11a8758de0fa9b4e7ed7708194769a57c6e912,chc-comp-2026,BOOL,family-balanced 1500-input expansion,chc-comp26-benchmarks-main.zip,912aa7b44471c9e1ed49ba0c2c034dcafa4300a821edaf3bf016618fd0e99b25,https://github.com/chc-comp/chc-comp26-benchmarks,b4fa7a708e5863bbcdb5de50d692ead3a67cbedc,vmt-chc-benchmarks/lustre/switch_000.smt2,chc-comp-2026/vmt-chc-benchmarks/lustre/switch_000_001.yml,b47a17ecbca83acfb9fd68225379e10cdd9d1684e063213dc4fed3521e3f8ac0,
chc-comp-2026/vmt-chc-benchmarks/bv/svd2.c_000.smt2,9b0bae0f7fe893f5b718265565f2ceefd84ffb0693a6856d462b6952afb992a3,chc-comp-2026,BV-Lin,family-balanced 1500-input expansion,chc-comp26-benchmarks-main.zip,912aa7b44471c9e1ed49ba0c2c034dcafa4300a821edaf3bf016618fd0e99b25,https://github.com/chc-comp/chc-comp26-benchmarks,b4fa7a708e5863bbcdb5de50d692ead3a67cbedc,vmt-chc-benchmarks/bv/svd2.c_000.smt2,chc-comp-2026/vmt-chc-benchmarks/bv/svd2.c_000_000.yml,9e1482b5ba89c033d5e73a6d9b181a156ada41a1ea9291bf5f20fe10793d2ebd,sat_validated
chc-comp-2026/rust-horn/prusti-2-pass-rosetta-Ackermann_function-same_000.smt2,e3d09065e8270027025a4f205ad66d9a09a5200bd798e6a17b96e0a61ae5e140,chc-comp-2026,LIA,family-balanced 1500-input expansion,chc-comp26-benchmarks-main.zip,912aa7b44471c9e1ed49ba0c2c034dcafa4300a821edaf3bf016618fd0e99b25,https://github.com/chc-comp/chc-comp26-benchmarks,b4fa7a708e5863bbcdb5de50d692ead3a67cbedc,rust-horn/prusti-2-pass-rosetta-Ackermann_function-same_000.smt2,chc-comp-2026/rust-horn/prusti-2-pass-rosetta-Ackermann_function-same_000.yml,04163b2a1eeb3f986980fb22692677444d28e02ccf54eb3a52f5190b05ed1bcc,
chc-comp-2026/aeval-benchmarks/multi-phase/s_split_17_000.smt2,dbc343dcbb1d1bd3dec8caca3d46a82522dad1fdffea28c6ce9ff37355a2a830,chc-comp-2026,LIA-Lin,family-balanced 1500-input expansion,chc-comp26-benchmarks-main.zip,912aa7b44471c9e1ed49ba0c2c034dcafa4300a821edaf3bf016618fd0e99b25,https://github.com/chc-comp/chc-comp26-benchmarks,b4fa7a708e5863bbcdb5de50d692ead3a67cbedc,aeval-benchmarks/multi-phase/s_split_17_000.smt2,chc-comp-2026/aeval-benchmarks/multi-phase/s_split_17_000_000.yml,4df59bf35127b2f85119095f09cd096f158179bee2ff1d08ef9fc94889d720ce,sat_validated
chc-comp-2026/llreve-bench/muz/libc__strcspn_2_000.smt2,0492d2e90ec6e72d28ca6eb509b50a555010981554d1f737423cb081a7c84e01,chc-comp-2026,LIA-Lin-Arrays,family-balanced 1500-input expansion,chc-comp26-benchmarks-main.zip,912aa7b44471c9e1ed49ba0c2c034dcafa4300a821edaf3bf016618fd0e99b25,https://github.com/chc-comp/chc-comp26-benchmarks,b4fa7a708e5863bbcdb5de50d692ead3a67cbedc,llreve-bench/muz/libc__strcspn_2_000.smt2,chc-comp-2026/llreve-bench/muz/libc__strcspn_2_000_000.yml,0407a735feda03c0cc889652262397b1a54bc6524558569ac89606b50cb6cca9,unsat
chc-comp-2026/ringen-adt-benchmarks/false/regexp_find6_000.smt2,431e631e387e30e0b45f69d5a8f0bf701bcae0fa042d408de0a388286a873d27,chc-comp-2026,ADT-LIA,family-balanced 1500-input expansion,chc-comp26-benchmarks-main.zip,912aa7b44471c9e1ed49ba0c2c034dcafa4300a821edaf3bf016618fd0e99b25,https://github.com/chc-comp/chc-comp26-benchmarks,b4fa7a708e5863bbcdb5de50d692ead3a67cbedc,ringen-adt-benchmarks/false/regexp_find6_000.smt2,chc-comp-2026/ringen-adt-benchmarks/false/regexp_find6_000.yml,2fb2af06788d85b5a1dfe00a8f5b264279108fd24c2698dbda2054c0dee875b6,
chc-comp-2026/solidity/unit_tests/loops/for_loop_trivial_condition_1.sol_0_000.smt2,d80841b3c4f8706ccca0499d60a488d7a8e8ab3ded6f9585e86585b5ace8c174,chc-comp-2026,ADT-LIA-Arrays,family-balanced 1500-input expansion,chc-comp26-benchmarks-main.zip,912aa7b44471c9e1ed49ba0c2c034dcafa4300a821edaf3bf016618fd0e99b25,https://github.com/chc-comp/chc-comp26-benchmarks,b4fa7a708e5863bbcdb5de50d692ead3a67cbedc,solidity/unit_tests/loops/for_loop_trivial_condition_1.sol_0_000.smt2,chc-comp-2026/solidity/unit_tests/loops/for_loop_trivial_condition_1.sol_0_000.yml,4e88258e6797de8562539875c2a0cfd818557943d50a85df7e87db39e663b570,sat_validated
chc-comp-2026/eldarica-misc/BV/reve/003-horn-bv_000.smt2,d4bfea08e96a4ce5cf3e06d8cc88ac7ad8953c97571b5a5c2e781d984ba822cb,chc-comp-2026,BV-Lin,family-balanced 1500-input expansion,chc-comp26-benchmarks-main.zip,912aa7b44471c9e1ed49ba0c2c034dcafa4300a821edaf3bf016618fd0e99b25,https://github.com/chc-comp/chc-comp26-benchmarks,b4fa7a708e5863bbcdb5de50d692ead3a67cbedc,eldarica-misc/BV/reve/003-horn-bv_000.smt2,chc-comp-2026/eldarica-misc/BV/reve/003-horn-bv_000.yml,df48d826d968e58d414ddbd2b4263539e85dcfe2b4d3a6d9ccc589a98cec8bff,unsat
chc-comp-2026/kind2-chc-benchmarks/data/rtp_all_000.smt2,54b645eaf53b699a3b05263a07232567aaafae1914d799ef19ade21e4aa9813e,chc-comp-2026,LIA,family-balanced 1500-input expansion,chc-comp26-benchmarks-main.zip,912aa7b44471c9e1ed49ba0c2c034dcafa4300a821edaf3bf016618fd0e99b25,https://github.com/chc-comp/chc-comp26-benchmarks,b4fa7a708e5863bbcdb5de50d692ead3a67cbedc,kind2-chc-benchmarks/data/rtp_all_000.smt2,chc-comp-2026/kind2-chc-benchmarks/data/rtp_all_000_000.yml,63c74dbb244bb035a866ea79879856a384e1edfefd7a81c0050f676be1a6fcdf,sat_validated
chc-comp-2026/extra-small-lia/s_multipl_17_000.smt2,3649d9faf4a0d1d16c10e3a4f4381c31166aa108c4e7202f4f695437687e7bf5,chc-comp-2026,LIA-Lin,family-balanced 1500-input expansion,chc-comp26-benchmarks-main.zip,912aa7b44471c9e1ed49ba0c2c034dcafa4300a821edaf3bf016618fd0e99b25,https://github.com/chc-comp/chc-comp26-benchmarks,b4fa7a708e5863bbcdb5de50d692ead3a67cbedc,extra-small-lia/s_multipl_17_000.smt2,chc-comp-2026/extra-small-lia/s_multipl_17_000.yml,c820b3fbbc3c58e642be2f13775732761595d5bf8cbaf88e6b96c8eaedd5fc59,sat_validated
chc-comp-2026/quic3/data/array_swap_twice_000.smt2,0acee85110853b7e0f9ab576959e625602069c875182c07d23e0f8fc3596ac74,chc-comp-2026,LIA-Lin-Arrays,family-balanced 1500-input expansion,chc-comp26-benchmarks-main.zip,912aa7b44471c9e1ed49ba0c2c034dcafa4300a821edaf3bf016618fd0e99b25,https://github.com/chc-comp/chc-comp26-benchmarks,b4fa7a708e5863bbcdb5de50d692ead3a67cbedc,quic3/data/array_swap_twice_000.smt2,chc-comp-2026/quic3/data/array_swap_twice_000.yml,db70d89ebd47f53677796a2adadb80cba7d7e459f4ee3c5d28652a45b9c8db9d,
chc-comp-2026/ADTRem/isaplanner/unsat-goal4_000.smt2,56d7769dc035de3f1daefed7f14a0cea578bb46712f2bafcb04699523e03c7a1,chc-comp-2026,ADT-LIA,family-balanced 1500-input expansion,chc-comp26-benchmarks-main.zip,912aa7b44471c9e1ed49ba0c2c034dcafa4300a821edaf3bf016618fd0e99b25,https://github.com/chc-comp/chc-comp26-benchmarks,b4fa7a708e5863bbcdb5de50d692ead3a67cbedc,ADTRem/isaplanner/unsat-goal4_000.smt2,chc-comp-2026/ADTRem/isaplanner/unsat-goal4_000.yml,a7b66ff00bc2408fefdb2733ba0bd1f71f15d5c766b2a90ce39fa4bb7e9f04e1,unsat
chc-comp-2026/tricera-adt-arr/adt-arr/dll2n_remove_all_reverse.i-valid-deref_000.smt2,7316c300a03deb9f0721aa08ec14210f10309b971fcac09915a9da02780f0035,chc-comp-2026,ADT-LIA-Arrays,family-balanced 1500-input expansion,chc-comp26-benchmarks-main.zip,912aa7b44471c9e1ed49ba0c2c034dcafa4300a821edaf3bf016618fd0e99b25,https://github.com/chc-comp/chc-comp26-benchmarks,b4fa7a708e5863bbcdb5de50d692ead3a67cbedc,tricera-adt-arr/adt-arr/dll2n_remove_all_reverse.i-valid-deref_000.smt2,chc-comp-2026/tricera-adt-arr/adt-arr/dll2n_remove_all_reverse.i-valid-deref_000.yml,ae4cb315efeb67699825afdbca382ea4726f59808eb04846522f7d3f269bd52d,sat_validated
chc-comp-2026/vmt-chc-benchmarks/bv/jain_6_safe.c_000.smt2,35df6e4dd1c80758dca2e40622dc2303da67e0aeb248046092b35e4a640a858f,chc-comp-2026,BV-Lin,family-balanced 1500-input expansion,chc-comp26-benchmarks-main.zip,912aa7b44471c9e1ed49ba0c2c034dcafa4300a821edaf3bf016618fd0e99b25,https://github.com/chc-comp/chc-comp26-benchmarks,b4fa7a708e5863bbcdb5de50d692ead3a67cbedc,vmt-chc-benchmarks/bv/jain_6_safe.c_000.smt2,chc-comp-2026/vmt-chc-benchmarks/bv/jain_6_safe.c_000.yml,f58825362e39a7d0f3344ba94e1578952d86ad3de7f96fbd587ba2b275e1e10e,sat_validated
chc-comp-2026/hcai-bench/svcomp/O3/O3_recHanoi02_true-unreach-call_true-no-overflow_true-termination_000.smt2,5332095a4a249c472daf9705fa15b9e378faf9855d32e1f5dc44cce3cc46f91c,chc-comp-2026,LIA,family-balanced 1500-input expansion,chc-comp26-benchmarks-main.zip,912aa7b44471c9e1ed49ba0c2c034dcafa4300a821edaf3bf016618fd0e99b25,https://github.com/chc-comp/chc-comp26-benchmarks,b4fa7a708e5863bbcdb5de50d692ead3a67cbedc,hcai-bench/svcomp/O3/O3_recHanoi02_true-unreach-call_true-no-overflow_true-termination_000.smt2,chc-comp-2026/hcai-bench/svcomp/O3/O3_recHanoi02_true-unreach-call_true-no-overflow_true-termination_000.yml,f7e0f4b5616cf2a4b03cd89bcb83591af8df8560783b449ec0fb466f25fffb18,sat_validated
chc-comp-2026/aeval-unsafe/s_split_07_000.smt2,64b302fc87c6d98bb397c05fc70d2d54e10d0445fcf3b6331f95de46cc76fbdc,chc-comp-2026,LIA-Lin,family-balanced 1500-input expansion,chc-comp26-benchmarks-main.zip,912aa7b44471c9e1ed49ba0c2c034dcafa4300a821edaf3bf016618fd0e99b25,https://github.com/chc-comp/chc-comp26-benchmarks,b4fa7a708e5863bbcdb5de50d692ead3a67cbedc,aeval-unsafe/s_split_07_000.smt2,chc-comp-2026/aeval-unsafe/s_split_07_000_001.yml,058dafa672773efa4b0351c7d38b0205007d0ea84501393c55a16d5494b77655,unsat
chc-comp-2026/hcai-bench/svcomp/O3/O3_string_true-unreach-call_true-termination_000.smt2,c7cc7fc6a1d9197d9716bd1cbdfbcecc8caf7d44c5469c4f13e30632206a75e3,chc-comp-2026,LIA-Lin-Arrays,family-balanced 1500-input expansion,chc-comp26-benchmarks-main.zip,912aa7b44471c9e1ed49ba0c2c034dcafa4300a821edaf3bf016618fd0e99b25,https://github.com/chc-comp/chc-comp26-benchmarks,b4fa7a708e5863bbcdb5de50d692ead3a67cbedc,hcai-bench/svcomp/O3/O3_string_true-unreach-call_true-termination_000.smt2,chc-comp-2026/hcai-bench/svcomp/O3/O3_string_true-unreach-call_true-termination_000.yml,46abf3b1567d582766f499bc6d53f87752f8c9a1805edfb4644ca889e16fe786,sat_validated
chc-comp-2026/tip-adt-lia/tip2015_bin_nat_plus_comm_000.smt2,1117c5cd31628bc95fe8dd72c59a61866d045f50df89b33dd1fa2c68c1fb4a28,chc-comp-2026,ADT-LIA,family-balanced 1500-input expansion,chc-comp26-benchmarks-main.zip,912aa7b44471c9e1ed49ba0c2c034dcafa4300a821edaf3bf016618fd0e99b25,https://github.com/chc-comp/chc-comp26-benchmarks,b4fa7a708e5863bbcdb5de50d692ead3a67cbedc,tip-adt-lia/tip2015_bin_nat_plus_comm_000.smt2,chc-comp-2026/tip-adt-lia/tip2015_bin_nat_plus_comm_000.yml,3174526de3cd7a1832d8e8cd5421a8a9d7a89f6dd0a2a3bad331af4b89834976,
chc-comp-2026/solidity/unit_tests/typecast/cast_larger_2.sol_0_000.smt2,1843ba4e9b03ab1a79e964c4f9b304fb8523bf6ecb839495ad5dddcf4a85aaea,chc-comp-2026,ADT-LIA-Arrays,family-balanced 1500-input expansion,chc-comp26-benchmarks-main.zip,912aa7b44471c9e1ed49ba0c2c034dcafa4300a821edaf3bf016618fd0e99b25,https://github.com/chc-comp/chc-comp26-benchmarks,b4fa7a708e5863bbcdb5de50d692ead3a67cbedc,solidity/unit_tests/typecast/cast_larger_2.sol_0_000.smt2,chc-comp-2026/solidity/unit_tests/typecast/cast_larger_2.sol_0_000.yml,77a4160c52db0cbf32e6f9efa54257fb0f837c0f19ffd369a3e7882b1125d99e,sat_validated
chc-comp-2026/eldarica-misc/BV/reve/027-horn-bv_000.smt2,676234309fefb0ee7dd242ead2fc01f3c8a64061d1888626b240f6e8c3821296,chc-comp-2026,BV-Lin,family-balanced 1500-input expansion,chc-comp26-benchmarks-main.zip,912aa7b44471c9e1ed49ba0c2c034dcafa4300a821edaf3bf016618fd0e99b25,https://github.com/chc-comp/chc-comp26-benchmarks,b4fa7a708e5863bbcdb5de50d692ead3a67cbedc,eldarica-misc/BV/reve/027-horn-bv_000.smt2,chc-comp-2026/eldarica-misc/BV/reve/027-horn-bv_000.yml,9745da951ae753b159254aa61929db9d98be2cdf8b1db1c3ecb391719ab5422e,sat_validated
chc-comp-2026/hopv/lia/termination/alias_partial03_000.smt2,ec7142983ad32dd6de18c738f9c4f1b527d4578b3cec5d8f6a7bb428994bd545,chc-comp-2026,LIA,family-balanced 1500-input expansion,chc-comp26-benchmarks-main.zip,912aa7b44471c9e1ed49ba0c2c034dcafa4300a821edaf3bf016618fd0e99b25,https://github.com/chc-comp/chc-comp26-benchmarks,b4fa7a708e5863bbcdb5de50d692ead3a67cbedc,hopv/lia/termination/alias_partial03_000.smt2,chc-comp-2026/hopv/lia/termination/alias_partial03_000.yml,a7d3a02e9f0ec7bc67014f608b5ec44e69195373bfbff83c54f39a407ff2a99c,sat_validated
chc-comp-2026/hcai-bench/svcomp/O3/O3_terminator_02_true-unreach-call_true-termination_000.smt2,060add5c4f9e1246fd3d3ee671646b998fefd903fd5afcec23c9ef596c32f0c7,chc-comp-2026,LIA-Lin,family-balanced 1500-input expansion,chc-comp26-benchmarks-main.zip,912aa7b44471c9e1ed49ba0c2c034dcafa4300a821edaf3bf016618fd0e99b25,https://github.com/chc-comp/chc-comp26-benchmarks,b4fa7a708e5863bbcdb5de50d692ead3a67cbedc,hcai-bench/svcomp/O3/O3_terminator_02_true-unreach-call_true-termination_000.smt2,chc-comp-2026/hcai-bench/svcomp/O3/O3_terminator_02_true-unreach-call_true-termination_000.yml,4cdffcfb68c2feaedaf1ef324cea8e71f87c3dda342e5b221380b0892787b5fe,sat_validated
chc-comp-2026/llreve-bench/smt2/arrays/heap__findmax.array_000.smt2,36969fab65aa97034f35bdb3fd37aaa315b5e53ac48b0aec769b7d7c6129f098,chc-comp-2026,LIA-Lin-Arrays,family-balanced 1500-input expansion,chc-comp26-benchmarks-main.zip,912aa7b44471c9e1ed49ba0c2c034dcafa4300a821edaf3bf016618fd0e99b25,https://github.com/chc-comp/chc-comp26-benchmarks,b4fa7a708e5863bbcdb5de50d692ead3a67cbedc,llreve-bench/smt2/arrays/heap__findmax.array_000.smt2,chc-comp-2026/llreve-bench/smt2/arrays/heap__findmax.array_000.yml,66b2f7b28a84038733511fbc33f61c182ee7225b1d9cc03f744367da07cce6b1,sat_validated
chc-comp-2026/rust-horn/trees-2-inc-all-unsafe_000.smt2,26b0e2166acb18c56c41ea367ed2e620bfc23d0db834501e0bbad3b7d6d19354,chc-comp-2026,ADT-LIA,family-balanced 1500-input expansion,chc-comp26-benchmarks-main.zip,912aa7b44471c9e1ed49ba0c2c034dcafa4300a821edaf3bf016618fd0e99b25,https://github.com/chc-comp/chc-comp26-benchmarks,b4fa7a708e5863bbcdb5de50d692ead3a67cbedc,rust-horn/trees-2-inc-all-unsafe_000.smt2,chc-comp-2026/rust-horn/trees-2-inc-all-unsafe_000.yml,7fb3fbabe4de3d8ae89fe32e064513c266b200b486b96d018ca0204f614ee90c,unsat
chc-comp-2026/tricera-adt-arr/adt-arr/dll2n_remove_all.i-valid-deref_000.smt2,a1d9a7749c033e783a6c5ecf3eac8a449a8f634f0839f75bb95f99993c33ae00,chc-comp-2026,ADT-LIA-Arrays,family-balanced 1500-input expansion,chc-comp26-benchmarks-main.zip,912aa7b44471c9e1ed49ba0c2c034dcafa4300a821edaf3bf016618fd0e99b25,https://github.com/chc-comp/chc-comp26-benchmarks,b4fa7a708e5863bbcdb5de50d692ead3a67cbedc,tricera-adt-arr/adt-arr/dll2n_remove_all.i-valid-deref_000.smt2,chc-comp-2026/tricera-adt-arr/adt-arr/dll2n_remove_all.i-valid-deref_000.yml,7cc0e5cc07c6dd0aed373747a21aced5df7e8cf2bd3cef3b4a5385e88fa8841a,sat_validated
chc-comp-2026/vmt-chc-benchmarks/bv/rajamani_1.c_000.smt2,ebe0f639dab7086f46afb9092cf29464baaefd0415e1810bc650244e79c83f00,chc-comp-2026,BV-Lin,family-balanced 1500-input expansion,chc-comp26-benchmarks-main.zip,912aa7b44471c9e1ed49ba0c2c034dcafa4300a821edaf3bf016618fd0e99b25,https://github.com/chc-comp/chc-comp26-benchmarks,b4fa7a708e5863bbcdb5de50d692ead3a67cbedc,vmt-chc-benchmarks/bv/rajamani_1.c_000.smt2,chc-comp-2026/vmt-chc-benchmarks/bv/rajamani_1.c_000_000.yml,ae3f22f2529b8db312e726cc5fb0eede5a2ebbacefc84423ec662dcf61da170e,
chc-comp-2026/synthesis/nay-horn/IF_fg_max2_000.smt2,1c371a49868d39127aed67a49b46b031aa3051f28bad314389f4f1f0d28f883e,chc-comp-2026,LIA,family-balanced 1500-input expansion,chc-comp26-benchmarks-main.zip,912aa7b44471c9e1ed49ba0c2c034dcafa4300a821edaf3bf016618fd0e99b25,https://github.com/chc-comp/chc-comp26-benchmarks,b4fa7a708e5863bbcdb5de50d692ead3a67cbedc,synthesis/nay-horn/IF_fg_max2_000.smt2,chc-comp-2026/synthesis/nay-horn/IF_fg_max2_000.yml,b045f96c5ee7c882128cfc3efac86c5be679b0403751bdd2f6d95b9973a3eff9,sat_validated
chc-comp-2026/llreve-bench/muz/loop__barthe2-big3_000.smt2,e4fd77e2a39f43abb04a86d7f9ac26bd5ddf2c84d300051e8c41eaefe2487c70,chc-comp-2026,LIA-Lin,family-balanced 1500-input expansion,chc-comp26-benchmarks-main.zip,912aa7b44471c9e1ed49ba0c2c034dcafa4300a821edaf3bf016618fd0e99b25,https://github.com/chc-comp/chc-comp26-benchmarks,b4fa7a708e5863bbcdb5de50d692ead3a67cbedc,llreve-bench/muz/loop__barthe2-big3_000.smt2,chc-comp-2026/llreve-bench/muz/loop__barthe2-big3_000_000.yml,494adf66fdc10ee0b242577c1d9b5cd1844fbc14f7ffd52dd1c79d38883e5ffa,sat_validated
chc-comp-2026/quic3/data/standard_maxInArray_true-unreach-call_ground_000.smt2,8f21a0170b7491b5e2391369654e872d06466c857603f871ff837dac640dea8d,chc-comp-2026,LIA-Lin-Arrays,family-balanced 1500-input expansion,chc-comp26-benchmarks-main.zip,912aa7b44471c9e1ed49ba0c2c034dcafa4300a821edaf3bf016618fd0e99b25,https://github.com/chc-comp/chc-comp26-benchmarks,b4fa7a708e5863bbcdb5de50d692ead3a67cbedc,quic3/data/standard_maxInArray_true-unreach-call_ground_000.smt2,chc-comp-2026/quic3/data/standard_maxInArray_true-unreach-call_ground_000.yml,9875c90ba7be6c9539a2a465c66171c723fac9a311e7258f7e20497c526c8ef3,
chc-comp-2026/adt-purified-benchmarks/2-inc-max-inc-max-10-1.Z3.0_000.smt2,accfd241ba321f707d84f6a4826c22d96ac49b9e95631e465d71ccdc2d558540,chc-comp-2026,ADT-LIA,family-balanced 1500-input expansion,chc-comp26-benchmarks-main.zip,912aa7b44471c9e1ed49ba0c2c034dcafa4300a821edaf3bf016618fd0e99b25,https://github.com/chc-comp/chc-comp26-benchmarks,b4fa7a708e5863bbcdb5de50d692ead3a67cbedc,adt-purified-benchmarks/2-inc-max-inc-max-10-1.Z3.0_000.smt2,chc-comp-2026/adt-purified-benchmarks/2-inc-max-inc-max-10-1.Z3.0_000.yml,116ee5f4e6fea17b40d9cba73d89bf0aa1478c330049d8fff88ab0fbd3a83ccd,unsat
chc-comp-2026/solidity/unit_tests/inheritance/constructor_state_variable_init_diamond.sol_0_000.smt2,358649b9e384b6121b8b15293e4dc80a0f305de1bd91dd6affc3107663073005,chc-comp-2026,ADT-LIA-Arrays,family-balanced 1500-input expansion,chc-comp26-benchmarks-main.zip,912aa7b44471c9e1ed49ba0c2c034dcafa4300a821edaf3bf016618fd0e99b25,https://github.com/chc-comp/chc-comp26-benchmarks,b4fa7a708e5863bbcdb5de50d692ead3a67cbedc,solidity/unit_tests/inheritance/constructor_state_variable_init_diamond.sol_0_000.smt2,chc-comp-2026/solidity/unit_tests/inheritance/constructor_state_variable_init_diamond.sol_0_000_001.yml,4c545f8366524ec2b3a7d9dffc77925c4190dd6825c747b0737e6acced6ddb6b,unsat
chc-comp-2026/eldarica-misc/BV/reve/023b-horn-bv_000.smt2,39416ecf4986e34dd4952025c4526a755ee46192adfeb1cce8e5dc20caec20c9,chc-comp-2026,BV-Lin,family-balanced 1500-input expansion,chc-comp26-benchmarks-main.zip,912aa7b44471c9e1ed49ba0c2c034dcafa4300a821edaf3bf016618fd0e99b25,https://github.com/chc-comp/chc-comp26-benchmarks,b4fa7a708e5863bbcdb5de50d692ead3a67cbedc,eldarica-misc/BV/reve/023b-horn-bv_000.smt2,chc-comp-2026/eldarica-misc/BV/reve/023b-horn-bv_000.yml,4c96a08635d458ca6a1b83d492b3212c9761ea3ea167c6588fa455e90f8fb2c0,sat_validated
chc-comp-2026/llreve-bench/smt2/clausified/rec__limit3_000.smt2,1ca5a764bded81e447a7fabdd1646056f0a9c7a6c86de15acc8c2fbb224af6ed,chc-comp-2026,LIA,family-balanced 1500-input expansion,chc-comp26-benchmarks-main.zip,912aa7b44471c9e1ed49ba0c2c034dcafa4300a821edaf3bf016618fd0e99b25,https://github.com/chc-comp/chc-comp26-benchmarks,b4fa7a708e5863bbcdb5de50d692ead3a67cbedc,llreve-bench/smt2/clausified/rec__limit3_000.smt2,chc-comp-2026/llreve-bench/smt2/clausified/rec__limit3_000_001.yml,32950a04d69d4732bfb346d302f60d47b797905e66b3c6568fb5b69918df0d45,sat_validated
chc-comp-2026/rust-horn/bmc-3-test-bmc-3-safe_000.smt2,8fde8f09b625536a577e117860fbffca30bec6b3a931f9a42be6b20437ce384d,chc-comp-2026,LIA-Lin,family-balanced 1500-input expansion,chc-comp26-benchmarks-main.zip,912aa7b44471c9e1ed49ba0c2c034dcafa4300a821edaf3bf016618fd0e99b25,https://github.com/chc-comp/chc-comp26-benchmarks,b4fa7a708e5863bbcdb5de50d692ead3a67cbedc,rust-horn/bmc-3-test-bmc-3-safe_000.smt2,chc-comp-2026/rust-horn/bmc-3-test-bmc-3-safe_000.yml,248f4766931194539fd0074626a5ce5b4e40c21d0dc8fcc245cd217f2cb4643e,sat_validated
chc-comp-2026/hcai-bench/svcomp/O3/O3_veris.c_NetBSD-libc__loop_true-unreach-call_true-termination_000.smt2,41dd4124e2974c99e06f825514445454e0ee9707f7a2fb5c21b5964681fcdfb9,chc-comp-2026,LIA-Lin-Arrays,family-balanced 1500-input expansion,chc-comp26-benchmarks-main.zip,912aa7b44471c9e1ed49ba0c2c034dcafa4300a821edaf3bf016618fd0e99b25,https://github.com/chc-comp/chc-comp26-benchmarks,b4fa7a708e5863bbcdb5de50d692ead3a67cbedc,hcai-bench/svcomp/O3/O3_veris.c_NetBSD-libc__loop_true-unreach-call_true-termination_000.smt2,chc-comp-2026/hcai-bench/svcomp/O3/O3_veris.c_NetBSD-libc__loop_true-unreach-call_true-termination_000.yml,1bc7574d89fe90184b3a6b1ac740f1a8df17f99b8c5b51dcf07068ddb08bab70,unsat
chc-comp-2026/ADTRem/isaplanner/goal75_000.smt2,1e6bb6c3dcbf5545c197b0f75d3ee54c6b2d06919885f13aab5b3d9a1f731a84,chc-comp-2026,ADT-LIA,family-balanced 1500-input expansion,chc-comp26-benchmarks-main.zip,912aa7b44471c9e1ed49ba0c2c034dcafa4300a821edaf3bf016618fd0e99b25,https://github.com/chc-comp/chc-comp26-benchmarks,b4fa7a708e5863bbcdb5de50d692ead3a67cbedc,ADTRem/isaplanner/goal75_000.smt2,chc-comp-2026/ADTRem/isaplanner/goal75_000_001.yml,bccaed06a31a9c3bbf5c0c5790f8e3fe8999c743a8bcb6c9c23d9ef99e66ec26,sat_validated
chc-comp-2026/tricera-adt-arr/adt-arr/SyntaxSupportPointer01-1.c-valid-deref_000.smt2,08741c193bc767bea45c84ec8ca1792b2ec2e9fdc842b02da90b2840a79a5ebc,chc-comp-2026,ADT-LIA-Arrays,family-balanced 1500-input expansion,chc-comp26-benchmarks-main.zip,912aa7b44471c9e1ed49ba0c2c034dcafa4300a821edaf3bf016618fd0e99b25,https://github.com/chc-comp/chc-comp26-benchmarks,b4fa7a708e5863bbcdb5de50d692ead3a67cbedc,tricera-adt-arr/adt-arr/SyntaxSupportPointer01-1.c-valid-deref_000.smt2,chc-comp-2026/tricera-adt-arr/adt-arr/SyntaxSupportPointer01-1.c-valid-deref_000.yml,3a25da3bb9e016d858e30a6f6622776df774f46e0f757c8c118bb863e1d1738d,sat_validated
chc-comp-2026/vmt-chc-benchmarks/bv/seq4.c_000.smt2,320ab029bec24773c3da2e26f1ec5dc77f69d0c36bf902385b5c652ec6dddce6,chc-comp-2026,BV-Lin,family-balanced 1500-input expansion,chc-comp26-benchmarks-main.zip,912aa7b44471c9e1ed49ba0c2c034dcafa4300a821edaf3bf016618fd0e99b25,https://github.com/chc-comp/chc-comp26-benchmarks,b4fa7a708e5863bbcdb5de50d692ead3a67cbedc,vmt-chc-benchmarks/bv/seq4.c_000.smt2,chc-comp-2026/vmt-chc-benchmarks/bv/seq4.c_000_000.yml,f7437a1436165b8dd220cd4f2ed507a4815eda797d02fcc43ace7332c51790b5,
chc-comp-2026/eldarica-misc/LIA/reve/005-horn_000.smt2,3493b69bb76c1a4e2c64a5a0ec53508a67bab60b7d7b1e4ef1cb1a89e4c58e83,chc-comp-2026,LIA,family-balanced 1500-input expansion,chc-comp26-benchmarks-main.zip,912aa7b44471c9e1ed49ba0c2c034dcafa4300a821edaf3bf016618fd0e99b25,https://github.com/chc-comp/chc-comp26-benchmarks,b4fa7a708e5863bbcdb5de50d692ead3a67cbedc,eldarica-misc/LIA/reve/005-horn_000.smt2,chc-comp-2026/eldarica-misc/LIA/reve/005-horn_000.yml,c239d8e51ed4164b5ccacc49aecc4e5d927ebe348a7fac35d8470df69dfe2294,sat_validated
chc-comp-2026/vmt-chc-benchmarks/ctigar/fig1a.c_000.smt2,1e1a51049ad8cd84c7f31ebfc94d074b14da814ead2e52e3f644bec2e53adc7b,chc-comp-2026,LIA-Lin,family-balanced 1500-input expansion,chc-comp26-benchmarks-main.zip,912aa7b44471c9e1ed49ba0c2c034dcafa4300a821edaf3bf016618fd0e99b25,https://github.com/chc-comp/chc-comp26-benchmarks,b4fa7a708e5863bbcdb5de50d692ead3a67cbedc,vmt-chc-benchmarks/ctigar/fig1a.c_000.smt2,chc-comp-2026/vmt-chc-benchmarks/ctigar/fig1a.c_000.yml,b7014e80f76d838dc810c01d6dbee7e94657d17f92322552fe0dbadf5a6df261,sat_validated
chc-comp-2026/llreve-bench/smt2/arrays/libc__strncmp_2.array_000.smt2,a26d02955814d8936e1a114594f8a7526f37bd4f96652bd33e8e57b4f6483c69,chc-comp-2026,LIA-Lin-Arrays,family-balanced 1500-input expansion,chc-comp26-benchmarks-main.zip,912aa7b44471c9e1ed49ba0c2c034dcafa4300a821edaf3bf016618fd0e99b25,https://github.com/chc-comp/chc-comp26-benchmarks,b4fa7a708e5863bbcdb5de50d692ead3a67cbedc,llreve-bench/smt2/arrays/libc__strncmp_2.array_000.smt2,chc-comp-2026/llreve-bench/smt2/arrays/libc__strncmp_2.array_000.yml,709a09ba6fb7f9496ff28c943de0ef02b7421a666aef3174d7071fc5ef568f45,sat_validated
chc-comp-2026/ringen-adt-benchmarks/tip2015/int_mul_ident_right_000.smt2,f3d61ad9a9f97aa29c2a3425f84601dc01482d7430428e184f1d6e56ae62264d,chc-comp-2026,ADT-LIA,family-balanced 1500-input expansion,chc-comp26-benchmarks-main.zip,912aa7b44471c9e1ed49ba0c2c034dcafa4300a821edaf3bf016618fd0e99b25,https://github.com/chc-comp/chc-comp26-benchmarks,b4fa7a708e5863bbcdb5de50d692ead3a67cbedc,ringen-adt-benchmarks/tip2015/int_mul_ident_right_000.smt2,chc-comp-2026/ringen-adt-benchmarks/tip2015/int_mul_ident_right_000.yml,c84f2114eb2c5598322da51c2b558a5341a6927649796aac47dd82897375800b,sat
chc-comp-2026/solidity/unit_tests/types/fixed_bytes_access_2.sol_1_000.smt2,1ea0294a37c1377b85006ea3f50cff709e38abf88bf544141fa176b75a1e3740,chc-comp-2026,ADT-LIA-Arrays,family-balanced 1500-input expansion,chc-comp26-benchmarks-main.zip,912aa7b44471c9e1ed49ba0c2c034dcafa4300a821edaf3bf016618fd0e99b25,https://github.com/chc-comp/chc-comp26-benchmarks,b4fa7a708e5863bbcdb5de50d692ead3a67cbedc,solidity/unit_tests/types/fixed_bytes_access_2.sol_1_000.smt2,chc-comp-2026/solidity/unit_tests/types/fixed_bytes_access_2.sol_1_000.yml,ee944050d5bde2ece40f5feebbe69833fe20a20fd469e8eb061306214c800a8a,sat_validated
chc-comp-2026/eldarica-misc/BV/reve/003d-bv_000.smt2,095fafbcfd22ed9d16f08a405f2934e1a9a4fe266364109226e1d1b03996bfc4,chc-comp-2026,BV-Lin,family-balanced 1500-input expansion,chc-comp26-benchmarks-main.zip,912aa7b44471c9e1ed49ba0c2c034dcafa4300a821edaf3bf016618fd0e99b25,https://github.com/chc-comp/chc-comp26-benchmarks,b4fa7a708e5863bbcdb5de50d692ead3a67cbedc,eldarica-misc/BV/reve/003d-bv_000.smt2,chc-comp-2026/eldarica-misc/BV/reve/003d-bv_000.yml,64647e75b49b615368c3e47c4210198356d747c2aad8ee34a5b6a34ff5c1b339,unsat
chc-comp-2026/rust-horn/prusti-1-pass-rosetta-Ackermann_function-base_000.smt2,1767eebf0310a4e593c6000b186001192ea25dc7e65737e028ca82b78590ab22,chc-comp-2026,LIA,family-balanced 1500-input expansion,chc-comp26-benchmarks-main.zip,912aa7b44471c9e1ed49ba0c2c034dcafa4300a821edaf3bf016618fd0e99b25,https://github.com/chc-comp/chc-comp26-benchmarks,b4fa7a708e5863bbcdb5de50d692ead3a67cbedc,rust-horn/prusti-1-pass-rosetta-Ackermann_function-base_000.smt2,chc-comp-2026/rust-horn/prusti-1-pass-rosetta-Ackermann_function-base_000.yml,18f80160e4e331c3d54c5963e68635ac9d4dde91ff54bd1bce0e2c6ea85c6d8a,sat_validated
chc-comp-2026/eldarica-misc/LIA/llreve/barthe_merged_safe.c-1_000.smt2,3900a4897af782c0c9664ffd500b9de51339e17055746a201a5ceb6b5cdb2127,chc-comp-2026,LIA-Lin,family-balanced 1500-input expansion,chc-comp26-benchmarks-main.zip,912aa7b44471c9e1ed49ba0c2c034dcafa4300a821edaf3bf016618fd0e99b25,https://github.com/chc-comp/chc-comp26-benchmarks,b4fa7a708e5863bbcdb5de50d692ead3a67cbedc,eldarica-misc/LIA/llreve/barthe_merged_safe.c-1_000.smt2,chc-comp-2026/eldarica-misc/LIA/llreve/barthe_merged_safe.c-1_000.yml,e5964148a1fe87cd14f73a7064ca1ab4cf6e335ca9eae4dc9053c5155ee651d5,sat_validated
chc-comp-2026/quic3/data/standard_vararg_true-unreach-call_ground_true-termination_000.smt2,776ba16a9415abea715aae6094cd31c65578f888817f26c10e1f89099b0b576a,chc-comp-2026,LIA-Lin-Arrays,family-balanced 1500-input expansion,chc-comp26-benchmarks-main.zip,912aa7b44471c9e1ed49ba0c2c034dcafa4300a821edaf3bf016618fd0e99b25,https://github.com/chc-comp/chc-comp26-benchmarks,b4fa7a708e5863bbcdb5de50d692ead3a67cbedc,quic3/data/standard_vararg_true-unreach-call_ground_true-termination_000.smt2,chc-comp-2026/quic3/data/standard_vararg_true-unreach-call_ground_true-termination_000.yml,2006970d379a56e7e8a2a2c19443dfd15230117ecd260a77c0a6af1e6ba0c3f3,
chc-comp-2026/tip-adt-lia/tip2015_sort_MSortTDIsSort_000.smt2,bb0648e46ee3c557cfe46817bc6bd3cbb72936d53dcb88ba09d1f1563997fc64,chc-comp-2026,ADT-LIA,family-balanced 1500-input expansion,chc-comp26-benchmarks-main.zip,912aa7b44471c9e1ed49ba0c2c034dcafa4300a821edaf3bf016618fd0e99b25,https://github.com/chc-comp/chc-comp26-benchmarks,b4fa7a708e5863bbcdb5de50d692ead3a67cbedc,tip-adt-lia/tip2015_sort_MSortTDIsSort_000.smt2,chc-comp-2026/tip-adt-lia/tip2015_sort_MSortTDIsSort_000.yml,8c11bab194f2a973e84f4147d03d832d32ad69e14633ddddcfe5741f34c4f6bf,
chc-comp-2026/tricera-adt-arr/adt-arr/dll-backwards.i-valid-deref_000.smt2,7d3158fffd25937935e9539d918a89554e8488c6645896fb7554eaba1b67b1d3,chc-comp-2026,ADT-LIA-Arrays,family-balanced 1500-input expansion,chc-comp26-benchmarks-main.zip,912aa7b44471c9e1ed49ba0c2c034dcafa4300a821edaf3bf016618fd0e99b25,https://github.com/chc-comp/chc-comp26-benchmarks,b4fa7a708e5863bbcdb5de50d692ead3a67cbedc,tricera-adt-arr/adt-arr/dll-backwards.i-valid-deref_000.smt2,chc-comp-2026/tricera-adt-arr/adt-arr/dll-backwards.i-valid-deref_000.yml,4aa82847322ca5e333dc62c66b532e5e6205cf3f71ba10242e2dd77acab27606,
chc-comp-2026/vmt-chc-benchmarks/bv/nest-if8.c_000.smt2,ea2104da47eb877d2421d5f9192f1b150328d45d67aab6640b0199f12d2ea6a3,chc-comp-2026,BV-Lin,family-balanced 1500-input expansion,chc-comp26-benchmarks-main.zip,912aa7b44471c9e1ed49ba0c2c034dcafa4300a821edaf3bf016618fd0e99b25,https://github.com/chc-comp/chc-comp26-benchmarks,b4fa7a708e5863bbcdb5de50d692ead3a67cbedc,vmt-chc-benchmarks/bv/nest-if8.c_000.smt2,chc-comp-2026/vmt-chc-benchmarks/bv/nest-if8.c_000_000.yml,dd1e1afa58dabaeebc4548eb38dc2ec57e6365e7f88fc9fae83dcc19e2b555d3,unsat
chc-comp-2026/ultimate/LIA-NonLin/14_spin2003_simplified_000.smt2,07489d50dfbadb62c55d4b58ec33d4f4dfd54f9d9cb895da888fd0c4555c63f0,chc-comp-2026,LIA,family-balanced 1500-input expansion,chc-comp26-benchmarks-main.zip,912aa7b44471c9e1ed49ba0c2c034dcafa4300a821edaf3bf016618fd0e99b25,https://github.com/chc-comp/chc-comp26-benchmarks,b4fa7a708e5863bbcdb5de50d692ead3a67cbedc,ultimate/LIA-NonLin/14_spin2003_simplified_000.smt2,chc-comp-2026/ultimate/LIA-NonLin/14_spin2003_simplified_000.yml,3ca639e547968344347061a1eba6ec6e2bf1073cbe0c939a54021c5a025fc5a3,sat_validated
chc-comp-2026/hopv/lia/fpice/inductive6_000.smt2,33af9bfb467d49a257e98a962802a390fc7f90448a443c98e148cacb177753af,chc-comp-2026,LIA-Lin,family-balanced 1500-input expansion,chc-comp26-benchmarks-main.zip,912aa7b44471c9e1ed49ba0c2c034dcafa4300a821edaf3bf016618fd0e99b25,https://github.com/chc-comp/chc-comp26-benchmarks,b4fa7a708e5863bbcdb5de50d692ead3a67cbedc,hopv/lia/fpice/inductive6_000.smt2,chc-comp-2026/hopv/lia/fpice/inductive6_000.yml,f0098c0dbcaaf5f37c3154dbc117a50316a71a733b78e7e24c9d3f5ea8ef649d,sat_validated
chc-comp-2026/hcai-bench/svcomp/O0/O0_veris.c_sendmail__tTflag_arr_one_loop_true-unreach-call_true-termination_000.smt2,34888c6a98d44756d39f57accaff132d11e74a7872ea1b4ef2292381ec53b952,chc-comp-2026,LIA-Lin-Arrays,family-balanced 1500-input expansion,chc-comp26-benchmarks-main.zip,912aa7b44471c9e1ed49ba0c2c034dcafa4300a821edaf3bf016618fd0e99b25,https://github.com/chc-comp/chc-comp26-benchmarks,b4fa7a708e5863bbcdb5de50d692ead3a67cbedc,hcai-bench/svcomp/O0/O0_veris.c_sendmail__tTflag_arr_one_loop_true-unreach-call_true-termination_000.smt2,chc-comp-2026/hcai-bench/svcomp/O0/O0_veris.c_sendmail__tTflag_arr_one_loop_true-unreach-call_true-termination_000.yml,1b3aa20e67b107568fddd976d82fa8cee913737cd4d1962fe62c6a8e8f0c1d80,sat_validated
chc-comp-2026/rust-horn/inc-max-3-repeat-unsafe_000.smt2,0e49c331e0cc6575036204fcde03d40f9f491ae5b9cbb2ee79376915abd5ff97,chc-comp-2026,ADT-LIA,family-balanced 1500-input expansion,chc-comp26-benchmarks-main.zip,912aa7b44471c9e1ed49ba0c2c034dcafa4300a821edaf3bf016618fd0e99b25,https://github.com/chc-comp/chc-comp26-benchmarks,b4fa7a708e5863bbcdb5de50d692ead3a67cbedc,rust-horn/inc-max-3-repeat-unsafe_000.smt2,chc-comp-2026/rust-horn/inc-max-3-repeat-unsafe_000.yml,2886921c77fe093982b42e03991e0243287998cb1b517bb3c77bdb355717aee0,unsat
chc-comp-2026/solidity/unit_tests/modifiers/modifier_simple.sol_0_000.smt2,575fadb41bfcd677e9398a3371d42812f5ae467fccd6d31ae32eaa1e56763684,chc-comp-2026,ADT-LIA-Arrays,family-balanced 1500-input expansion,chc-comp26-benchmarks-main.zip,912aa7b44471c9e1ed49ba0c2c034dcafa4300a821edaf3bf016618fd0e99b25,https://github.com/chc-comp/chc-comp26-benchmarks,b4fa7a708e5863bbcdb5de50d692ead3a67cbedc,solidity/unit_tests/modifiers/modifier_simple.sol_0_000.smt2,chc-comp-2026/solidity/unit_tests/modifiers/modifier_simple.sol_0_000.yml,fb24149b5dcd153f7dd34eda05c24f71bc2bc6a37e111baf0d59e0545baad6fe,sat_validated
chc-comp-2026/eldarica-misc/BV/reve/002d-bv_000.smt2,8ff6faaba4acc2fb37a3fa8037bf527d26c2f08f9eae0fdd63238b99eb16355e,chc-comp-2026,BV-Lin,family-balanced 1500-input expansion,chc-comp26-benchmarks-main.zip,912aa7b44471c9e1ed49ba0c2c034dcafa4300a821edaf3bf016618fd0e99b25,https://github.com/chc-comp/chc-comp26-benchmarks,b4fa7a708e5863bbcdb5de50d692ead3a67cbedc,eldarica-misc/BV/reve/002d-bv_000.smt2,chc-comp-2026/eldarica-misc/BV/reve/002d-bv_000.yml,d45423c3adcec21970e9a95bbcac34344760ef1f8b35695409d29a06aaaeed19,unsat
chc-comp-2026/kind2-chc-benchmarks/data/metros_3_e4_987_e1_1115_000.smt2,dc1f3215caf7e0d354fbdfcb0db7929cef5ceff7c35e57e64746466c23357d93,chc-comp-2026,LIA,family-balanced 1500-input expansion,chc-comp26-benchmarks-main.zip,912aa7b44471c9e1ed49ba0c2c034dcafa4300a821edaf3bf016618fd0e99b25,https://github.com/chc-comp/chc-comp26-benchmarks,b4fa7a708e5863bbcdb5de50d692ead3a67cbedc,kind2-chc-benchmarks/data/metros_3_e4_987_e1_1115_000.smt2,chc-comp-2026/kind2-chc-benchmarks/data/metros_3_e4_987_e1_1115_000_000.yml,0b4b8591e10cbcce212baae82efb910029269d581beb04bd25fc007f9d150e66,sat_validated
chc-comp-2026/hcai-bench/svcomp/O3/O3_EvenOdd01_true-unreach-call_true-no-overflow_true-termination_000.smt2,3ef7a75eced43d98c593409d50e94f6d0aed13ef04db9422e1956be3c68fcc31,chc-comp-2026,LIA-Lin,family-balanced 1500-input expansion,chc-comp26-benchmarks-main.zip,912aa7b44471c9e1ed49ba0c2c034dcafa4300a821edaf3bf016618fd0e99b25,https://github.com/chc-comp/chc-comp26-benchmarks,b4fa7a708e5863bbcdb5de50d692ead3a67cbedc,hcai-bench/svcomp/O3/O3_EvenOdd01_true-unreach-call_true-no-overflow_true-termination_000.smt2,chc-comp-2026/hcai-bench/svcomp/O3/O3_EvenOdd01_true-unreach-call_true-no-overflow_true-termination_000.yml,f92d46ec59a6fe3d27c2092be97aa3bec3511fd184727dbca21f01fe39b8faa3,sat_validated
chc-comp-2026/llreve-bench/muz/heap__selsort_000.smt2,c2435022d681929eb612cec90b9acfe463c79a5160a12a30f37bca94670d12bc,chc-comp-2026,LIA-Lin-Arrays,family-balanced 1500-input expansion,chc-comp26-benchmarks-main.zip,912aa7b44471c9e1ed49ba0c2c034dcafa4300a821edaf3bf016618fd0e99b25,https://github.com/chc-comp/chc-comp26-benchmarks,b4fa7a708e5863bbcdb5de50d692ead3a67cbedc,llreve-bench/muz/heap__selsort_000.smt2,chc-comp-2026/llreve-bench/muz/heap__selsort_000_000.yml,a25699c353a192e4b162baa809356503312649816934f58730bea7f1ec33353f,sat_validated
chc-comp-2026/adt-purified-benchmarks/5-linger-dec-linger-dec-00-0.Z3.0_000.smt2,6059b08bc647ca2cec440be5035707e694c7c52afdd782a514b3b65b7af71ae4,chc-comp-2026,ADT-LIA,family-balanced 1500-input expansion,chc-comp26-benchmarks-main.zip,912aa7b44471c9e1ed49ba0c2c034dcafa4300a821edaf3bf016618fd0e99b25,https://github.com/chc-comp/chc-comp26-benchmarks,b4fa7a708e5863bbcdb5de50d692ead3a67cbedc,adt-purified-benchmarks/5-linger-dec-linger-dec-00-0.Z3.0_000.smt2,chc-comp-2026/adt-purified-benchmarks/5-linger-dec-linger-dec-00-0.Z3.0_000.yml,9b2aafff9a44a4e72fb1bea605e1039f1ab10f632b0eb38b756f2fd1406ddd21,unsat
chc-comp-2026/tricera-adt-arr/adt-arr/test-0019_1-1.i-valid-deref_000.smt2,6cebb8f238a2995cfd420b021f8a9c5c1bfca84216898634a62c0bebf3cf5a61,chc-comp-2026,ADT-LIA-Arrays,family-balanced 1500-input expansion,chc-comp26-benchmarks-main.zip,912aa7b44471c9e1ed49ba0c2c034dcafa4300a821edaf3bf016618fd0e99b25,https://github.com/chc-comp/chc-comp26-benchmarks,b4fa7a708e5863bbcdb5de50d692ead3a67cbedc,tricera-adt-arr/adt-arr/test-0019_1-1.i-valid-deref_000.smt2,chc-comp-2026/tricera-adt-arr/adt-arr/test-0019_1-1.i-valid-deref_000.yml,e5ca0e20280d1d95f4ed1108132815395c7ede141e990b3163c9e87e3b0b7f6b,sat_validated
chc-comp-2026/vmt-chc-benchmarks/bv/apache-get-tag.c_000.smt2,badfb323961dd27861927e09ba0967812fd1e8b1ab7c1c020daa6eb29336645f,chc-comp-2026,BV-Lin,family-balanced 1500-input expansion,chc-comp26-benchmarks-main.zip,912aa7b44471c9e1ed49ba0c2c034dcafa4300a821edaf3bf016618fd0e99b25,https://github.com/chc-comp/chc-comp26-benchmarks,b4fa7a708e5863bbcdb5de50d692ead3a67cbedc,vmt-chc-benchmarks/bv/apache-get-tag.c_000.smt2,chc-comp-2026/vmt-chc-benchmarks/bv/apache-get-tag.c_000_000.yml,11435035e948d9b4427ebc4aae91ab1174200c7a8c310beab3dd4adafd8a3794,sat_validated
chc-comp-2026/hcai-bench/svcomp/O3/O3_Ackermann02_false-unreach-call_true-no-overflow_true-termination_000.smt2,1006011f6921ba5f3118ca805942bab0b6b1822d03c13ee9ebb41ab08ce5075b,chc-comp-2026,LIA,family-balanced 1500-input expansion,chc-comp26-benchmarks-main.zip,912aa7b44471c9e1ed49ba0c2c034dcafa4300a821edaf3bf016618fd0e99b25,https://github.com/chc-comp/chc-comp26-benchmarks,b4fa7a708e5863bbcdb5de50d692ead3a67cbedc,hcai-bench/svcomp/O3/O3_Ackermann02_false-unreach-call_true-no-overflow_true-termination_000.smt2,chc-comp-2026/hcai-bench/svcomp/O3/O3_Ackermann02_false-unreach-call_true-no-overflow_true-termination_000.yml,d5d89ad7e00caba5bf653f8b95621233d8b0b250cc333e4993a816d1ac527692,unsat
chc-comp-2026/aeval-benchmarks/multi-phase/s_split_46_000.smt2,7558ae0e1f647dcead17cbde52af2e3d1e1c7856e9fe9f528c953f9fbfc27af7,chc-comp-2026,LIA-Lin,family-balanced 1500-input expansion,chc-comp26-benchmarks-main.zip,912aa7b44471c9e1ed49ba0c2c034dcafa4300a821edaf3bf016618fd0e99b25,https://github.com/chc-comp/chc-comp26-benchmarks,b4fa7a708e5863bbcdb5de50d692ead3a67cbedc,aeval-benchmarks/multi-phase/s_split_46_000.smt2,chc-comp-2026/aeval-benchmarks/multi-phase/s_split_46_000_000.yml,b422957135988c677324092518e9858c0ce2630d6ed4771ee347be584ae2765e,sat_validated
chc-comp-2026/quic3/data/standard_compareModified_true-unreach-call_ground_000.smt2,460d39bed58b9d4de58830cefd41b7f22f8e8db0267cdbfc67599f3b2f10f55d,chc-comp-2026,LIA-Lin-Arrays,family-balanced 1500-input expansion,chc-comp26-benchmarks-main.zip,912aa7b44471c9e1ed49ba0c2c034dcafa4300a821edaf3bf016618fd0e99b25,https://github.com/chc-comp/chc-comp26-benchmarks,b4fa7a708e5863bbcdb5de50d692ead3a67cbedc,quic3/data/standard_compareModified_true-unreach-call_ground_000.smt2,chc-comp-2026/quic3/data/standard_compareModified_true-unreach-call_ground_000.yml,67bfb3f54d713bce6f6845a167894f39944722afe0cb9f022f1bbf1ac19b6a93,
chc-comp-2026/ADTRem/leon/unsat-heap-goal7_000.smt2,5cd5616e49d1cc57b9df09ef443c3574b5cf772411099ac10b14df26ab6d1bd6,chc-comp-2026,ADT-LIA,family-balanced 1500-input expansion,chc-comp26-benchmarks-main.zip,912aa7b44471c9e1ed49ba0c2c034dcafa4300a821edaf3bf016618fd0e99b25,https://github.com/chc-comp/chc-comp26-benchmarks,b4fa7a708e5863bbcdb5de50d692ead3a67cbedc,ADTRem/leon/unsat-heap-goal7_000.smt2,chc-comp-2026/ADTRem/leon/unsat-heap-goal7_000.yml,670e2571b4a3fcbab5fbdf55a77027512a84ee7da53dbb2c373972e8e37cefcf,unsat
chc-comp-2026/solidity/unit_tests/modifiers/modifier_return.sol_0_000.smt2,cad6d1102de581876c5a5354093590a278b01a8ad78d93008c12200d97f93908,chc-comp-2026,ADT-LIA-Arrays,family-balanced 1500-input expansion,chc-comp26-benchmarks-main.zip,912aa7b44471c9e1ed49ba0c2c034dcafa4300a821edaf3bf016618fd0e99b25,https://github.com/chc-comp/chc-comp26-benchmarks,b4fa7a708e5863bbcdb5de50d692ead3a67cbedc,solidity/unit_tests/modifiers/modifier_return.sol_0_000.smt2,chc-comp-2026/solidity/unit_tests/modifiers/modifier_return.sol_0_000.yml,9ac2d619d216ec41838ab6267359d98c36366c2c419db1271103ee5185d1bd67,sat_validated
chc-comp-2026/eldarica-misc/BV/reve/001c-bv_000.smt2,c31d964570b964ffb498b82387adb3a88291f59cfaa3be5a76e44eef603d5adb,chc-comp-2026,BV-Lin,family-balanced 1500-input expansion,chc-comp26-benchmarks-main.zip,912aa7b44471c9e1ed49ba0c2c034dcafa4300a821edaf3bf016618fd0e99b25,https://github.com/chc-comp/chc-comp26-benchmarks,b4fa7a708e5863bbcdb5de50d692ead3a67cbedc,eldarica-misc/BV/reve/001c-bv_000.smt2,chc-comp-2026/eldarica-misc/BV/reve/001c-bv_000.yml,442ddd8aa5aab2cfb5d4e33ec59a429cf26f41c3599443ecdf46b7f1c03b46a8,unsat
chc-comp-2026/hopv/lia/termination/Fibonacci02_000.smt2,e805cbb76d1aee048ee2a5aa51732e7dd177f6998a2e3026d7e524369380b3bc,chc-comp-2026,LIA,family-balanced 1500-input expansion,chc-comp26-benchmarks-main.zip,912aa7b44471c9e1ed49ba0c2c034dcafa4300a821edaf3bf016618fd0e99b25,https://github.com/chc-comp/chc-comp26-benchmarks,b4fa7a708e5863bbcdb5de50d692ead3a67cbedc,hopv/lia/termination/Fibonacci02_000.smt2,chc-comp-2026/hopv/lia/termination/Fibonacci02_000.yml,c82b95f43f000cd20fd54dc5a4d320fa112f79dcf75b684dde6a4984868e6ea3,sat_validated
chc-comp-2026/extra-small-lia/s_multipl_25_000.smt2,781a074c2328d269c0961530ca6e4c43ba58c345a84a9e89c1de6fd8bfae449e,chc-comp-2026,LIA-Lin,family-balanced 1500-input expansion,chc-comp26-benchmarks-main.zip,912aa7b44471c9e1ed49ba0c2c034dcafa4300a821edaf3bf016618fd0e99b25,https://github.com/chc-comp/chc-comp26-benchmarks,b4fa7a708e5863bbcdb5de50d692ead3a67cbedc,extra-small-lia/s_multipl_25_000.smt2,chc-comp-2026/extra-small-lia/s_multipl_25_000.yml,140a274a344e0b9b9d44e699d85bad057b48fef258a0fdc52b0672512936a436,sat
chc-comp-2026/hcai-bench/svcomp/O3/O3_linear_search_false-unreach-call_000.smt2,6a90e3c393f4864369da0e975dc0b29dbf47a0c01e927b135a61baaf0634a285,chc-comp-2026,LIA-Lin-Arrays,family-balanced 1500-input expansion,chc-comp26-benchmarks-main.zip,912aa7b44471c9e1ed49ba0c2c034dcafa4300a821edaf3bf016618fd0e99b25,https://github.com/chc-comp/chc-comp26-benchmarks,b4fa7a708e5863bbcdb5de50d692ead3a67cbedc,hcai-bench/svcomp/O3/O3_linear_search_false-unreach-call_000.smt2,chc-comp-2026/hcai-bench/svcomp/O3/O3_linear_search_false-unreach-call_000.yml,345db9142f365d8a0e12ffee4e362cf9f0e99c2c24eb9ce5964e0eb206187183,unsat
chc-comp-2026/ringen-adt-benchmarks/tip2015/weird_nat_mul3_comm13_000.smt2,1a8723bd22b8003bde44d524bcd2061107e572741f04e40ca0dd241d80e9390e,chc-comp-2026,ADT-LIA,family-balanced 1500-input expansion,chc-comp26-benchmarks-main.zip,912aa7b44471c9e1ed49ba0c2c034dcafa4300a821edaf3bf016618fd0e99b25,https://github.com/chc-comp/chc-comp26-benchmarks,b4fa7a708e5863bbcdb5de50d692ead3a67cbedc,ringen-adt-benchmarks/tip2015/weird_nat_mul3_comm13_000.smt2,chc-comp-2026/ringen-adt-benchmarks/tip2015/weird_nat_mul3_comm13_000.yml,328ec97c626748912d54231ddf9edbcae7edd54d97f5d2c2597a368c20a92542,
chc-comp-2026/tricera-adt-arr/adt-arr/sll-lst-shared.i-valid-deref_000.smt2,265712ffbeb23738f16a9722fa4aa652b45346d64c513394d18c4b0de48f787f,chc-comp-2026,ADT-LIA-Arrays,family-balanced 1500-input expansion,chc-comp26-benchmarks-main.zip,912aa7b44471c9e1ed49ba0c2c034dcafa4300a821edaf3bf016618fd0e99b25,https://github.com/chc-comp/chc-comp26-benchmarks,b4fa7a708e5863bbcdb5de50d692ead3a67cbedc,tricera-adt-arr/adt-arr/sll-lst-shared.i-valid-deref_000.smt2,chc-comp-2026/tricera-adt-arr/adt-arr/sll-lst-shared.i-valid-deref_000.yml,d55a5c4fad0c2f7c24476fd82a588499988f33ec654b8bf74ed6ae0b98a80754,
chc-comp-2026/vmt-chc-benchmarks/bv/gcd_1_safe.c_000.smt2,69d7aa1ce1c16264f34050fca104e3df92c3e5c88776a56437c3a586f3673d86,chc-comp-2026,BV-Lin,family-balanced 1500-input expansion,chc-comp26-benchmarks-main.zip,912aa7b44471c9e1ed49ba0c2c034dcafa4300a821edaf3bf016618fd0e99b25,https://github.com/chc-comp/chc-comp26-benchmarks,b4fa7a708e5863bbcdb5de50d692ead3a67cbedc,vmt-chc-benchmarks/bv/gcd_1_safe.c_000.smt2,chc-comp-2026/vmt-chc-benchmarks/bv/gcd_1_safe.c_000.yml,aac8a39d777a0d6b6a2e61229a2b40e7cbcd29c4b98dc27d76984225c37b0eb7,
chc-comp-2026/synthesis/nay-horn/PLUS_array_search_3_000.smt2,294d63ae2bd110a493306a018e454d22a02d8f2427c60249dec1c90247d7956c,chc-comp-2026,LIA,family-balanced 1500-input expansion,chc-comp26-benchmarks-main.zip,912aa7b44471c9e1ed49ba0c2c034dcafa4300a821edaf3bf016618fd0e99b25,https://github.com/chc-comp/chc-comp26-benchmarks,b4fa7a708e5863bbcdb5de50d692ead3a67cbedc,synthesis/nay-horn/PLUS_array_search_3_000.smt2,chc-comp-2026/synthesis/nay-horn/PLUS_array_search_3_000.yml,a7d5e5af9c53c5b93c329d78dbcd94a6d730d94f4846f2ffacd208edb817fc7e,sat_validated
chc-comp-2026/llreve-bench/smt2/loop__break_000.smt2,ce3933118d9a8f18e530ea3aeeeb051411fbdc9131270859e0bcea4dded35d51,chc-comp-2026,LIA-Lin,family-balanced 1500-input expansion,chc-comp26-benchmarks-main.zip,912aa7b44471c9e1ed49ba0c2c034dcafa4300a821edaf3bf016618fd0e99b25,https://github.com/chc-comp/chc-comp26-benchmarks,b4fa7a708e5863bbcdb5de50d692ead3a67cbedc,llreve-bench/smt2/loop__break_000.smt2,chc-comp-2026/llreve-bench/smt2/loop__break_000_002.yml,2d3b324134ca93710807d47e201ed857b92a54e71d4058d4dbb70a823175fa04,sat_validated
chc-comp-2026/llreve-bench/smt2/arrays/heap__propagate.array_000.smt2,6ee22b0c115a6657d800764807eb35b6278b3d2f71b1eb4d749914f5dbf9ded9,chc-comp-2026,LIA-Lin-Arrays,family-balanced 1500-input expansion,chc-comp26-benchmarks-main.zip,912aa7b44471c9e1ed49ba0c2c034dcafa4300a821edaf3bf016618fd0e99b25,https://github.com/chc-comp/chc-comp26-benchmarks,b4fa7a708e5863bbcdb5de50d692ead3a67cbedc,llreve-bench/smt2/arrays/heap__propagate.array_000.smt2,chc-comp-2026/llreve-bench/smt2/arrays/heap__propagate.array_000.yml,edd703908ee650c0a6a12676383f0cae8e32e6baf49f3f050992dc4a89556a7f,sat
chc-comp-2026/tip-adt-lia/tip2015_bin_nat_plus_assoc_000.smt2,45a37fa1a58c734fcd5d21b7721db477085a7a464d5f660d94d21c1f16a539a6,chc-comp-2026,ADT-LIA,family-balanced 1500-input expansion,chc-comp26-benchmarks-main.zip,912aa7b44471c9e1ed49ba0c2c034dcafa4300a821edaf3bf016618fd0e99b25,https://github.com/chc-comp/chc-comp26-benchmarks,b4fa7a708e5863bbcdb5de50d692ead3a67cbedc,tip-adt-lia/tip2015_bin_nat_plus_assoc_000.smt2,chc-comp-2026/tip-adt-lia/tip2015_bin_nat_plus_assoc_000.yml,e8853a382093e64befaad2aa116546009de0bb017ebc6872f5dd30cbea72acd8,
chc-comp-2026/solidity/unit_tests/modifiers/modifier_parameter_copy.sol_0_000.smt2,9ca00a2fc3361f5d98951762314dbb9f7bfd1911e88144e57e2a639ed6d8948b,chc-comp-2026,ADT-LIA-Arrays,family-balanced 1500-input expansion,chc-comp26-benchmarks-main.zip,912aa7b44471c9e1ed49ba0c2c034dcafa4300a821edaf3bf016618fd0e99b25,https://github.com/chc-comp/chc-comp26-benchmarks,b4fa7a708e5863bbcdb5de50d692ead3a67cbedc,solidity/unit_tests/modifiers/modifier_parameter_copy.sol_0_000.smt2,chc-comp-2026/solidity/unit_tests/modifiers/modifier_parameter_copy.sol_0_000.yml,123f5a1266c8760fa87e84ac22a57f7d5683cb211b68101846221ad036d1ec74,unsat
chc-comp-2026/eldarica-misc/BV/reve/004b-horn-bv_000.smt2,aa674202aa231907b624366bc25bc49e3adb947cea39bb7fbdfa8b709b3e283c,chc-comp-2026,BV-Lin,family-balanced 1500-input expansion,chc-comp26-benchmarks-main.zip,912aa7b44471c9e1ed49ba0c2c034dcafa4300a821edaf3bf016618fd0e99b25,https://github.com/chc-comp/chc-comp26-benchmarks,b4fa7a708e5863bbcdb5de50d692ead3a67cbedc,eldarica-misc/BV/reve/004b-horn-bv_000.smt2,chc-comp-2026/eldarica-misc/BV/reve/004b-horn-bv_000.yml,ad9c62773ec22b556e91d028fff34f6337d88e33659642a9479ffafa5f2461c1,
chc-comp-2026/llreve-bench/smt2/quant/clausified-no-arrays/libc__memset_1_000.smt2,92f047d5ff20d8bc15813598cf638033a8351a63f5505c38fbfbeb72191df87a,chc-comp-2026,LIA,family-balanced 1500-input expansion,chc-comp26-benchmarks-main.zip,912aa7b44471c9e1ed49ba0c2c034dcafa4300a821edaf3bf016618fd0e99b25,https://github.com/chc-comp/chc-comp26-benchmarks,b4fa7a708e5863bbcdb5de50d692ead3a67cbedc,llreve-bench/smt2/quant/clausified-no-arrays/libc__memset_1_000.smt2,chc-comp-2026/llreve-bench/smt2/quant/clausified-no-arrays/libc__memset_1_000_001.yml,4034e7e54048a755288fea7e1558ee632ce9a9da9162797804eed83644611e91,sat_validated
chc-comp-2026/aeval-unsafe/s_split_36_000.smt2,d4d068b3f831a71f0e6d73991c999044e597cde29b39d1a0c43ed5fae629f24e,chc-comp-2026,LIA-Lin,family-balanced 1500-input expansion,chc-comp26-benchmarks-main.zip,912aa7b44471c9e1ed49ba0c2c034dcafa4300a821edaf3bf016618fd0e99b25,https://github.com/chc-comp/chc-comp26-benchmarks,b4fa7a708e5863bbcdb5de50d692ead3a67cbedc,aeval-unsafe/s_split_36_000.smt2,chc-comp-2026/aeval-unsafe/s_split_36_000_001.yml,99e6c5962ba565ddd1e2eec06907a4b3e64a6ff142889aa6abcf824617808069,unsat
chc-comp-2026/quic3/data/sanfoundry_27_true-unreach-call_ground_000.smt2,58bf8660022ed557b2e4aea8fe546dcf435ca115bb97e940a5449e01c5479354,chc-comp-2026,LIA-Lin-Arrays,family-balanced 1500-input expansion,chc-comp26-benchmarks-main.zip,912aa7b44471c9e1ed49ba0c2c034dcafa4300a821edaf3bf016618fd0e99b25,https://github.com/chc-comp/chc-comp26-benchmarks,b4fa7a708e5863bbcdb5de50d692ead3a67cbedc,quic3/data/sanfoundry_27_true-unreach-call_ground_000.smt2,chc-comp-2026/quic3/data/sanfoundry_27_true-unreach-call_ground_000.yml,64eb7446172231d7b50eb1655962e7826ef1db7cd73ae6248604f3f36ccff66e,
chc-comp-2026/rust-horn/lists-1-append-unsafe_000.smt2,9d46539bf66cb8303e79d534a327442c97f023f489bd045a9b1fe248cf9bc6c0,chc-comp-2026,ADT-LIA,family-balanced 1500-input expansion,chc-comp26-benchmarks-main.zip,912aa7b44471c9e1ed49ba0c2c034dcafa4300a821edaf3bf016618fd0e99b25,https://github.com/chc-comp/chc-comp26-benchmarks,b4fa7a708e5863bbcdb5de50d692ead3a67cbedc,rust-horn/lists-1-append-unsafe_000.smt2,chc-comp-2026/rust-horn/lists-1-append-unsafe_000.yml,1df934beeb9d65475589714c22fbbbdd59bb5be57480c0e0bc31c55f1581970f,unsat
chc-comp-2026/tricera-adt-arr/adt-arr/dll_nondet_free_order-1.i-valid-deref_000.smt2,302b29d560694eee2f591e35896b1c6e2500a72525d689800dcf59905f3a0408,chc-comp-2026,ADT-LIA-Arrays,family-balanced 1500-input expansion,chc-comp26-benchmarks-main.zip,912aa7b44471c9e1ed49ba0c2c034dcafa4300a821edaf3bf016618fd0e99b25,https://github.com/chc-comp/chc-comp26-benchmarks,b4fa7a708e5863bbcdb5de50d692ead3a67cbedc,tricera-adt-arr/adt-arr/dll_nondet_free_order-1.i-valid-deref_000.smt2,chc-comp-2026/tricera-adt-arr/adt-arr/dll_nondet_free_order-1.i-valid-deref_000.yml,07b1669bdb4115949f696ba636a6f910ae6cc30fd0192437ac6022eb9de96fa9,sat_validated
chc-comp-2026/vmt-chc-benchmarks/bv/up4.c_000.smt2,9933fcc7803d21cd4b5e4532ba0f24c74250aaef221c514dd62213e7d6096abb,chc-comp-2026,BV-Lin,family-balanced 1500-input expansion,chc-comp26-benchmarks-main.zip,912aa7b44471c9e1ed49ba0c2c034dcafa4300a821edaf3bf016618fd0e99b25,https://github.com/chc-comp/chc-comp26-benchmarks,b4fa7a708e5863bbcdb5de50d692ead3a67cbedc,vmt-chc-benchmarks/bv/up4.c_000.smt2,chc-comp-2026/vmt-chc-benchmarks/bv/up4.c_000_000.yml,d2adf13273af70b20dd463110771a74ad9e4cbb6ddeed38e370b20c61a228ed6,sat_validated
chc-comp-2026/eldarica-misc/LIA/reve/006b-horn_000.smt2,5dd944edad346dfd30ce0121276c33f484a2c8f2273c024688211115c760111c,chc-comp-2026,LIA,family-balanced 1500-input expansion,chc-comp26-benchmarks-main.zip,912aa7b44471c9e1ed49ba0c2c034dcafa4300a821edaf3bf016618fd0e99b25,https://github.com/chc-comp/chc-comp26-benchmarks,b4fa7a708e5863bbcdb5de50d692ead3a67cbedc,eldarica-misc/LIA/reve/006b-horn_000.smt2,chc-comp-2026/eldarica-misc/LIA/reve/006b-horn_000.yml,9ce32dae3ee0a1bd7eff51732ef2952f17f9dd5c6493aa3b415e95a1a4d17a82,sat_validated
chc-comp-2026/rust-horn/bmc-5-test-bmc-diamond-2-safe_000.smt2,18b3e8c0b38faceb13562437f1eec059183c0dcfeda6fbfe5b75c7ac95fd5099,chc-comp-2026,LIA-Lin,family-balanced 1500-input expansion,chc-comp26-benchmarks-main.zip,912aa7b44471c9e1ed49ba0c2c034dcafa4300a821edaf3bf016618fd0e99b25,https://github.com/chc-comp/chc-comp26-benchmarks,b4fa7a708e5863bbcdb5de50d692ead3a67cbedc,rust-horn/bmc-5-test-bmc-diamond-2-safe_000.smt2,chc-comp-2026/rust-horn/bmc-5-test-bmc-diamond-2-safe_000.yml,9ec133e00695c50a380b24ff4de4e64c11cd8a8f92d94a17e8374a673cb96613,sat_validated
chc-comp-2026/hcai-bench/svcomp/O3/O3_n.c40_true-unreach-call_true-termination_000.smt2,dba38e1c77ecd3974e44a57a1e3a9aa18eef7e3c1906489dc566f871305fd02d,chc-comp-2026,LIA-Lin-Arrays,family-balanced 1500-input expansion,chc-comp26-benchmarks-main.zip,912aa7b44471c9e1ed49ba0c2c034dcafa4300a821edaf3bf016618fd0e99b25,https://github.com/chc-comp/chc-comp26-benchmarks,b4fa7a708e5863bbcdb5de50d692ead3a67cbedc,hcai-bench/svcomp/O3/O3_n.c40_true-unreach-call_true-termination_000.smt2,chc-comp-2026/hcai-bench/svcomp/O3/O3_n.c40_true-unreach-call_true-termination_000.yml,fffeea7d90db50578d775ab5d1a8c381392087d45574b6a157fb0ab7f8659ca0,sat_validated
chc-comp-2026/adt-purified-benchmarks/6-lists-1-inc-sum-length-1.Z3.0_000.smt2,5ab8f4fe5ca46e9c35d7bf5b77b4b70187044d0f76bd54a9a6127482020c17ca,chc-comp-2026,ADT-LIA,family-balanced 1500-input expansion,chc-comp26-benchmarks-main.zip,912aa7b44471c9e1ed49ba0c2c034dcafa4300a821edaf3bf016618fd0e99b25,https://github.com/chc-comp/chc-comp26-benchmarks,b4fa7a708e5863bbcdb5de50d692ead3a67cbedc,adt-purified-benchmarks/6-lists-1-inc-sum-length-1.Z3.0_000.smt2,chc-comp-2026/adt-purified-benchmarks/6-lists-1-inc-sum-length-1.Z3.0_000.yml,708407ce722893ef8f5cbfc64c8a7d6717ba21f9f9d93a2137b0e8fbac0ea037,unsat
chc-comp-2026/solidity/unit_tests/loops/while_break_direct.sol_0_000.smt2,c7a2efeed9d77d31f4d5e32447c719f750d8490617e14de28cc84e667cd54a3d,chc-comp-2026,ADT-LIA-Arrays,family-balanced 1500-input expansion,chc-comp26-benchmarks-main.zip,912aa7b44471c9e1ed49ba0c2c034dcafa4300a821edaf3bf016618fd0e99b25,https://github.com/chc-comp/chc-comp26-benchmarks,b4fa7a708e5863bbcdb5de50d692ead3a67cbedc,solidity/unit_tests/loops/while_break_direct.sol_0_000.smt2,chc-comp-2026/solidity/unit_tests/loops/while_break_direct.sol_0_000.yml,ccc73d2d55540c43852c619d78e6d6cceaea7d739251024a713f38c6a0cb04ea,sat_validated
chc-comp-2026/eldarica-misc/BV/reve/018b-horn-bv_000.smt2,3d792b30b15b7b49ced8e0ee4390427b2f08855d9cefdb819c7f8bad41fa715c,chc-comp-2026,BV-Lin,family-balanced 1500-input expansion,chc-comp26-benchmarks-main.zip,912aa7b44471c9e1ed49ba0c2c034dcafa4300a821edaf3bf016618fd0e99b25,https://github.com/chc-comp/chc-comp26-benchmarks,b4fa7a708e5863bbcdb5de50d692ead3a67cbedc,eldarica-misc/BV/reve/018b-horn-bv_000.smt2,chc-comp-2026/eldarica-misc/BV/reve/018b-horn-bv_000.yml,a96c2148a5d2dd57eccfd8d69633ad9cafced6e1006e7b3f5a2bc3b6c3e11301,unsat
chc-comp-2026/ultimate/LIA-NonLin/29_conditionals_vs_simplified_000.smt2,7a15b6eb2512f3f3942c97501f5a60bc6c3d3932662cdca8fcadb3763d80077a,chc-comp-2026,LIA,family-balanced 1500-input expansion,chc-comp26-benchmarks-main.zip,912aa7b44471c9e1ed49ba0c2c034dcafa4300a821edaf3bf016618fd0e99b25,https://github.com/chc-comp/chc-comp26-benchmarks,b4fa7a708e5863bbcdb5de50d692ead3a67cbedc,ultimate/LIA-NonLin/29_conditionals_vs_simplified_000.smt2,chc-comp-2026/ultimate/LIA-NonLin/29_conditionals_vs_simplified_000.yml,f166531aa970e4e175f847db1dc48cf7bc26108e5a67ce03ca79df5a8b38c490,sat_validated
chc-comp-2026/vmt-chc-benchmarks/ctigar/nested9.c_000.smt2,0190cefedc79423cf6bf3bd9bc2637b4feeaa23c4217ece27693f8628aaaa907,chc-comp-2026,LIA-Lin,family-balanced 1500-input expansion,chc-comp26-benchmarks-main.zip,912aa7b44471c9e1ed49ba0c2c034dcafa4300a821edaf3bf016618fd0e99b25,https://github.com/chc-comp/chc-comp26-benchmarks,b4fa7a708e5863bbcdb5de50d692ead3a67cbedc,vmt-chc-benchmarks/ctigar/nested9.c_000.smt2,chc-comp-2026/vmt-chc-benchmarks/ctigar/nested9.c_000_001.yml,94f420b619866551daf625f2c5b2834bb0f9b925091956f4b1b6a43c12ec8a3e,sat_validated
chc-comp-2026/llreve-bench/smt2/arrays/libc__strcspn.array_000.smt2,8e89ffcf49b81736544c6c768071d17e2a41b4a7a465499c0dd4018813d23fd8,chc-comp-2026,LIA-Lin-Arrays,family-balanced 1500-input expansion,chc-comp26-benchmarks-main.zip,912aa7b44471c9e1ed49ba0c2c034dcafa4300a821edaf3bf016618fd0e99b25,https://github.com/chc-comp/chc-comp26-benchmarks,b4fa7a708e5863bbcdb5de50d692ead3a67cbedc,llreve-bench/smt2/arrays/libc__strcspn.array_000.smt2,chc-comp-2026/llreve-bench/smt2/arrays/libc__strcspn.array_000.yml,005f930a266e3070742c40768146dbaff4505693e39b52c7792c2fd2822f1ab0,sat_validated
chc-comp-2026/ADTRem/isaplanner/goal84_000.smt2,a3ffab46c93b3e921f51cefdb8094c9102dc2adcacc4b478dd2cb20b71075d13,chc-comp-2026,ADT-LIA,family-balanced 1500-input expansion,chc-comp26-benchmarks-main.zip,912aa7b44471c9e1ed49ba0c2c034dcafa4300a821edaf3bf016618fd0e99b25,https://github.com/chc-comp/chc-comp26-benchmarks,b4fa7a708e5863bbcdb5de50d692ead3a67cbedc,ADTRem/isaplanner/goal84_000.smt2,chc-comp-2026/ADTRem/isaplanner/goal84_000.yml,ea3edd4d8436ae7477ff46326d63b7805655fb2e771e330a32cdfb06e3f88020,sat
chc-comp-2026/tricera-adt-arr/adt-arr/dll.i-valid-deref_000.smt2,c5c1001831ee0ce8a5b520558a6c309257a03f11582b8a42e739411f3c33bd6f,chc-comp-2026,ADT-LIA-Arrays,family-balanced 1500-input expansion,chc-comp26-benchmarks-main.zip,912aa7b44471c9e1ed49ba0c2c034dcafa4300a821edaf3bf016618fd0e99b25,https://github.com/chc-comp/chc-comp26-benchmarks,b4fa7a708e5863bbcdb5de50d692ead3a67cbedc,tricera-adt-arr/adt-arr/dll.i-valid-deref_000.smt2,chc-comp-2026/tricera-adt-arr/adt-arr/dll.i-valid-deref_000.yml,d0b99db611d85d1f7423db0c38a0ea028840adb9ca158e44d2929ec4f623c8b2,
chc-comp-2026/vmt-chc-benchmarks/bv/nested3.c_000.smt2,fcb5a56cc5cf9d465ae3d82616eda9b4d8b474636ee2774b12d0a494beb2278c,chc-comp-2026,BV-Lin,family-balanced 1500-input expansion,chc-comp26-benchmarks-main.zip,912aa7b44471c9e1ed49ba0c2c034dcafa4300a821edaf3bf016618fd0e99b25,https://github.com/chc-comp/chc-comp26-benchmarks,b4fa7a708e5863bbcdb5de50d692ead3a67cbedc,vmt-chc-benchmarks/bv/nested3.c_000.smt2,chc-comp-2026/vmt-chc-benchmarks/bv/nested3.c_000_000.yml,3635150155bc9a91b6d6a0466c8f7ae2361f102d2647979b2f41ca69fa87ebcc,sat_validated
chc-comp-2026/kind2-chc-benchmarks/data/speed2_e8_449_e7_353_000.smt2,88cda62615278e3ad5f3efc80b52d7953b320e60b1328ffe25ba1d2381a14312,chc-comp-2026,LIA,family-balanced 1500-input expansion,chc-comp26-benchmarks-main.zip,912aa7b44471c9e1ed49ba0c2c034dcafa4300a821edaf3bf016618fd0e99b25,https://github.com/chc-comp/chc-comp26-benchmarks,b4fa7a708e5863bbcdb5de50d692ead3a67cbedc,kind2-chc-benchmarks/data/speed2_e8_449_e7_353_000.smt2,chc-comp-2026/kind2-chc-benchmarks/data/speed2_e8_449_e7_353_000_000.yml,b52f43e3d8c25844db1eb8d7d5761badaf2c0b387ac10bc44259e42f4a4f18f5,sat_validated
chc-comp-2026/eldarica-misc/LIA/reve/012b-horn_000.smt2,ca77132015d4dcbd922b7ac9b60d2188f43592ecc4d6bf80dda33aa369d527d6,chc-comp-2026,LIA-Lin,family-balanced 1500-input expansion,chc-comp26-benchmarks-main.zip,912aa7b44471c9e1ed49ba0c2c034dcafa4300a821edaf3bf016618fd0e99b25,https://github.com/chc-comp/chc-comp26-benchmarks,b4fa7a708e5863bbcdb5de50d692ead3a67cbedc,eldarica-misc/LIA/reve/012b-horn_000.smt2,chc-comp-2026/eldarica-misc/LIA/reve/012b-horn_000.yml,3373480049c2150db915803bfff8d28b7291b46ce3bf5cba1d55dd03fa70d3fc,sat
chc-comp-2026/quic3/data/array_mul_init_true-unreach-call_1_000.smt2,6b901d288b0e4928bae44fa1bce7d32d322c834941b2e7eb365733e1d158f9d0,chc-comp-2026,LIA-Lin-Arrays,family-balanced 1500-input expansion,chc-comp26-benchmarks-main.zip,912aa7b44471c9e1ed49ba0c2c034dcafa4300a821edaf3bf016618fd0e99b25,https://github.com/chc-comp/chc-comp26-benchmarks,b4fa7a708e5863bbcdb5de50d692ead3a67cbedc,quic3/data/array_mul_init_true-unreach-call_1_000.smt2,chc-comp-2026/quic3/data/array_mul_init_true-unreach-call_1_000.yml,b05e3653e1abe875dcb14aa56621d4f971be8c866a2b227f11f1fa9e3d02ac01,
chc-comp-2026/ringen-adt-benchmarks/prod/prop_34_000.smt2,6c7d895c74e73ae75a177031bf3b8680cde35a5ebf47e97196b4ff43c605da22,chc-comp-2026,ADT-LIA,family-balanced 1500-input expansion,chc-comp26-benchmarks-main.zip,912aa7b44471c9e1ed49ba0c2c034dcafa4300a821edaf3bf016618fd0e99b25,https://github.com/chc-comp/chc-comp26-benchmarks,b4fa7a708e5863bbcdb5de50d692ead3a67cbedc,ringen-adt-benchmarks/prod/prop_34_000.smt2,chc-comp-2026/ringen-adt-benchmarks/prod/prop_34_000_001.yml,212d6fe843f5a6f7102d2ea90ee091afea4ef9054142453fef3cec84e4ac86c0,
chc-comp-2026/solidity/unit_tests/operators/bitwise_and_rational.sol_1_000.smt2,4c7fd1fedbbc7d91ea3aeba7795b162e649ff39dbf1297d6e85d61e8db626dd6,chc-comp-2026,ADT-LIA-Arrays,family-balanced 1500-input expansion,chc-comp26-benchmarks-main.zip,912aa7b44471c9e1ed49ba0c2c034dcafa4300a821edaf3bf016618fd0e99b25,https://github.com/chc-comp/chc-comp26-benchmarks,b4fa7a708e5863bbcdb5de50d692ead3a67cbedc,solidity/unit_tests/operators/bitwise_and_rational.sol_1_000.smt2,chc-comp-2026/solidity/unit_tests/operators/bitwise_and_rational.sol_1_000.yml,f3569bed2226369d22e57276d8b60b027c428958369eaea869c59770d72518f9,sat_validated
chc-comp-2026/eldarica-misc/BV/reve/018-horn-bv_000.smt2,1f318106d800e48fca2606c894f9fcd6ccbfd48b1b25e7c36cb6082482b51244,chc-comp-2026,BV-Lin,family-balanced 1500-input expansion,chc-comp26-benchmarks-main.zip,912aa7b44471c9e1ed49ba0c2c034dcafa4300a821edaf3bf016618fd0e99b25,https://github.com/chc-comp/chc-comp26-benchmarks,b4fa7a708e5863bbcdb5de50d692ead3a67cbedc,eldarica-misc/BV/reve/018-horn-bv_000.smt2,chc-comp-2026/eldarica-misc/BV/reve/018-horn-bv_000.yml,f214870bdb9f6ac1513c39164c34f8b3e86c5e0d94185f4e4ea5ca6f57f383e7,unsat
chc-comp-2026/hcai-bench/svcomp/O3/O3_fibo_7_true-unreach-call_000.smt2,eed4b75370e541f2100065ae353268b37781ba3b2fb3fb7338483d6dbafe59f8,chc-comp-2026,LIA,family-balanced 1500-input expansion,chc-comp26-benchmarks-main.zip,912aa7b44471c9e1ed49ba0c2c034dcafa4300a821edaf3bf016618fd0e99b25,https://github.com/chc-comp/chc-comp26-benchmarks,b4fa7a708e5863bbcdb5de50d692ead3a67cbedc,hcai-bench/svcomp/O3/O3_fibo_7_true-unreach-call_000.smt2,chc-comp-2026/hcai-bench/svcomp/O3/O3_fibo_7_true-unreach-call_000.yml,48bb95e280789df87d2d78cf0cca0e5931859e435fd784f1c6f8a13a1fc85ae4,sat_validated
chc-comp-2026/hopv/lia/termination/Ackermann00_000.smt2,8ff2afdbe3bc7b981d3e9dfabd0ccd4569a5a0d4b81ab4cb3bc4d947d47160a6,chc-comp-2026,LIA-Lin,family-balanced 1500-input expansion,chc-comp26-benchmarks-main.zip,912aa7b44471c9e1ed49ba0c2c034dcafa4300a821edaf3bf016618fd0e99b25,https://github.com/chc-comp/chc-comp26-benchmarks,b4fa7a708e5863bbcdb5de50d692ead3a67cbedc,hopv/lia/termination/Ackermann00_000.smt2,chc-comp-2026/hopv/lia/termination/Ackermann00_000.yml,f4f91b81e2b85b6caeeecf78f8b3e358b2f0fad8e5d5ef02bcde7b487a1d2921,sat_validated
chc-comp-2026/hcai-bench/svcomp/O0/O0_n.c40_true-unreach-call_true-termination_000.smt2,ad1d0e8ad451ddc70e6fb81cf5e1bf6bf7a4d225f66191a8309baa912a26d092,chc-comp-2026,LIA-Lin-Arrays,family-balanced 1500-input expansion,chc-comp26-benchmarks-main.zip,912aa7b44471c9e1ed49ba0c2c034dcafa4300a821edaf3bf016618fd0e99b25,https://github.com/chc-comp/chc-comp26-benchmarks,b4fa7a708e5863bbcdb5de50d692ead3a67cbedc,hcai-bench/svcomp/O0/O0_n.c40_true-unreach-call_true-termination_000.smt2,chc-comp-2026/hcai-bench/svcomp/O0/O0_n.c40_true-unreach-call_true-termination_000.yml,e3b5e86009a3297276f9ed351fca4b251c7bcb2c7748be023c157f3f72224696,sat_validated
chc-comp-2026/tip-adt-lia/false_regexp_star_seq_000.smt2,ac7456cfaad5b86df38cb8f2a221e4c10476e13f503f3027952e69b702fa9aea,chc-comp-2026,ADT-LIA,family-balanced 1500-input expansion,chc-comp26-benchmarks-main.zip,912aa7b44471c9e1ed49ba0c2c034dcafa4300a821edaf3bf016618fd0e99b25,https://github.com/chc-comp/chc-comp26-benchmarks,b4fa7a708e5863bbcdb5de50d692ead3a67cbedc,tip-adt-lia/false_regexp_star_seq_000.smt2,chc-comp-2026/tip-adt-lia/false_regexp_star_seq_000.yml,22e3c38b268576ee89c108cab43406902cfa8a9781b9be38cd259b6ef9d6df08,
chc-comp-2026/tricera-adt-arr/adt-arr/sll_shallow_copy-1.i-valid-deref_000.smt2,50d333adf7b56b4aedee4cc1716071f89d08071e89838eb5a7b8121fb4eab519,chc-comp-2026,ADT-LIA-Arrays,family-balanced 1500-input expansion,chc-comp26-benchmarks-main.zip,912aa7b44471c9e1ed49ba0c2c034dcafa4300a821edaf3bf016618fd0e99b25,https://github.com/chc-comp/chc-comp26-benchmarks,b4fa7a708e5863bbcdb5de50d692ead3a67cbedc,tricera-adt-arr/adt-arr/sll_shallow_copy-1.i-valid-deref_000.smt2,chc-comp-2026/tricera-adt-arr/adt-arr/sll_shallow_copy-1.i-valid-deref_000.yml,c28a6b96265d8830171ad22380de0c2118eb36ea837b881ac4e52736d9b4165f,sat_validated
chc-comp-2026/vmt-chc-benchmarks/bv/gcd_3_safe.c_000.smt2,f2ff516c78d491c1b57c529f1ab51c00e2b49934213b3ec964e16ba5a3347c49,chc-comp-2026,BV-Lin,family-balanced 1500-input expansion,chc-comp26-benchmarks-main.zip,912aa7b44471c9e1ed49ba0c2c034dcafa4300a821edaf3bf016618fd0e99b25,https://github.com/chc-comp/chc-comp26-benchmarks,b4fa7a708e5863bbcdb5de50d692ead3a67cbedc,vmt-chc-benchmarks/bv/gcd_3_safe.c_000.smt2,chc-comp-2026/vmt-chc-benchmarks/bv/gcd_3_safe.c_000.yml,a11b02715273f26dc60d89022762d03a5b46006957f0ae25af86bb27becc489e,
chc-comp-2026/hopv/lia/mochi/mc91_98_000.smt2,3507554ec250c6628535187c67b17e4eabd5c1fdf7753cb729f5011e557ef0e2,chc-comp-2026,LIA,family-balanced 1500-input expansion,chc-comp26-benchmarks-main.zip,912aa7b44471c9e1ed49ba0c2c034dcafa4300a821edaf3bf016618fd0e99b25,https://github.com/chc-comp/chc-comp26-benchmarks,b4fa7a708e5863bbcdb5de50d692ead3a67cbedc,hopv/lia/mochi/mc91_98_000.smt2,chc-comp-2026/hopv/lia/mochi/mc91_98_000.yml,773c7a4041711b49ee7cf5578cb0cc34f4bf9386d7f827cb7c511d7210684329,sat_validated
chc-comp-2026/aeval-benchmarks/multi-phase/s_split_51_000.smt2,592780d8182612d040a9b411ad193d9b2defea7a3e235875aaadade245c80218,chc-comp-2026,LIA-Lin,family-balanced 1500-input expansion,chc-comp26-benchmarks-main.zip,912aa7b44471c9e1ed49ba0c2c034dcafa4300a821edaf3bf016618fd0e99b25,https://github.com/chc-comp/chc-comp26-benchmarks,b4fa7a708e5863bbcdb5de50d692ead3a67cbedc,aeval-benchmarks/multi-phase/s_split_51_000.smt2,chc-comp-2026/aeval-benchmarks/multi-phase/s_split_51_000_000.yml,be4ef3c3fc39a202c6695e31910cc407d84cbeec268eb1cd886ed999cf2d50d8,sat
chc-comp-2026/llreve-bench/smt2/arrays/libc__memchr_1.array_000.smt2,0f9fba1a6698e8b082f1521621d08235da235addb32da663b9b4444186ca41f2,chc-comp-2026,LIA-Lin-Arrays,family-balanced 1500-input expansion,chc-comp26-benchmarks-main.zip,912aa7b44471c9e1ed49ba0c2c034dcafa4300a821edaf3bf016618fd0e99b25,https://github.com/chc-comp/chc-comp26-benchmarks,b4fa7a708e5863bbcdb5de50d692ead3a67cbedc,llreve-bench/smt2/arrays/libc__memchr_1.array_000.smt2,chc-comp-2026/llreve-bench/smt2/arrays/libc__memchr_1.array_000.yml,ab993e619d3853438be6a1142d78f5be70642cec16d5d61739f2d12ea0dc9421,sat_validated
chc-comp-2026/rust-horn/swap-dec-2-base3-safe_000.smt2,c1ee2302fcbaffdd022cb18f0602cb6ec45f1f396d0845e59380fdf8b90ccd77,chc-comp-2026,ADT-LIA,family-balanced 1500-input expansion,chc-comp26-benchmarks-main.zip,912aa7b44471c9e1ed49ba0c2c034dcafa4300a821edaf3bf016618fd0e99b25,https://github.com/chc-comp/chc-comp26-benchmarks,b4fa7a708e5863bbcdb5de50d692ead3a67cbedc,rust-horn/swap-dec-2-base3-safe_000.smt2,chc-comp-2026/rust-horn/swap-dec-2-base3-safe_000.yml,c2b540f7e7712fedf750a523ce5b741dbf0774090ded3992a652f639557ba9e9,sat_validated
chc-comp-2026/solidity/unit_tests/blockchain_state/balance_non_zero_2.sol_1_000.smt2,5b3e8a8d51c26c1d6858c55bec7a26f3362dee915f3e1ccb9d160b5c0b09ed7c,chc-comp-2026,ADT-LIA-Arrays,family-balanced 1500-input expansion,chc-comp26-benchmarks-main.zip,912aa7b44471c9e1ed49ba0c2c034dcafa4300a821edaf3bf016618fd0e99b25,https://github.com/chc-comp/chc-comp26-benchmarks,b4fa7a708e5863bbcdb5de50d692ead3a67cbedc,solidity/unit_tests/blockchain_state/balance_non_zero_2.sol_1_000.smt2,chc-comp-2026/solidity/unit_tests/blockchain_state/balance_non_zero_2.sol_1_000.yml,175bf30bf59ae40720a123a142c899916e470307798cd5bcdb00f644e8a4868c,unsat
chc-comp-2026/eldarica-misc/BV/reve/020-horn-bv_000.smt2,71457546b63f0b7986e76857b243d6888c42f4afa871d32142ede1fff51d7d9f,chc-comp-2026,BV-Lin,family-balanced 1500-input expansion,chc-comp26-benchmarks-main.zip,912aa7b44471c9e1ed49ba0c2c034dcafa4300a821edaf3bf016618fd0e99b25,https://github.com/chc-comp/chc-comp26-benchmarks,b4fa7a708e5863bbcdb5de50d692ead3a67cbedc,eldarica-misc/BV/reve/020-horn-bv_000.smt2,chc-comp-2026/eldarica-misc/BV/reve/020-horn-bv_000.yml,cc2940a7e2d97cecddfde7676270461393acaf76a7e2cae846428d4ff41fc921,unsat
chc-comp-2026/synthesis/nay-horn/CONST_sum_4_5_000.smt2,2d3472ac0408bbd8377dd45ad4abfbc5ab2fc0f0772b4c39586bccbcff9576da,chc-comp-2026,LIA,family-balanced 1500-input expansion,chc-comp26-benchmarks-main.zip,912aa7b44471c9e1ed49ba0c2c034dcafa4300a821edaf3bf016618fd0e99b25,https://github.com/chc-comp/chc-comp26-benchmarks,b4fa7a708e5863bbcdb5de50d692ead3a67cbedc,synthesis/nay-horn/CONST_sum_4_5_000.smt2,chc-comp-2026/synthesis/nay-horn/CONST_sum_4_5_000.yml,99cfbcab7927a925096d2b4940ac7ee685090271b6a7688b56ab491d564a459a,sat_validated
chc-comp-2026/llreve-bench/smt2/clausified/loop__barthe2-big3_000.smt2,54ec2c2e58bc1dcf333861fe7d3976df6b308442587048721e535b723b40cd17,chc-comp-2026,LIA-Lin,family-balanced 1500-input expansion,chc-comp26-benchmarks-main.zip,912aa7b44471c9e1ed49ba0c2c034dcafa4300a821edaf3bf016618fd0e99b25,https://github.com/chc-comp/chc-comp26-benchmarks,b4fa7a708e5863bbcdb5de50d692ead3a67cbedc,llreve-bench/smt2/clausified/loop__barthe2-big3_000.smt2,chc-comp-2026/llreve-bench/smt2/clausified/loop__barthe2-big3_000_001.yml,eb8e83835dfe939bba27513147e949d6e443fb8d6ab31a6045e48d5b9fdaff7b,sat_validated
chc-comp-2026/quic3/data/standard_copy6_true-unreach-call_ground_000.smt2,07f2b8404766a94bfc2d11e8d1d53aec7233fb5ecb04c0f2358128c0a3a54576,chc-comp-2026,LIA-Lin-Arrays,family-balanced 1500-input expansion,chc-comp26-benchmarks-main.zip,912aa7b44471c9e1ed49ba0c2c034dcafa4300a821edaf3bf016618fd0e99b25,https://github.com/chc-comp/chc-comp26-benchmarks,b4fa7a708e5863bbcdb5de50d692ead3a67cbedc,quic3/data/standard_copy6_true-unreach-call_ground_000.smt2,chc-comp-2026/quic3/data/standard_copy6_true-unreach-call_ground_000.yml,e33011551a064e53d3c9537c4417d4dcb0f2f4c141aa19085004a1bf0df29117,
chc-comp-2026/adt-purified-benchmarks/1-bmc-test-bmc-1-false.Z3.0_000.smt2,520528a18e8cc20842697f1488116b86dab9c0b2fc94519d77c6e79dd1b9cc60,chc-comp-2026,ADT-LIA,family-balanced 1500-input expansion,chc-comp26-benchmarks-main.zip,912aa7b44471c9e1ed49ba0c2c034dcafa4300a821edaf3bf016618fd0e99b25,https://github.com/chc-comp/chc-comp26-benchmarks,b4fa7a708e5863bbcdb5de50d692ead3a67cbedc,adt-purified-benchmarks/1-bmc-test-bmc-1-false.Z3.0_000.smt2,chc-comp-2026/adt-purified-benchmarks/1-bmc-test-bmc-1-false.Z3.0_000.yml,9e057723eb033dbd52fb94f44b55145b0243788115b756e8caf3a9d3f4cd9e2c,unsat
chc-comp-2026/tricera-adt-arr/adt-arr/list-1.i-valid-deref_000.smt2,82c57757462fc03914160a55c2594d2d6c82a6c1054c82b2c87c1095e9ab5439,chc-comp-2026,ADT-LIA-Arrays,family-balanced 1500-input expansion,chc-comp26-benchmarks-main.zip,912aa7b44471c9e1ed49ba0c2c034dcafa4300a821edaf3bf016618fd0e99b25,https://github.com/chc-comp/chc-comp26-benchmarks,b4fa7a708e5863bbcdb5de50d692ead3a67cbedc,tricera-adt-arr/adt-arr/list-1.i-valid-deref_000.smt2,chc-comp-2026/tricera-adt-arr/adt-arr/list-1.i-valid-deref_000.yml,24ed532d81bbfc6553f69cefee274852da0f401f317efc5b3885039a1ecdf92d,
chc-comp-2026/vmt-chc-benchmarks/bv/nested4.c_000.smt2,9ed26dc32999b078ec075a850f163b4d7b3484fba1e9b6739f3268a1674d280f,chc-comp-2026,BV-Lin,family-balanced 1500-input expansion,chc-comp26-benchmarks-main.zip,912aa7b44471c9e1ed49ba0c2c034dcafa4300a821edaf3bf016618fd0e99b25,https://github.com/chc-comp/chc-comp26-benchmarks,b4fa7a708e5863bbcdb5de50d692ead3a67cbedc,vmt-chc-benchmarks/bv/nested4.c_000.smt2,chc-comp-2026/vmt-chc-benchmarks/bv/nested4.c_000_000.yml,72010700275751e70901160f76d3cf612756f606d939ddb7f4894644007d2e28,sat_validated
chc-comp-2026/llreve-bench/smt2/quant/clausified-no-arrays/libc__stpcpy_1_000.smt2,7b3225ae78aa47495bcc69029fbd89069254066c6d6da389195ac71c5f3a5867,chc-comp-2026,LIA,family-balanced 1500-input expansion,chc-comp26-benchmarks-main.zip,912aa7b44471c9e1ed49ba0c2c034dcafa4300a821edaf3bf016618fd0e99b25,https://github.com/chc-comp/chc-comp26-benchmarks,b4fa7a708e5863bbcdb5de50d692ead3a67cbedc,llreve-bench/smt2/quant/clausified-no-arrays/libc__stpcpy_1_000.smt2,chc-comp-2026/llreve-bench/smt2/quant/clausified-no-arrays/libc__stpcpy_1_000_001.yml,bb1c9f77f3b8657fad16a1c19f1815061643574e019bcccf06bba30b764c64da,sat_validated
chc-comp-2026/hcai-bench/svcomp/O3/O3_trex04_true-unreach-call_false-termination_000.smt2,088a38da7463e013e7274cf3c9b586e8a8fa7802868e5c746ead09ef3783a9bc,chc-comp-2026,LIA-Lin,family-balanced 1500-input expansion,chc-comp26-benchmarks-main.zip,912aa7b44471c9e1ed49ba0c2c034dcafa4300a821edaf3bf016618fd0e99b25,https://github.com/chc-comp/chc-comp26-benchmarks,b4fa7a708e5863bbcdb5de50d692ead3a67cbedc,hcai-bench/svcomp/O3/O3_trex04_true-unreach-call_false-termination_000.smt2,chc-comp-2026/hcai-bench/svcomp/O3/O3_trex04_true-unreach-call_false-termination_000.yml,4ea814a26ddc26a0e3977e4f834e83066ec637e87e1373bc59dd6d0cdd4ded13,sat_validated
chc-comp-2026/hcai-bench/svcomp/O3/O3_string_false-unreach-call_true-termination_000.smt2,9c11d1fa9108ec8bc636e457414b98702217b338c9a95603703b330e2970c40f,chc-comp-2026,LIA-Lin-Arrays,family-balanced 1500-input expansion,chc-comp26-benchmarks-main.zip,912aa7b44471c9e1ed49ba0c2c034dcafa4300a821edaf3bf016618fd0e99b25,https://github.com/chc-comp/chc-comp26-benchmarks,b4fa7a708e5863bbcdb5de50d692ead3a67cbedc,hcai-bench/svcomp/O3/O3_string_false-unreach-call_true-termination_000.smt2,chc-comp-2026/hcai-bench/svcomp/O3/O3_string_false-unreach-call_true-termination_000.yml,89e3239e08ccfe0e0173fc51c79d1d11d724f057757cbedaff1e8700da39671d,unsat
chc-comp-2026/ringen-adt-benchmarks/isaplanner/prop_47_000.smt2,714fb45519b37a05905093f9521c9597306da423b5a43ba1b08a6fe16dc49d4e,chc-comp-2026,ADT-LIA,family-balanced 1500-input expansion,chc-comp26-benchmarks-main.zip,912aa7b44471c9e1ed49ba0c2c034dcafa4300a821edaf3bf016618fd0e99b25,https://github.com/chc-comp/chc-comp26-benchmarks,b4fa7a708e5863bbcdb5de50d692ead3a67cbedc,ringen-adt-benchmarks/isaplanner/prop_47_000.smt2,chc-comp-2026/ringen-adt-benchmarks/isaplanner/prop_47_000_000.yml,4d2d4c3dfe5acfe16d04b826655aee394c3a164e584d9117b7e3ca0d6f48ced0,
chc-comp-2026/solidity/unit_tests/external_calls/call_return_2.sol_0_000.smt2,2c3a87ae99a35228fdd32cd4dd3f7aa75002a6a414e0d1f8a7196ed46a175122,chc-comp-2026,ADT-LIA-Arrays,family-balanced 1500-input expansion,chc-comp26-benchmarks-main.zip,912aa7b44471c9e1ed49ba0c2c034dcafa4300a821edaf3bf016618fd0e99b25,https://github.com/chc-comp/chc-comp26-benchmarks,b4fa7a708e5863bbcdb5de50d692ead3a67cbedc,solidity/unit_tests/external_calls/call_return_2.sol_0_000.smt2,chc-comp-2026/solidity/unit_tests/external_calls/call_return_2.sol_0_000.yml,baf7c39a3b7e9d9c3c89f9d9772d61da11e8d7ee87f0f911d18905008278d2f9,unsat
chc-comp-2026/eldarica-misc/BV/IntDualyzer/tab_acc.c-bv_000.smt2,d22c534c5b54151e467bbf8474762f5cdb135bc2a110f0f9f20defaa9c0f7579,chc-comp-2026,BV-Lin,family-balanced 1500-input expansion,chc-comp26-benchmarks-main.zip,912aa7b44471c9e1ed49ba0c2c034dcafa4300a821edaf3bf016618fd0e99b25,https://github.com/chc-comp/chc-comp26-benchmarks,b4fa7a708e5863bbcdb5de50d692ead3a67cbedc,eldarica-misc/BV/IntDualyzer/tab_acc.c-bv_000.smt2,chc-comp-2026/eldarica-misc/BV/IntDualyzer/tab_acc.c-bv_000.yml,f2d731c4d8c1496e031bbfbab5f6850dc104edad0a5acf6699e06f09dcb47feb,
chc-comp-2026/eldarica-misc/LIA/Consistency/delauny-edge-flipping.7_000.smt2,683f7a82e5afb1ec45442817ff94416250e5a7dd5c42bb1b18a561c89b82bd72,chc-comp-2026,LIA,family-balanced 1500-input expansion,chc-comp26-benchmarks-main.zip,912aa7b44471c9e1ed49ba0c2c034dcafa4300a821edaf3bf016618fd0e99b25,https://github.com/chc-comp/chc-comp26-benchmarks,b4fa7a708e5863bbcdb5de50d692ead3a67cbedc,eldarica-misc/LIA/Consistency/delauny-edge-flipping.7_000.smt2,chc-comp-2026/eldarica-misc/LIA/Consistency/delauny-edge-flipping.7_000.yml,5ffc5b63c9dfec5cbb125710b5d0fb5c304a11c84d08932c249e40f168cb3ca0,unsat
chc-comp-2026/extra-small-lia/dillig32_000.smt2,404ca79419eec36af8889a3f5bbadd3cb7fd8d074a87ff322f8203030d5b14a1,chc-comp-2026,LIA-Lin,family-balanced 1500-input expansion,chc-comp26-benchmarks-main.zip,912aa7b44471c9e1ed49ba0c2c034dcafa4300a821edaf3bf016618fd0e99b25,https://github.com/chc-comp/chc-comp26-benchmarks,b4fa7a708e5863bbcdb5de50d692ead3a67cbedc,extra-small-lia/dillig32_000.smt2,chc-comp-2026/extra-small-lia/dillig32_000.yml,fa98cd8f9a680635423e948be04b97082e63116ef701514430b99f0508554545,sat_validated
chc-comp-2026/llreve-bench/smt2/arrays/libc__memccpy_1.array_000.smt2,a640e64534cfaab4a1b397952990263de2c90c8fd096618e0ddd51419c541565,chc-comp-2026,LIA-Lin-Arrays,family-balanced 1500-input expansion,chc-comp26-benchmarks-main.zip,912aa7b44471c9e1ed49ba0c2c034dcafa4300a821edaf3bf016618fd0e99b25,https://github.com/chc-comp/chc-comp26-benchmarks,b4fa7a708e5863bbcdb5de50d692ead3a67cbedc,llreve-bench/smt2/arrays/libc__memccpy_1.array_000.smt2,chc-comp-2026/llreve-bench/smt2/arrays/libc__memccpy_1.array_000.yml,4d1c9269c5aa6da7fa41f485c82d44cf43ba82354502c5d1a1cddcb936627299,sat_validated
chc-comp-2026/ADTRem/hipspec/unsat-rev-equiv-goal5_000.smt2,673ad97d3eab65e301b25c6cb978c1e778efb291ea532b7fbad6a91aeddca7e5,chc-comp-2026,ADT-LIA,family-balanced 1500-input expansion,chc-comp26-benchmarks-main.zip,912aa7b44471c9e1ed49ba0c2c034dcafa4300a821edaf3bf016618fd0e99b25,https://github.com/chc-comp/chc-comp26-benchmarks,b4fa7a708e5863bbcdb5de50d692ead3a67cbedc,ADTRem/hipspec/unsat-rev-equiv-goal5_000.smt2,chc-comp-2026/ADTRem/hipspec/unsat-rev-equiv-goal5_000.yml,89c1653d95afbe930659a170d42fda618bfd41cb5d353344867f012cdb1c67f5,unsat
chc-comp-2026/tricera-adt-arr/adt-arr/sll-shared-before.i-valid-deref_000.smt2,f88240753aa65b653785eb0ddb41262cf1e54a84baae5a0b602e475db1126ea1,chc-comp-2026,ADT-LIA-Arrays,family-balanced 1500-input expansion,chc-comp26-benchmarks-main.zip,912aa7b44471c9e1ed49ba0c2c034dcafa4300a821edaf3bf016618fd0e99b25,https://github.com/chc-comp/chc-comp26-benchmarks,b4fa7a708e5863bbcdb5de50d692ead3a67cbedc,tricera-adt-arr/adt-arr/sll-shared-before.i-valid-deref_000.smt2,chc-comp-2026/tricera-adt-arr/adt-arr/sll-shared-before.i-valid-deref_000.yml,c29603520c340155f88e0ce4826ce467f59148e23c34cce16e05deb801be31bf,
chc-comp-2026/vmt-chc-benchmarks/bv/ken-imp.c_000.smt2,c33c6a2f9ab60b9ba28dd69906d07998fa41b53115193f8aab4af2deff885a81,chc-comp-2026,BV-Lin,family-balanced 1500-input expansion,chc-comp26-benchmarks-main.zip,912aa7b44471c9e1ed49ba0c2c034dcafa4300a821edaf3bf016618fd0e99b25,https://github.com/chc-comp/chc-comp26-benchmarks,b4fa7a708e5863bbcdb5de50d692ead3a67cbedc,vmt-chc-benchmarks/bv/ken-imp.c_000.smt2,chc-comp-2026/vmt-chc-benchmarks/bv/ken-imp.c_000_000.yml,3f99dcdf6e080eb8ff2584feed6679f8023661928d56aac86d712cefe6165cc7,sat_validated
chc-comp-2026/ultimate/LIA-NonLin/33_double_lock_p1_vs_simplified_000.smt2,2dfd3f531151113401aca614ad3e4176dae77ebcb326abbbcc456551a9a8f645,chc-comp-2026,LIA,family-balanced 1500-input expansion,chc-comp26-benchmarks-main.zip,912aa7b44471c9e1ed49ba0c2c034dcafa4300a821edaf3bf016618fd0e99b25,https://github.com/chc-comp/chc-comp26-benchmarks,b4fa7a708e5863bbcdb5de50d692ead3a67cbedc,ultimate/LIA-NonLin/33_double_lock_p1_vs_simplified_000.smt2,chc-comp-2026/ultimate/LIA-NonLin/33_double_lock_p1_vs_simplified_000_000.yml,a014013344cd67fca199eb5dd0e0a7f611b7edf166bceba37c03dfe57d188207,
chc-comp-2026/aeval-unsafe/s_split_53_000.smt2,311c4ff7e946dc7278ce2fe4213bf8af7b2d709553e1157f790f68083e533ff1,chc-comp-2026,LIA-Lin,family-balanced 1500-input expansion,chc-comp26-benchmarks-main.zip,912aa7b44471c9e1ed49ba0c2c034dcafa4300a821edaf3bf016618fd0e99b25,https://github.com/chc-comp/chc-comp26-benchmarks,b4fa7a708e5863bbcdb5de50d692ead3a67cbedc,aeval-unsafe/s_split_53_000.smt2,chc-comp-2026/aeval-unsafe/s_split_53_000_001.yml,ba276f7c29f196c34f75c182e90ab3ee51ed87d8794dd656b9c412bf4e105685,unsat
chc-comp-2026/quic3/data/standard_copyInitSum_true-unreach-call_ground_000.smt2,46de0e2412b696743889c1d2771517d5ae3a5620e4d05684ccbff2127c6a906c,chc-comp-2026,LIA-Lin-Arrays,family-balanced 1500-input expansion,chc-comp26-benchmarks-main.zip,912aa7b44471c9e1ed49ba0c2c034dcafa4300a821edaf3bf016618fd0e99b25,https://github.com/chc-comp/chc-comp26-benchmarks,b4fa7a708e5863bbcdb5de50d692ead3a67cbedc,quic3/data/standard_copyInitSum_true-unreach-call_ground_000.smt2,chc-comp-2026/quic3/data/standard_copyInitSum_true-unreach-call_ground_000.yml,b615a60e7a7901362f8fd136d679339ff6d0f786ad327b5754384cf520cb9804,
chc-comp-2026/tip-adt-lia/tip2015_sort_HSort2IsSort_000.smt2,fb90e41e10494e042fd4c5b5e7cd29ee5b7c2380dba6f2ab4b103d210b39582f,chc-comp-2026,ADT-LIA,family-balanced 1500-input expansion,chc-comp26-benchmarks-main.zip,912aa7b44471c9e1ed49ba0c2c034dcafa4300a821edaf3bf016618fd0e99b25,https://github.com/chc-comp/chc-comp26-benchmarks,b4fa7a708e5863bbcdb5de50d692ead3a67cbedc,tip-adt-lia/tip2015_sort_HSort2IsSort_000.smt2,chc-comp-2026/tip-adt-lia/tip2015_sort_HSort2IsSort_000.yml,bfa681c1c75558b710c09b848fced1604251eb08bb68271e482daa3cd2039b47,
chc-comp-2026/solidity/unit_tests/types/contract_address_conversion_2.sol_0_000.smt2,80f9b8b29355c16cd25ee92505dde1a6b097fd620a4d27ec31f252085f7371fb,chc-comp-2026,ADT-LIA-Arrays,family-balanced 1500-input expansion,chc-comp26-benchmarks-main.zip,912aa7b44471c9e1ed49ba0c2c034dcafa4300a821edaf3bf016618fd0e99b25,https://github.com/chc-comp/chc-comp26-benchmarks,b4fa7a708e5863bbcdb5de50d692ead3a67cbedc,solidity/unit_tests/types/contract_address_conversion_2.sol_0_000.smt2,chc-comp-2026/solidity/unit_tests/types/contract_address_conversion_2.sol_0_000.yml,3133663fdb71f6f274c8694c9d0e4328419492651f8dac9726575b82a1fb13a2,sat_validated
chc-comp-2026/eldarica-misc/BV/dillig/15.c-bv_000.smt2,8257ca96d648c2d760342f38892793c5c6163362d55435c21d59b2cf4327ffec,chc-comp-2026,BV-Lin,family-balanced 1500-input expansion,chc-comp26-benchmarks-main.zip,912aa7b44471c9e1ed49ba0c2c034dcafa4300a821edaf3bf016618fd0e99b25,https://github.com/chc-comp/chc-comp26-benchmarks,b4fa7a708e5863bbcdb5de50d692ead3a67cbedc,eldarica-misc/BV/dillig/15.c-bv_000.smt2,chc-comp-2026/eldarica-misc/BV/dillig/15.c-bv_000.yml,3ff4faf921f47c3616a9dd394cebfdaa5eb1d742960a3c41e58c3ccd3873093d,unsat
chc-comp-2026/kind2-chc-benchmarks/data/car_all_e8_856_e2_585_000.smt2,b7cca3ddb507ffa98cc56bda4fbdb35ad17bea469ddaa90c69586516419434c4,chc-comp-2026,LIA,family-balanced 1500-input expansion,chc-comp26-benchmarks-main.zip,912aa7b44471c9e1ed49ba0c2c034dcafa4300a821edaf3bf016618fd0e99b25,https://github.com/chc-comp/chc-comp26-benchmarks,b4fa7a708e5863bbcdb5de50d692ead3a67cbedc,kind2-chc-benchmarks/data/car_all_e8_856_e2_585_000.smt2,chc-comp-2026/kind2-chc-benchmarks/data/car_all_e8_856_e2_585_000.yml,330ab1671666f80832d7b548640834e87ad7ec885b03f6ff2c434458fe25f9eb,sat_validated
chc-comp-2026/rust-horn/bmc-5-test-bmc-diamond-2-unsafe_000.smt2,140ef49aa5f0b2ba8744262e3dfc6d9e9aaa9ef5a9ea849f3e6a3f04a9a32344,chc-comp-2026,LIA-Lin,family-balanced 1500-input expansion,chc-comp26-benchmarks-main.zip,912aa7b44471c9e1ed49ba0c2c034dcafa4300a821edaf3bf016618fd0e99b25,https://github.com/chc-comp/chc-comp26-benchmarks,b4fa7a708e5863bbcdb5de50d692ead3a67cbedc,rust-horn/bmc-5-test-bmc-diamond-2-unsafe_000.smt2,chc-comp-2026/rust-horn/bmc-5-test-bmc-diamond-2-unsafe_000.yml,bbb1559978aca8458d16be4eb6245c5fbbcbbf43055ab2096dd164cf8ee97d3c,unsat
chc-comp-2026/hcai-bench/svcomp/O3/O3_compact_false-unreach-call_000.smt2,49557ef24e43cb7c1754386df1ddf42cdce8d6baa9390b0b04b83df34b3e9b08,chc-comp-2026,LIA-Lin-Arrays,family-balanced 1500-input expansion,chc-comp26-benchmarks-main.zip,912aa7b44471c9e1ed49ba0c2c034dcafa4300a821edaf3bf016618fd0e99b25,https://github.com/chc-comp/chc-comp26-benchmarks,b4fa7a708e5863bbcdb5de50d692ead3a67cbedc,hcai-bench/svcomp/O3/O3_compact_false-unreach-call_000.smt2,chc-comp-2026/hcai-bench/svcomp/O3/O3_compact_false-unreach-call_000.yml,51c1c0d76cdc1d6d8bd92a8fd96c1770cb9185b17147c579502971b1d4eac123,
chc-comp-2026/adt-purified-benchmarks/7-trees-1-inc-sum-size-0.Z3.0_000.smt2,f2083f52d310528c5beaeda13b8028d57ef9a46de13be74e7ab6c7478fee696d,chc-comp-2026,ADT-LIA,family-balanced 1500-input expansion,chc-comp26-benchmarks-main.zip,912aa7b44471c9e1ed49ba0c2c034dcafa4300a821edaf3bf016618fd0e99b25,https://github.com/chc-comp/chc-comp26-benchmarks,b4fa7a708e5863bbcdb5de50d692ead3a67cbedc,adt-purified-benchmarks/7-trees-1-inc-sum-size-0.Z3.0_000.smt2,chc-comp-2026/adt-purified-benchmarks/7-trees-1-inc-sum-size-0.Z3.0_000.yml,eef8af5b5719972d54085312b0a5b40d45c7ad582fa1d4f917de2a2b7c98aef7,sat_validated
chc-comp-2026/tricera-adt-arr/adt-arr/test-0232-1.i-valid-deref_000.smt2,107f67b527338b086fd59e74c0f24d0939f6e81301ef7db334d859d2e19844f9,chc-comp-2026,ADT-LIA-Arrays,family-balanced 1500-input expansion,chc-comp26-benchmarks-main.zip,912aa7b44471c9e1ed49ba0c2c034dcafa4300a821edaf3bf016618fd0e99b25,https://github.com/chc-comp/chc-comp26-benchmarks,b4fa7a708e5863bbcdb5de50d692ead3a67cbedc,tricera-adt-arr/adt-arr/test-0232-1.i-valid-deref_000.smt2,chc-comp-2026/tricera-adt-arr/adt-arr/test-0232-1.i-valid-deref_000.yml,1d22792cca6a1f7f2a6f9baae1e10a8a6450cedbf6829bd0ec2278b44e34d41f,
chc-comp-2026/vmt-chc-benchmarks/bv/gcd_4_safe.c_000.smt2,ac08358e4a4f2350c173ca9838de85b8eee8af6ca48bc304451a27b22a10c869,chc-comp-2026,BV-Lin,family-balanced 1500-input expansion,chc-comp26-benchmarks-main.zip,912aa7b44471c9e1ed49ba0c2c034dcafa4300a821edaf3bf016618fd0e99b25,https://github.com/chc-comp/chc-comp26-benchmarks,b4fa7a708e5863bbcdb5de50d692ead3a67cbedc,vmt-chc-benchmarks/bv/gcd_4_safe.c_000.smt2,chc-comp-2026/vmt-chc-benchmarks/bv/gcd_4_safe.c_000.yml,4ff29242ede452762db4c770fbbfaafa9e56ca49da44b384781dbccb0a12cf6f,
chc-comp-2026/hcai-bench/svcomp/O0/O0_id_i5_o5_true-unreach-call_true-termination_000.smt2,5ad7f4cc8d1eed7d8bdadfc539ccd55e7bb065146d5c6181c953672ae4f48224,chc-comp-2026,LIA,family-balanced 1500-input expansion,chc-comp26-benchmarks-main.zip,912aa7b44471c9e1ed49ba0c2c034dcafa4300a821edaf3bf016618fd0e99b25,https://github.com/chc-comp/chc-comp26-benchmarks,b4fa7a708e5863bbcdb5de50d692ead3a67cbedc,hcai-bench/svcomp/O0/O0_id_i5_o5_true-unreach-call_true-termination_000.smt2,chc-comp-2026/hcai-bench/svcomp/O0/O0_id_i5_o5_true-unreach-call_true-termination_000.yml,dc3604fa0b59d05e638ce44c81016e6be65afb1ab89aaac60236809da8715675,sat_validated
chc-comp-2026/vmt-chc-benchmarks/lustre/SYNAPSE_123_e2_1350_e8_1354_000.smt2,f9205883649c02f877c044160b44635917c3bdd131b8e6586757d3b89779f1a2,chc-comp-2026,LIA-Lin,family-balanced 1500-input expansion,chc-comp26-benchmarks-main.zip,912aa7b44471c9e1ed49ba0c2c034dcafa4300a821edaf3bf016618fd0e99b25,https://github.com/chc-comp/chc-comp26-benchmarks,b4fa7a708e5863bbcdb5de50d692ead3a67cbedc,vmt-chc-benchmarks/lustre/SYNAPSE_123_e2_1350_e8_1354_000.smt2,chc-comp-2026/vmt-chc-benchmarks/lustre/SYNAPSE_123_e2_1350_e8_1354_000.yml,ec98d0b316f16815a86265e86a93c647a5dd552b1d8eaf569df37f292859735d,unsat
chc-comp-2026/llreve-bench/smt2/arrays/heap__selsort.array_000.smt2,9fc77ebe4dc6225e2c113bb2a032deb4dfb9ec8b82195dc76ae5a8897634dc43,chc-comp-2026,LIA-Lin-Arrays,family-balanced 1500-input expansion,chc-comp26-benchmarks-main.zip,912aa7b44471c9e1ed49ba0c2c034dcafa4300a821edaf3bf016618fd0e99b25,https://github.com/chc-comp/chc-comp26-benchmarks,b4fa7a708e5863bbcdb5de50d692ead3a67cbedc,llreve-bench/smt2/arrays/heap__selsort.array_000.smt2,chc-comp-2026/llreve-bench/smt2/arrays/heap__selsort.array_000.yml,37d00da3a7c72fcb6f4c07070fc4d0c8cfd1578ef45a20ed25a3f0f54c20c8be,sat_validated
chc-comp-2026/rust-horn/swap-dec-1-base-safe_000.smt2,4c4f03706abeb4fbb171c5aafa6bda2cb3492c7bd048340e54b89607cf78fe64,chc-comp-2026,ADT-LIA,family-balanced 1500-input expansion,chc-comp26-benchmarks-main.zip,912aa7b44471c9e1ed49ba0c2c034dcafa4300a821edaf3bf016618fd0e99b25,https://github.com/chc-comp/chc-comp26-benchmarks,b4fa7a708e5863bbcdb5de50d692ead3a67cbedc,rust-horn/swap-dec-1-base-safe_000.smt2,chc-comp-2026/rust-horn/swap-dec-1-base-safe_000.yml,2746e3e86482e5b2e530e842b0bd378dc8d91f14dfb7381edbcaa5f246cb4200,sat_validated
chc-comp-2026/solidity/unit_tests/operators/index_access_for_bytesNN.sol_1_000.smt2,2bcfeb387e012e805039f50f9f6d37d665a901374285783a69cad25b029123c7,chc-comp-2026,ADT-LIA-Arrays,family-balanced 1500-input expansion,chc-comp26-benchmarks-main.zip,912aa7b44471c9e1ed49ba0c2c034dcafa4300a821edaf3bf016618fd0e99b25,https://github.com/chc-comp/chc-comp26-benchmarks,b4fa7a708e5863bbcdb5de50d692ead3a67cbedc,solidity/unit_tests/operators/index_access_for_bytesNN.sol_1_000.smt2,chc-comp-2026/solidity/unit_tests/operators/index_access_for_bytesNN.sol_1_000.yml,f7f6a1e4b75ad085cfb5261bbe27a606833554762fe390b9b4f0827179fec744,sat_validated
chc-comp-2026/eldarica-misc/BV/reve/021-bv_000.smt2,39d88215417ea61a8ae029091949b8ad4af4f4aeaa77480662e21c3386b5c43f,chc-comp-2026,BV-Lin,family-balanced 1500-input expansion,chc-comp26-benchmarks-main.zip,912aa7b44471c9e1ed49ba0c2c034dcafa4300a821edaf3bf016618fd0e99b25,https://github.com/chc-comp/chc-comp26-benchmarks,b4fa7a708e5863bbcdb5de50d692ead3a67cbedc,eldarica-misc/BV/reve/021-bv_000.smt2,chc-comp-2026/eldarica-misc/BV/reve/021-bv_000.yml,038e77f4f29b3d07abca13cf45a7833321d03098c06b89596c8b1663b80bcdf3,unsat
chc-comp-2026/hopv/lia/mochi/mc91_000.smt2,6574fbf73b9da55069772b8e8ab9304e61af193e5c7566f685aed3f316c5de8c,chc-comp-2026,LIA,family-balanced 1500-input expansion,chc-comp26-benchmarks-main.zip,912aa7b44471c9e1ed49ba0c2c034dcafa4300a821edaf3bf016618fd0e99b25,https://github.com/chc-comp/chc-comp26-benchmarks,b4fa7a708e5863bbcdb5de50d692ead3a67cbedc,hopv/lia/mochi/mc91_000.smt2,chc-comp-2026/hopv/lia/mochi/mc91_000.yml,ba634193f86f9f556ba54dfbd2f9a340af2e12e84e8c13fdbc361a71c45aa264,sat_validated
chc-comp-2026/eldarica-misc/LIA/llreve/loop5_merged_unsafe.c-1_000.smt2,e2a858f94530e12c4bd8794277169ccd26404c6d1098e7710816cac24f59e691,chc-comp-2026,LIA-Lin,family-balanced 1500-input expansion,chc-comp26-benchmarks-main.zip,912aa7b44471c9e1ed49ba0c2c034dcafa4300a821edaf3bf016618fd0e99b25,https://github.com/chc-comp/chc-comp26-benchmarks,b4fa7a708e5863bbcdb5de50d692ead3a67cbedc,eldarica-misc/LIA/llreve/loop5_merged_unsafe.c-1_000.smt2,chc-comp-2026/eldarica-misc/LIA/llreve/loop5_merged_unsafe.c-1_000.yml,cbada127d61b78a4ade603d5db6bca7e503fa186824039846c11e87268e71fb8,unsat
chc-comp-2026/quic3/data/standard_copy3_true-unreach-call_ground_000.smt2,cf2e4065af3488270e5a0a3d38880f338c171e6dc19465ebc380346b6b83e851,chc-comp-2026,LIA-Lin-Arrays,family-balanced 1500-input expansion,chc-comp26-benchmarks-main.zip,912aa7b44471c9e1ed49ba0c2c034dcafa4300a821edaf3bf016618fd0e99b25,https://github.com/chc-comp/chc-comp26-benchmarks,b4fa7a708e5863bbcdb5de50d692ead3a67cbedc,quic3/data/standard_copy3_true-unreach-call_ground_000.smt2,chc-comp-2026/quic3/data/standard_copy3_true-unreach-call_ground_000.yml,ac43ecbd9527e3b65f4a104fbe141c839e30a8303037470873e7a8925855326e,
chc-comp-2026/ringen-adt-benchmarks/tip2015/propositional_Okay_000.smt2,d8dfa7f78067670a66fb776811df09c765b3c63568c12f9441efae2d7e53bb8b,chc-comp-2026,ADT-LIA,family-balanced 1500-input expansion,chc-comp26-benchmarks-main.zip,912aa7b44471c9e1ed49ba0c2c034dcafa4300a821edaf3bf016618fd0e99b25,https://github.com/chc-comp/chc-comp26-benchmarks,b4fa7a708e5863bbcdb5de50d692ead3a67cbedc,ringen-adt-benchmarks/tip2015/propositional_Okay_000.smt2,chc-comp-2026/ringen-adt-benchmarks/tip2015/propositional_Okay_000.yml,f9a66e3fd78804fc62b5160366804bcc620eb772b3d92db6f881b8166e2e1059,
chc-comp-2026/tricera-adt-arr/adt-arr/test-0232-3.i-valid-deref_000.smt2,9586acd053d1c37c8f0830f0e6e848ab2ba378639bd3c89ed445f8690e4f7799,chc-comp-2026,ADT-LIA-Arrays,family-balanced 1500-input expansion,chc-comp26-benchmarks-main.zip,912aa7b44471c9e1ed49ba0c2c034dcafa4300a821edaf3bf016618fd0e99b25,https://github.com/chc-comp/chc-comp26-benchmarks,b4fa7a708e5863bbcdb5de50d692ead3a67cbedc,tricera-adt-arr/adt-arr/test-0232-3.i-valid-deref_000.smt2,chc-comp-2026/tricera-adt-arr/adt-arr/test-0232-3.i-valid-deref_000.yml,ef7674d7a8f4860b326f61a0391afc86421412be27f9a1b693e00db8e4234c97,
chc-comp-2026/vmt-chc-benchmarks/bv/string_concat-noarr.c_000.smt2,26f28d3c80c6d5ce57b209b25ae3870d2550c8b7c2d69315d405f621da531b62,chc-comp-2026,BV-Lin,family-balanced 1500-input expansion,chc-comp26-benchmarks-main.zip,912aa7b44471c9e1ed49ba0c2c034dcafa4300a821edaf3bf016618fd0e99b25,https://github.com/chc-comp/chc-comp26-benchmarks,b4fa7a708e5863bbcdb5de50d692ead3a67cbedc,vmt-chc-benchmarks/bv/string_concat-noarr.c_000.smt2,chc-comp-2026/vmt-chc-benchmarks/bv/string_concat-noarr.c_000_000.yml,8748db390866f90438b395945830a2caa1613c1cda1440451cff77bebc3f6d6a,sat_validated
chc-comp-2026/synthesis/nay-horn/CONST_sum_7_15_000.smt2,6b18fa2a7988901fceab39ea015c2741a930f580cf30dd19ff6931926dd53c52,chc-comp-2026,LIA,family-balanced 1500-input expansion,chc-comp26-benchmarks-main.zip,912aa7b44471c9e1ed49ba0c2c034dcafa4300a821edaf3bf016618fd0e99b25,https://github.com/chc-comp/chc-comp26-benchmarks,b4fa7a708e5863bbcdb5de50d692ead3a67cbedc,synthesis/nay-horn/CONST_sum_7_15_000.smt2,chc-comp-2026/synthesis/nay-horn/CONST_sum_7_15_000.yml,9138ed388216cc0eaef5416b135b8005aff5890c69575294f5684b88228ccab0,sat_validated
chc-comp-2026/hopv/lia/termination/zip01_000.smt2,e4ff3ec75588f371e71b9b68235cdfb2527cb4ac82d4a6ff2cc65be0fa47e95f,chc-comp-2026,LIA-Lin,family-balanced 1500-input expansion,chc-comp26-benchmarks-main.zip,912aa7b44471c9e1ed49ba0c2c034dcafa4300a821edaf3bf016618fd0e99b25,https://github.com/chc-comp/chc-comp26-benchmarks,b4fa7a708e5863bbcdb5de50d692ead3a67cbedc,hopv/lia/termination/zip01_000.smt2,chc-comp-2026/hopv/lia/termination/zip01_000.yml,3627e359bf5b07956f27be9a99df55a82a6cb788cf0479796f23dada6565d536,sat_validated
chc-comp-2026/hcai-bench/svcomp/O0/O0_vogal_true-unreach-call_000.smt2,e82148bab79b9cf9f86528a12b0dab0408e28f02a146e7f1e55a21fca4bfe4cd,chc-comp-2026,LIA-Lin-Arrays,family-balanced 1500-input expansion,chc-comp26-benchmarks-main.zip,912aa7b44471c9e1ed49ba0c2c034dcafa4300a821edaf3bf016618fd0e99b25,https://github.com/chc-comp/chc-comp26-benchmarks,b4fa7a708e5863bbcdb5de50d692ead3a67cbedc,hcai-bench/svcomp/O0/O0_vogal_true-unreach-call_000.smt2,chc-comp-2026/hcai-bench/svcomp/O0/O0_vogal_true-unreach-call_000.yml,6f5d0d516dcda6b78b5aff7563ad285217ceb78a01c911c6e7ed983a6104f526,sat_validated
chc-comp-2026/ADTRem/clam/unsat-goal61_000.smt2,959ddde46f72f81cf68b84b0a9cb8fec50dae50874c50b6d68e62f44741054b7,chc-comp-2026,ADT-LIA,family-balanced 1500-input expansion,chc-comp26-benchmarks-main.zip,912aa7b44471c9e1ed49ba0c2c034dcafa4300a821edaf3bf016618fd0e99b25,https://github.com/chc-comp/chc-comp26-benchmarks,b4fa7a708e5863bbcdb5de50d692ead3a67cbedc,ADTRem/clam/unsat-goal61_000.smt2,chc-comp-2026/ADTRem/clam/unsat-goal61_000_000.yml,3b66334793cb95af2e5c2ce277ffb125e7cbca306da5b70741c4746a19bf508b,unsat
chc-comp-2026/solidity/unit_tests/loops/while_2_break.sol_0_000.smt2,50e29922b5140e2f91136dfe2472aeec4306ef510586a41ca3ba533d0776c6e2,chc-comp-2026,ADT-LIA-Arrays,family-balanced 1500-input expansion,chc-comp26-benchmarks-main.zip,912aa7b44471c9e1ed49ba0c2c034dcafa4300a821edaf3bf016618fd0e99b25,https://github.com/chc-comp/chc-comp26-benchmarks,b4fa7a708e5863bbcdb5de50d692ead3a67cbedc,solidity/unit_tests/loops/while_2_break.sol_0_000.smt2,chc-comp-2026/solidity/unit_tests/loops/while_2_break.sol_0_000.yml,58983afb73de42f2741df8d4a7fff3a57fb8a6ac60b81fd9fd84523d1601e71c,sat_validated
chc-comp-2026/eldarica-misc/BV/reve/016-horn-bv_000.smt2,b5e9c5bf9caa1f92f97da569cfc0959f0fbdaea116b9b0d8cd3037a9fc1ce45b,chc-comp-2026,BV-Lin,family-balanced 1500-input expansion,chc-comp26-benchmarks-main.zip,912aa7b44471c9e1ed49ba0c2c034dcafa4300a821edaf3bf016618fd0e99b25,https://github.com/chc-comp/chc-comp26-benchmarks,b4fa7a708e5863bbcdb5de50d692ead3a67cbedc,eldarica-misc/BV/reve/016-horn-bv_000.smt2,chc-comp-2026/eldarica-misc/BV/reve/016-horn-bv_000.yml,0970686e6e4ef362741465e27ed2d33bee400c4edb22fe4abba72dfa4feef778,sat
chc-comp-2026/llreve-bench/smt2/quant/clausified-no-arrays/heap__memcpy_b_000.smt2,ebc40bed464dbce73db47a872f0494a2296b1135040cd0509ec79933c00074f1,chc-comp-2026,LIA,family-balanced 1500-input expansion,chc-comp26-benchmarks-main.zip,912aa7b44471c9e1ed49ba0c2c034dcafa4300a821edaf3bf016618fd0e99b25,https://github.com/chc-comp/chc-comp26-benchmarks,b4fa7a708e5863bbcdb5de50d692ead3a67cbedc,llreve-bench/smt2/quant/clausified-no-arrays/heap__memcpy_b_000.smt2,chc-comp-2026/llreve-bench/smt2/quant/clausified-no-arrays/heap__memcpy_b_000_001.yml,f3dd4100a770ae66749e79fa4ec3bba80c40ab163c6f740b80e73fd955aecd5f,sat_validated
chc-comp-2026/aeval-benchmarks/multi-phase/s_split_09_000.smt2,c47aa7b8494ff5ab5656e5da0cfd3e1591c99fbd875c76e83c114dc4230bb26c,chc-comp-2026,LIA-Lin,family-balanced 1500-input expansion,chc-comp26-benchmarks-main.zip,912aa7b44471c9e1ed49ba0c2c034dcafa4300a821edaf3bf016618fd0e99b25,https://github.com/chc-comp/chc-comp26-benchmarks,b4fa7a708e5863bbcdb5de50d692ead3a67cbedc,aeval-benchmarks/multi-phase/s_split_09_000.smt2,chc-comp-2026/aeval-benchmarks/multi-phase/s_split_09_000_000.yml,a54d62e1b46f2e6f390ff2260373d8adc92f6f3f67be22efb961cec23959dc0b,sat
chc-comp-2026/llreve-bench/smt2/arrays/libc__memset_1.array_000.smt2,dc428210c5fa0e3dc21600ccf50bfbd7e660d01b5222da4c36e5c382778137c5,chc-comp-2026,LIA-Lin-Arrays,family-balanced 1500-input expansion,chc-comp26-benchmarks-main.zip,912aa7b44471c9e1ed49ba0c2c034dcafa4300a821edaf3bf016618fd0e99b25,https://github.com/chc-comp/chc-comp26-benchmarks,b4fa7a708e5863bbcdb5de50d692ead3a67cbedc,llreve-bench/smt2/arrays/libc__memset_1.array_000.smt2,chc-comp-2026/llreve-bench/smt2/arrays/libc__memset_1.array_000.yml,60170bdd8fe7790cafac28aaa30ddfa469b3a73f46a0e65d86325ebd950b4eef,sat_validated
chc-comp-2026/tip-adt-lia/tip2015_sort_ISortCount_000.smt2,1948c5b8174c9c445627d15f296a32bdf42f087f2b50e2bc2974acf905091a53,chc-comp-2026,ADT-LIA,family-balanced 1500-input expansion,chc-comp26-benchmarks-main.zip,912aa7b44471c9e1ed49ba0c2c034dcafa4300a821edaf3bf016618fd0e99b25,https://github.com/chc-comp/chc-comp26-benchmarks,b4fa7a708e5863bbcdb5de50d692ead3a67cbedc,tip-adt-lia/tip2015_sort_ISortCount_000.smt2,chc-comp-2026/tip-adt-lia/tip2015_sort_ISortCount_000.yml,26889e89e0c99cb19c486f1f8146f98f1215331d5f838a2d070aa04e6a9ce2de,unsat
chc-comp-2026/tricera-adt-arr/adt-arr/SyntaxSupportPointer01-1.c-valid-deref-pp_000.smt2,fbe1ee5663d2c59cbf5859879eeb1997f2b0d8629dd2405301c8a411b6156b1b,chc-comp-2026,ADT-LIA-Arrays,family-balanced 1500-input expansion,chc-comp26-benchmarks-main.zip,912aa7b44471c9e1ed49ba0c2c034dcafa4300a821edaf3bf016618fd0e99b25,https://github.com/chc-comp/chc-comp26-benchmarks,b4fa7a708e5863bbcdb5de50d692ead3a67cbedc,tricera-adt-arr/adt-arr/SyntaxSupportPointer01-1.c-valid-deref-pp_000.smt2,chc-comp-2026/tricera-adt-arr/adt-arr/SyntaxSupportPointer01-1.c-valid-deref-pp_000.yml,df5d94527f8c71dab5aba257717a9e1af58e848d3300aa7225dfb72197f4e10b,sat_validated
chc-comp-2026/vmt-chc-benchmarks/bv/gcd_2_safe.c_000.smt2,be7eaa9c76742d8320071080cf98bc09b49935919d98596e0ded760c891dd105,chc-comp-2026,BV-Lin,family-balanced 1500-input expansion,chc-comp26-benchmarks-main.zip,912aa7b44471c9e1ed49ba0c2c034dcafa4300a821edaf3bf016618fd0e99b25,https://github.com/chc-comp/chc-comp26-benchmarks,b4fa7a708e5863bbcdb5de50d692ead3a67cbedc,vmt-chc-benchmarks/bv/gcd_2_safe.c_000.smt2,chc-comp-2026/vmt-chc-benchmarks/bv/gcd_2_safe.c_000.yml,3f5df62915ef91c7a8eedf7fc81d439e01d453c7e749eb84a993492892f2fcfc,
chc-comp-2026/eldarica-misc/LIA/reve/022b-horn_000.smt2,36a77aaf05e5fba305f5a289c94afc16492bfc872596ad5c629d25eae0025f07,chc-comp-2026,LIA,family-balanced 1500-input expansion,chc-comp26-benchmarks-main.zip,912aa7b44471c9e1ed49ba0c2c034dcafa4300a821edaf3bf016618fd0e99b25,https://github.com/chc-comp/chc-comp26-benchmarks,b4fa7a708e5863bbcdb5de50d692ead3a67cbedc,eldarica-misc/LIA/reve/022b-horn_000.smt2,chc-comp-2026/eldarica-misc/LIA/reve/022b-horn_000.yml,f622bff4b25ee5be306a0dc4678a26fe3c41d9131eec52bfd464fb0270e79a73,sat_validated
chc-comp-2026/hcai-bench/svcomp/O0/O0_fibo_2calls_15_false-unreach-call_000.smt2,52e63416ea9f42bc3ebd6e29b8592c0f6b730235a65d61465e915fe636e5091c,chc-comp-2026,LIA-Lin,family-balanced 1500-input expansion,chc-comp26-benchmarks-main.zip,912aa7b44471c9e1ed49ba0c2c034dcafa4300a821edaf3bf016618fd0e99b25,https://github.com/chc-comp/chc-comp26-benchmarks,b4fa7a708e5863bbcdb5de50d692ead3a67cbedc,hcai-bench/svcomp/O0/O0_fibo_2calls_15_false-unreach-call_000.smt2,chc-comp-2026/hcai-bench/svcomp/O0/O0_fibo_2calls_15_false-unreach-call_000.yml,e0bd9819a2f5e7e14eb1493648ed75d9025513198ea4ef999055ced37274af2e,unsat
chc-comp-2026/quic3/data/array_nd_two_times_cell_true_000.smt2,bc532b934871d01ce58c0130318bea29a43509fb5bbfc03468023fa7171a601a,chc-comp-2026,LIA-Lin-Arrays,family-balanced 1500-input expansion,chc-comp26-benchmarks-main.zip,912aa7b44471c9e1ed49ba0c2c034dcafa4300a821edaf3bf016618fd0e99b25,https://github.com/chc-comp/chc-comp26-benchmarks,b4fa7a708e5863bbcdb5de50d692ead3a67cbedc,quic3/data/array_nd_two_times_cell_true_000.smt2,chc-comp-2026/quic3/data/array_nd_two_times_cell_true_000.yml,8a1464b72d253934111a725d6ce4a7dc50fc2f17e010ea917428f3f32828753c,
chc-comp-2026/adt-purified-benchmarks/4-just-rec-just-rec-00-1.Z3.0_000.smt2,6ed71e40ccec55434bc4cff5d74b2efc75d87b843a4ecd417f98a4d21634991c,chc-comp-2026,ADT-LIA,family-balanced 1500-input expansion,chc-comp26-benchmarks-main.zip,912aa7b44471c9e1ed49ba0c2c034dcafa4300a821edaf3bf016618fd0e99b25,https://github.com/chc-comp/chc-comp26-benchmarks,b4fa7a708e5863bbcdb5de50d692ead3a67cbedc,adt-purified-benchmarks/4-just-rec-just-rec-00-1.Z3.0_000.smt2,chc-comp-2026/adt-purified-benchmarks/4-just-rec-just-rec-00-1.Z3.0_000.yml,8cca2a1167170cd0f79345a491e9ca0a2ecb5c346a7cdb93ccc1858c82f7d986,unsat
chc-comp-2026/solidity/unit_tests/array_members/pop_constructor_unsafe.sol_0_000.smt2,abb260afc2730eaffe498043fc9f1a661e0caa3869077f58d9a60886c888180b,chc-comp-2026,ADT-LIA-Arrays,family-balanced 1500-input expansion,chc-comp26-benchmarks-main.zip,912aa7b44471c9e1ed49ba0c2c034dcafa4300a821edaf3bf016618fd0e99b25,https://github.com/chc-comp/chc-comp26-benchmarks,b4fa7a708e5863bbcdb5de50d692ead3a67cbedc,solidity/unit_tests/array_members/pop_constructor_unsafe.sol_0_000.smt2,chc-comp-2026/solidity/unit_tests/array_members/pop_constructor_unsafe.sol_0_000.yml,55ff98b6b2f79f99a3495c27148c4f771b2aece9e19bc5fc1f253b789b030650,unsat
chc-comp-2026/eldarica-misc/BV/reve/012c-horn-bv_000.smt2,b46da7611051f52621a5c289717c633bf4cd9817d0fcc6517fd395395130d2ef,chc-comp-2026,BV-Lin,family-balanced 1500-input expansion,chc-comp26-benchmarks-main.zip,912aa7b44471c9e1ed49ba0c2c034dcafa4300a821edaf3bf016618fd0e99b25,https://github.com/chc-comp/chc-comp26-benchmarks,b4fa7a708e5863bbcdb5de50d692ead3a67cbedc,eldarica-misc/BV/reve/012c-horn-bv_000.smt2,chc-comp-2026/eldarica-misc/BV/reve/012c-horn-bv_000.yml,b7b297624735b942e3d59779e7cd03f542cf7df6a81daa6e8462319addb0dbf1,unsat
chc-comp-2026/kind2-chc-benchmarks/data/MOESI_2_e8_101_000.smt2,15036070a7e1d02a2f0c658c5d0f436d7892e1207b0cdee28803cfe7057aacc7,chc-comp-2026,LIA,family-balanced 1500-input expansion,chc-comp26-benchmarks-main.zip,912aa7b44471c9e1ed49ba0c2c034dcafa4300a821edaf3bf016618fd0e99b25,https://github.com/chc-comp/chc-comp26-benchmarks,b4fa7a708e5863bbcdb5de50d692ead3a67cbedc,kind2-chc-benchmarks/data/MOESI_2_e8_101_000.smt2,chc-comp-2026/kind2-chc-benchmarks/data/MOESI_2_e8_101_000_000.yml,3acef30d4d577752fe4420f6fff01946f1737246caf9417bce45190a2ba53eab,sat_validated
chc-comp-2026/llreve-bench/smt2/loop__barthe2-big2_000.smt2,10a816dc72c68692c0f6fb4cf1acd59f2cc52952b60884a6e48e6a0df18821db,chc-comp-2026,LIA-Lin,family-balanced 1500-input expansion,chc-comp26-benchmarks-main.zip,912aa7b44471c9e1ed49ba0c2c034dcafa4300a821edaf3bf016618fd0e99b25,https://github.com/chc-comp/chc-comp26-benchmarks,b4fa7a708e5863bbcdb5de50d692ead3a67cbedc,llreve-bench/smt2/loop__barthe2-big2_000.smt2,chc-comp-2026/llreve-bench/smt2/loop__barthe2-big2_000_002.yml,378bf94d1bfc1650ff3d6d2e322837801b381fe63018de79ed9a1c2f7caf0acb,sat_validated
chc-comp-2026/hcai-bench/svcomp/O3/O3_ludcmp_false-unreach-call_000.smt2,bb18c2c2a31c27f19fa7e377a6a65b9f8ac47a483173b6ef27f550717773b2e6,chc-comp-2026,LIA-Lin-Arrays,family-balanced 1500-input expansion,chc-comp26-benchmarks-main.zip,912aa7b44471c9e1ed49ba0c2c034dcafa4300a821edaf3bf016618fd0e99b25,https://github.com/chc-comp/chc-comp26-benchmarks,b4fa7a708e5863bbcdb5de50d692ead3a67cbedc,hcai-bench/svcomp/O3/O3_ludcmp_false-unreach-call_000.smt2,chc-comp-2026/hcai-bench/svcomp/O3/O3_ludcmp_false-unreach-call_000.yml,367c554189c1ac70d309a04e13a9b8f400048c1ddf99dacb3c2fe4e984e059d5,unsat
chc-comp-2026/rust-horn/swap-dec-4-exact3-unsafe_000.smt2,3791698142cdff4780f64ee12047b507047bd5aa48f15dbf9a7a90ecb8867771,chc-comp-2026,ADT-LIA,family-balanced 1500-input expansion,chc-comp26-benchmarks-main.zip,912aa7b44471c9e1ed49ba0c2c034dcafa4300a821edaf3bf016618fd0e99b25,https://github.com/chc-comp/chc-comp26-benchmarks,b4fa7a708e5863bbcdb5de50d692ead3a67cbedc,rust-horn/swap-dec-4-exact3-unsafe_000.smt2,chc-comp-2026/rust-horn/swap-dec-4-exact3-unsafe_000.yml,448bbb690d2543db65105aaa2bacd221bb319ee5094142db69f293a5f32931ed,unsat
chc-comp-2026/tricera-adt-arr/adt-arr/sll_shallow_copy-2.i-valid-memtrack-pp_000.smt2,03a06e4f50c8ee46b3bafd0fc466a308205209fb85c0201b7b359f94c2ab4c4e,chc-comp-2026,ADT-LIA-Arrays,family-balanced 1500-input expansion,chc-comp26-benchmarks-main.zip,912aa7b44471c9e1ed49ba0c2c034dcafa4300a821edaf3bf016618fd0e99b25,https://github.com/chc-comp/chc-comp26-benchmarks,b4fa7a708e5863bbcdb5de50d692ead3a67cbedc,tricera-adt-arr/adt-arr/sll_shallow_copy-2.i-valid-memtrack-pp_000.smt2,chc-comp-2026/tricera-adt-arr/adt-arr/sll_shallow_copy-2.i-valid-memtrack-pp_000.yml,d969796fdb239daaa181abca7bc8fa41d423d5787c52e05cdc79cd2471e77c35,unsat
chc-comp-2026/vmt-chc-benchmarks/bv/jain_4_safe.c_000.smt2,c46790472498ed939d3282ad46b8996f1aed56061e95858dd3c89406c341e454,chc-comp-2026,BV-Lin,family-balanced 1500-input expansion,chc-comp26-benchmarks-main.zip,912aa7b44471c9e1ed49ba0c2c034dcafa4300a821edaf3bf016618fd0e99b25,https://github.com/chc-comp/chc-comp26-benchmarks,b4fa7a708e5863bbcdb5de50d692ead3a67cbedc,vmt-chc-benchmarks/bv/jain_4_safe.c_000.smt2,chc-comp-2026/vmt-chc-benchmarks/bv/jain_4_safe.c_000.yml,37cb12b5d93c0d50c920d6c3e298b0726beb72a1e03541b0dfe00bba158df418,sat_validated
chc-comp-2026/hcai-bench/svcomp/O3/O3_id_b3_o5_true-unreach-call_000.smt2,a121309a6201f231456ef50f91cc1fe29366c753b305446307ab8ab020f125cf,chc-comp-2026,LIA,family-balanced 1500-input expansion,chc-comp26-benchmarks-main.zip,912aa7b44471c9e1ed49ba0c2c034dcafa4300a821edaf3bf016618fd0e99b25,https://github.com/chc-comp/chc-comp26-benchmarks,b4fa7a708e5863bbcdb5de50d692ead3a67cbedc,hcai-bench/svcomp/O3/O3_id_b3_o5_true-unreach-call_000.smt2,chc-comp-2026/hcai-bench/svcomp/O3/O3_id_b3_o5_true-unreach-call_000.yml,6b004b9eb8758b36b29a53fbc53fd0e9844b0fe7b98b5ec5d8baca02a8c62627,sat_validated
chc-comp-2026/extra-small-lia/s_mutants_21_000.smt2,0e086aa7de80a66ce43367bb9951fa2a05164256c3decede426e22716b0fc163,chc-comp-2026,LIA-Lin,family-balanced 1500-input expansion,chc-comp26-benchmarks-main.zip,912aa7b44471c9e1ed49ba0c2c034dcafa4300a821edaf3bf016618fd0e99b25,https://github.com/chc-comp/chc-comp26-benchmarks,b4fa7a708e5863bbcdb5de50d692ead3a67cbedc,extra-small-lia/s_mutants_21_000.smt2,chc-comp-2026/extra-small-lia/s_mutants_21_000.yml,c627c075229ec7caa67adcd7c0476a72aa9c19b7cdab9273f2697f14000386ab,sat_validated
chc-comp-2026/llreve-bench/muz/libc__memrchr_1_000.smt2,3e77da4cc3c698cf0b6f9443ed8ff7fa54230fde75da40f28c7810f82e8fa19b,chc-comp-2026,LIA-Lin-Arrays,family-balanced 1500-input expansion,chc-comp26-benchmarks-main.zip,912aa7b44471c9e1ed49ba0c2c034dcafa4300a821edaf3bf016618fd0e99b25,https://github.com/chc-comp/chc-comp26-benchmarks,b4fa7a708e5863bbcdb5de50d692ead3a67cbedc,llreve-bench/muz/libc__memrchr_1_000.smt2,chc-comp-2026/llreve-bench/muz/libc__memrchr_1_000_000.yml,5726ec9febdf8f556bbf40200fe5625afec9dd10f57ebb1f1e80e6113b6e6c96,sat_validated
chc-comp-2026/ringen-adt-benchmarks/tip2015/weird_nat_add3_rot_000.smt2,65e8de70a90559ac469a333189b22e65e51d93b1a809c46d28bd7900dec6787d,chc-comp-2026,ADT-LIA,family-balanced 1500-input expansion,chc-comp26-benchmarks-main.zip,912aa7b44471c9e1ed49ba0c2c034dcafa4300a821edaf3bf016618fd0e99b25,https://github.com/chc-comp/chc-comp26-benchmarks,b4fa7a708e5863bbcdb5de50d692ead3a67cbedc,ringen-adt-benchmarks/tip2015/weird_nat_add3_rot_000.smt2,chc-comp-2026/ringen-adt-benchmarks/tip2015/weird_nat_add3_rot_000.yml,0d354676a389df2fe3e01babcd55c8934efecf0b6a8b30fcf35a285cd5c74f9a,sat
chc-comp-2026/solidity/unit_tests/functions/library_constant.sol_2_000.smt2,e069facc18100cbc49fe004f3355d36125c2421e3d6ab9711a5fc28777271766,chc-comp-2026,ADT-LIA-Arrays,family-balanced 1500-input expansion,chc-comp26-benchmarks-main.zip,912aa7b44471c9e1ed49ba0c2c034dcafa4300a821edaf3bf016618fd0e99b25,https://github.com/chc-comp/chc-comp26-benchmarks,b4fa7a708e5863bbcdb5de50d692ead3a67cbedc,solidity/unit_tests/functions/library_constant.sol_2_000.smt2,chc-comp-2026/solidity/unit_tests/functions/library_constant.sol_2_000.yml,fff64db20b420f1dc89c70f414f6b1dabd66dcc64cb5deb2ed6aab17bc82aef6,unsat
chc-comp-2026/eldarica-misc/BV/reve/006b-bv_000.smt2,92dd8e947bbf2cf11e3ab5e89bcebd93e00d2a28a12de8ddc0b46b4432f1f173,chc-comp-2026,BV-Lin,family-balanced 1500-input expansion,chc-comp26-benchmarks-main.zip,912aa7b44471c9e1ed49ba0c2c034dcafa4300a821edaf3bf016618fd0e99b25,https://github.com/chc-comp/chc-comp26-benchmarks,b4fa7a708e5863bbcdb5de50d692ead3a67cbedc,eldarica-misc/BV/reve/006b-bv_000.smt2,chc-comp-2026/eldarica-misc/BV/reve/006b-bv_000.yml,7348ecb804051e91f63e849140263ad15c2996d2d2b2bfa10dd1ef2ae7e015e9,unsat
chc-comp-2026/hopv/lia/mochi/twice_000.smt2,b7e6491ff33c46b9645671c99093ba518844b3121b5785e091775ed33860af49,chc-comp-2026,LIA,family-balanced 1500-input expansion,chc-comp26-benchmarks-main.zip,912aa7b44471c9e1ed49ba0c2c034dcafa4300a821edaf3bf016618fd0e99b25,https://github.com/chc-comp/chc-comp26-benchmarks,b4fa7a708e5863bbcdb5de50d692ead3a67cbedc,hopv/lia/mochi/twice_000.smt2,chc-comp-2026/hopv/lia/mochi/twice_000.yml,df33f8671485974a258385984e37905dd89349e773d17b78a7924b6daf6f3a2a,sat_validated
chc-comp-2026/aeval-unsafe/s_split_22_000.smt2,21d9b6e58e626a357c097a7b4ae77746a1f7ac220bd35c6020719c29651b231e,chc-comp-2026,LIA-Lin,family-balanced 1500-input expansion,chc-comp26-benchmarks-main.zip,912aa7b44471c9e1ed49ba0c2c034dcafa4300a821edaf3bf016618fd0e99b25,https://github.com/chc-comp/chc-comp26-benchmarks,b4fa7a708e5863bbcdb5de50d692ead3a67cbedc,aeval-unsafe/s_split_22_000.smt2,chc-comp-2026/aeval-unsafe/s_split_22_000_001.yml,0d0e16951b4ca68e2dc718e0bd9563ad2c06625ed9e930cf639ae7fcc0ef585a,
chc-comp-2026/quic3/data/standard_sort_N_nd_assert_loop_000.smt2,b540469356f85a14a01ce63911016895be5bcc92dcc50ff1ae9600b1cdaa6fb5,chc-comp-2026,LIA-Lin-Arrays,family-balanced 1500-input expansion,chc-comp26-benchmarks-main.zip,912aa7b44471c9e1ed49ba0c2c034dcafa4300a821edaf3bf016618fd0e99b25,https://github.com/chc-comp/chc-comp26-benchmarks,b4fa7a708e5863bbcdb5de50d692ead3a67cbedc,quic3/data/standard_sort_N_nd_assert_loop_000.smt2,chc-comp-2026/quic3/data/standard_sort_N_nd_assert_loop_000.yml,c12f05bed39eb1e29c490285695b19ffaa0f22e274796754b3bfb73c1c8e1579,
chc-comp-2026/ADTRem/clam/unsat-goal60_000.smt2,44bdff2b6d41a00d11e30d4493add16db0e0bd7217477a3c19c3d67007354061,chc-comp-2026,ADT-LIA,family-balanced 1500-input expansion,chc-comp26-benchmarks-main.zip,912aa7b44471c9e1ed49ba0c2c034dcafa4300a821edaf3bf016618fd0e99b25,https://github.com/chc-comp/chc-comp26-benchmarks,b4fa7a708e5863bbcdb5de50d692ead3a67cbedc,ADTRem/clam/unsat-goal60_000.smt2,chc-comp-2026/ADTRem/clam/unsat-goal60_000.yml,a1688da49898739df8d59cd0e85f30263cdcef5fb108aed7ba4c35c1ea2faed8,unsat
chc-comp-2026/tricera-adt-arr/adt-arr/sll2n_remove_all_reverse.i-valid-deref_000.smt2,73af9bad1ea0d5472161014eedd7207495fbc61f53da17546dd34f1b0fece164,chc-comp-2026,ADT-LIA-Arrays,family-balanced 1500-input expansion,chc-comp26-benchmarks-main.zip,912aa7b44471c9e1ed49ba0c2c034dcafa4300a821edaf3bf016618fd0e99b25,https://github.com/chc-comp/chc-comp26-benchmarks,b4fa7a708e5863bbcdb5de50d692ead3a67cbedc,tricera-adt-arr/adt-arr/sll2n_remove_all_reverse.i-valid-deref_000.smt2,chc-comp-2026/tricera-adt-arr/adt-arr/sll2n_remove_all_reverse.i-valid-deref_000.yml,d14c5eb5c0ded62a06a95b8361e3617e2923430b44f28125615e877a9c51d610,sat_validated
chc-comp-2026/vmt-chc-benchmarks/bv/heapsort.c_000.smt2,499e1981a109a9b9d882225f66fb8de1ba860991cf8588a7b10cc9f9f2c0b824,chc-comp-2026,BV-Lin,family-balanced 1500-input expansion,chc-comp26-benchmarks-main.zip,912aa7b44471c9e1ed49ba0c2c034dcafa4300a821edaf3bf016618fd0e99b25,https://github.com/chc-comp/chc-comp26-benchmarks,b4fa7a708e5863bbcdb5de50d692ead3a67cbedc,vmt-chc-benchmarks/bv/heapsort.c_000.smt2,chc-comp-2026/vmt-chc-benchmarks/bv/heapsort.c_000.yml,f5888bac70905cefede7233270084c3851baeb97b978635bb6d866d1e7be9d79,
chc-comp-2026/synthesis/nay-horn/IF_fg_sum_3_15_000.smt2,39745e638fa03c52ce1e5a9cc06b40e864a208365e99f1637070fd46cd8a8944,chc-comp-2026,LIA,family-balanced 1500-input expansion,chc-comp26-benchmarks-main.zip,912aa7b44471c9e1ed49ba0c2c034dcafa4300a821edaf3bf016618fd0e99b25,https://github.com/chc-comp/chc-comp26-benchmarks,b4fa7a708e5863bbcdb5de50d692ead3a67cbedc,synthesis/nay-horn/IF_fg_sum_3_15_000.smt2,chc-comp-2026/synthesis/nay-horn/IF_fg_sum_3_15_000.yml,3c6ef4502d29a3efeb2327d3c4bee15c1f5ef389774e007542daffa7e218596c,sat_validated
chc-comp-2026/rust-horn/bmc-2-test-bmc-2-unsafe_000.smt2,fc0a756668bfa6c8ee93ea0101e1ae11145235e060d7bef2a07b0a863351066a,chc-comp-2026,LIA-Lin,family-balanced 1500-input expansion,chc-comp26-benchmarks-main.zip,912aa7b44471c9e1ed49ba0c2c034dcafa4300a821edaf3bf016618fd0e99b25,https://github.com/chc-comp/chc-comp26-benchmarks,b4fa7a708e5863bbcdb5de50d692ead3a67cbedc,rust-horn/bmc-2-test-bmc-2-unsafe_000.smt2,chc-comp-2026/rust-horn/bmc-2-test-bmc-2-unsafe_000.yml,4bc47734bd89d19225fa212a33fe4a8c826d8cdbf24405b8836387d3291a7cc7,unsat
chc-comp-2026/hcai-bench/svcomp/O3/O3_while_infinite_loop_4_false-unreach-call_true-termination_000.smt2,feb32628196a46c0d73479badda90a7e9a92f4945064e42b38be1dc33c817257,chc-comp-2026,LIA-Lin-Arrays,family-balanced 1500-input expansion,chc-comp26-benchmarks-main.zip,912aa7b44471c9e1ed49ba0c2c034dcafa4300a821edaf3bf016618fd0e99b25,https://github.com/chc-comp/chc-comp26-benchmarks,b4fa7a708e5863bbcdb5de50d692ead3a67cbedc,hcai-bench/svcomp/O3/O3_while_infinite_loop_4_false-unreach-call_true-termination_000.smt2,chc-comp-2026/hcai-bench/svcomp/O3/O3_while_infinite_loop_4_false-unreach-call_true-termination_000.yml,6f1946a0cb95f4fbcaf0e63c4f52a094dfe279c57c65343f9a3252b052e9cdd1,unsat
chc-comp-2026/tip-adt-lia/isaplanner_prop_56_000.smt2,892162c484d1492f9582c27fd713b4a0c4f8f25627ad982e49a866746f72befe,chc-comp-2026,ADT-LIA,family-balanced 1500-input expansion,chc-comp26-benchmarks-main.zip,912aa7b44471c9e1ed49ba0c2c034dcafa4300a821edaf3bf016618fd0e99b25,https://github.com/chc-comp/chc-comp26-benchmarks,b4fa7a708e5863bbcdb5de50d692ead3a67cbedc,tip-adt-lia/isaplanner_prop_56_000.smt2,chc-comp-2026/tip-adt-lia/isaplanner_prop_56_000.yml,35e47faa0c8fd884fb5539ecc9dc6de7530a212528e496550f02777a68f3170b,sat
chc-comp-2026/solidity/unit_tests/functions/constructor_hierarchy_same_var.sol_1_000.smt2,0d8c65fe444a2a1e7bb3fadb949d4536285ec076bd92df4028b61e3f3e20ea84,chc-comp-2026,ADT-LIA-Arrays,family-balanced 1500-input expansion,chc-comp26-benchmarks-main.zip,912aa7b44471c9e1ed49ba0c2c034dcafa4300a821edaf3bf016618fd0e99b25,https://github.com/chc-comp/chc-comp26-benchmarks,b4fa7a708e5863bbcdb5de50d692ead3a67cbedc,solidity/unit_tests/functions/constructor_hierarchy_same_var.sol_1_000.smt2,chc-comp-2026/solidity/unit_tests/functions/constructor_hierarchy_same_var.sol_1_000.yml,4cd88b790bea4f3188f75f8420dcd9c2bdb6d254b2f1a3b1e1551f66d5700977,unsat
chc-comp-2026/eldarica-misc/BV/dillig/19.c-bv_000.smt2,68187e3563c8d2eca583436f84f7825857bbb41b5ad62ec4e9674a31ac928080,chc-comp-2026,BV-Lin,family-balanced 1500-input expansion,chc-comp26-benchmarks-main.zip,912aa7b44471c9e1ed49ba0c2c034dcafa4300a821edaf3bf016618fd0e99b25,https://github.com/chc-comp/chc-comp26-benchmarks,b4fa7a708e5863bbcdb5de50d692ead3a67cbedc,eldarica-misc/BV/dillig/19.c-bv_000.smt2,chc-comp-2026/eldarica-misc/BV/dillig/19.c-bv_000.yml,e5f0d20865c41ea30909114e5f6215e317957a036f5f01336b1de46456e4852a,sat
chc-comp-2026/llreve-bench/smt2/quant/clausified-no-arrays/libc__memchr_1_000.smt2,be564b927b40573705a9edfb391a884b165a05c25d4fd6dd46dcac40aad28e3f,chc-comp-2026,LIA,family-balanced 1500-input expansion,chc-comp26-benchmarks-main.zip,912aa7b44471c9e1ed49ba0c2c034dcafa4300a821edaf3bf016618fd0e99b25,https://github.com/chc-comp/chc-comp26-benchmarks,b4fa7a708e5863bbcdb5de50d692ead3a67cbedc,llreve-bench/smt2/quant/clausified-no-arrays/libc__memchr_1_000.smt2,chc-comp-2026/llreve-bench/smt2/quant/clausified-no-arrays/libc__memchr_1_000_001.yml,0cd65567c370c644affc017493207c37627bd3176ddb34bf8afb0948a9248d79,sat_validated
chc-comp-2026/vmt-chc-benchmarks/lustre/MESI_i3_e1_447_e6_2281_000.smt2,81b109f35244b4870fddfcb10b709edfcf85f846eea2d1257424cbf999bb0cb2,chc-comp-2026,LIA-Lin,family-balanced 1500-input expansion,chc-comp26-benchmarks-main.zip,912aa7b44471c9e1ed49ba0c2c034dcafa4300a821edaf3bf016618fd0e99b25,https://github.com/chc-comp/chc-comp26-benchmarks,b4fa7a708e5863bbcdb5de50d692ead3a67cbedc,vmt-chc-benchmarks/lustre/MESI_i3_e1_447_e6_2281_000.smt2,chc-comp-2026/vmt-chc-benchmarks/lustre/MESI_i3_e1_447_e6_2281_000_001.yml,474da6b57de568884ee69ff6d3d3a2843dd55a6542c220dedd82819903cc19fb,sat_validated
chc-comp-2026/llreve-bench/muz/libc__strncmp_1_000.smt2,a91525859bbc833879ab06c162028313ee7312f5b9ab99fede5fb45440bfcf62,chc-comp-2026,LIA-Lin-Arrays,family-balanced 1500-input expansion,chc-comp26-benchmarks-main.zip,912aa7b44471c9e1ed49ba0c2c034dcafa4300a821edaf3bf016618fd0e99b25,https://github.com/chc-comp/chc-comp26-benchmarks,b4fa7a708e5863bbcdb5de50d692ead3a67cbedc,llreve-bench/muz/libc__strncmp_1_000.smt2,chc-comp-2026/llreve-bench/muz/libc__strncmp_1_000_000.yml,ef1870f1c49b0ec24171988d63b058c535d2269e378062ef40c966fcab43ef7d,sat_validated
chc-comp-2026/adt-purified-benchmarks/3-swap-dec-swap-dec-10-1.Z3.0_000.smt2,983e026fc130bd3c6fb06773db63554a8681b31019fa8bdd2155640d4e911a74,chc-comp-2026,ADT-LIA,family-balanced 1500-input expansion,chc-comp26-benchmarks-main.zip,912aa7b44471c9e1ed49ba0c2c034dcafa4300a821edaf3bf016618fd0e99b25,https://github.com/chc-comp/chc-comp26-benchmarks,b4fa7a708e5863bbcdb5de50d692ead3a67cbedc,adt-purified-benchmarks/3-swap-dec-swap-dec-10-1.Z3.0_000.smt2,chc-comp-2026/adt-purified-benchmarks/3-swap-dec-swap-dec-10-1.Z3.0_000.yml,14bc31f06609446ca6fc1e5eebd1ba63a66a5653b10f1c1a8e40d85af37cac57,unsat
chc-comp-2026/tricera-adt-arr/adt-arr/simple_built_from_end.i-valid-deref_000.smt2,22d4ddc42594433981201ef1891103f40d5b9480c2c326c8b6de017a174c4ea8,chc-comp-2026,ADT-LIA-Arrays,family-balanced 1500-input expansion,chc-comp26-benchmarks-main.zip,912aa7b44471c9e1ed49ba0c2c034dcafa4300a821edaf3bf016618fd0e99b25,https://github.com/chc-comp/chc-comp26-benchmarks,b4fa7a708e5863bbcdb5de50d692ead3a67cbedc,tricera-adt-arr/adt-arr/simple_built_from_end.i-valid-deref_000.smt2,chc-comp-2026/tricera-adt-arr/adt-arr/simple_built_from_end.i-valid-deref_000.yml,6869c0f6bbe1df879fc84a0b3f60e4f86652351e6cdcd187d046113efa80ba01,
chc-comp-2026/vmt-chc-benchmarks/bv/heapsort2.c_000.smt2,98c843cbc00cdfe492205b5ad4391dc849a2b59c1ad581d8f0ee68988f82d8d9,chc-comp-2026,BV-Lin,family-balanced 1500-input expansion,chc-comp26-benchmarks-main.zip,912aa7b44471c9e1ed49ba0c2c034dcafa4300a821edaf3bf016618fd0e99b25,https://github.com/chc-comp/chc-comp26-benchmarks,b4fa7a708e5863bbcdb5de50d692ead3a67cbedc,vmt-chc-benchmarks/bv/heapsort2.c_000.smt2,chc-comp-2026/vmt-chc-benchmarks/bv/heapsort2.c_000.yml,6e481f3a6fb9b7340a04791fa0563230e2d0a3b00a7de6d0f6fb554f012c0a64,
chc-comp-2026/eldarica-misc/LIA/reve/005b-horn_000.smt2,d7925bf24fcbfafa071feb27651f83bc9ef8d7fad72b729714a47cae85264895,chc-comp-2026,LIA,family-balanced 1500-input expansion,chc-comp26-benchmarks-main.zip,912aa7b44471c9e1ed49ba0c2c034dcafa4300a821edaf3bf016618fd0e99b25,https://github.com/chc-comp/chc-comp26-benchmarks,b4fa7a708e5863bbcdb5de50d692ead3a67cbedc,eldarica-misc/LIA/reve/005b-horn_000.smt2,chc-comp-2026/eldarica-misc/LIA/reve/005b-horn_000.yml,ab865f49561160a3e597790441a7cb167c30b7cf64e4b84af4dcd74edec59478,sat_validated
chc-comp-2026/eldarica-misc/LIA/HOLA/38.c_000.smt2,93bb2a5843cc0b1979fa75e0a20207f9e80808c9325e1413fd1172bb2fedb0dc,chc-comp-2026,LIA-Lin,family-balanced 1500-input expansion,chc-comp26-benchmarks-main.zip,912aa7b44471c9e1ed49ba0c2c034dcafa4300a821edaf3bf016618fd0e99b25,https://github.com/chc-comp/chc-comp26-benchmarks,b4fa7a708e5863bbcdb5de50d692ead3a67cbedc,eldarica-misc/LIA/HOLA/38.c_000.smt2,chc-comp-2026/eldarica-misc/LIA/HOLA/38.c_000.yml,fd8771f21dbde015e3e8257a48305c42759a1ec4117a940e450f8cad0d3aa7a5,sat_validated
chc-comp-2026/quic3/data/standard_copy5_true-unreach-call_ground_000.smt2,eaf0de5627febee34c365f53fcbcb51874684b953080b841ba1afbe7e06e68ca,chc-comp-2026,LIA-Lin-Arrays,family-balanced 1500-input expansion,chc-comp26-benchmarks-main.zip,912aa7b44471c9e1ed49ba0c2c034dcafa4300a821edaf3bf016618fd0e99b25,https://github.com/chc-comp/chc-comp26-benchmarks,b4fa7a708e5863bbcdb5de50d692ead3a67cbedc,quic3/data/standard_copy5_true-unreach-call_ground_000.smt2,chc-comp-2026/quic3/data/standard_copy5_true-unreach-call_ground_000.yml,ce366cd10be0d35ace67f6485c3c26c4351c964894e489754572fa5566ffc63d,
chc-comp-2026/rust-horn/linger-dec-4-exact3-safe_000.smt2,13b754788461e4e89479795c627ea4cb861226099daf0143b0ada9eff4d66f77,chc-comp-2026,ADT-LIA,family-balanced 1500-input expansion,chc-comp26-benchmarks-main.zip,912aa7b44471c9e1ed49ba0c2c034dcafa4300a821edaf3bf016618fd0e99b25,https://github.com/chc-comp/chc-comp26-benchmarks,b4fa7a708e5863bbcdb5de50d692ead3a67cbedc,rust-horn/linger-dec-4-exact3-safe_000.smt2,chc-comp-2026/rust-horn/linger-dec-4-exact3-safe_000.yml,e780b12b203fcd87ee6e48ed669190249d3d9627471f0f45d2d39bdb21609072,sat_validated
chc-comp-2026/solidity/unit_tests/special/msg_sender_range.sol_1_000.smt2,cc9c8057c20fb96fc2c3a6cedd7de92e43b8cd05e34887cde42bdd74359b58f6,chc-comp-2026,ADT-LIA-Arrays,family-balanced 1500-input expansion,chc-comp26-benchmarks-main.zip,912aa7b44471c9e1ed49ba0c2c034dcafa4300a821edaf3bf016618fd0e99b25,https://github.com/chc-comp/chc-comp26-benchmarks,b4fa7a708e5863bbcdb5de50d692ead3a67cbedc,solidity/unit_tests/special/msg_sender_range.sol_1_000.smt2,chc-comp-2026/solidity/unit_tests/special/msg_sender_range.sol_1_000.yml,86664e2e506387f9f7e9578e2f58fde620952f67dd19c8a8e80baa05b7c80a26,sat_validated
chc-comp-2026/eldarica-misc/BV/reve/025-bv_000.smt2,ce96a3fcdd67098e5edf0e347e759f19f3b1c447576c1874225871f3b6c8450a,chc-comp-2026,BV-Lin,family-balanced 1500-input expansion,chc-comp26-benchmarks-main.zip,912aa7b44471c9e1ed49ba0c2c034dcafa4300a821edaf3bf016618fd0e99b25,https://github.com/chc-comp/chc-comp26-benchmarks,b4fa7a708e5863bbcdb5de50d692ead3a67cbedc,eldarica-misc/BV/reve/025-bv_000.smt2,chc-comp-2026/eldarica-misc/BV/reve/025-bv_000.yml,b9d51a2f0150fb66a9789a82c8ed3b1fe54627f95460f267a2f14f2f535d68e4,unsat
chc-comp-2026/kind2-chc-benchmarks/data/metros_4_e6_239_e2_307_000.smt2,4f46320a9f90ba87cdec307b3411f357c5eea510523e205055313470575ec0fa,chc-comp-2026,LIA,family-balanced 1500-input expansion,chc-comp26-benchmarks-main.zip,912aa7b44471c9e1ed49ba0c2c034dcafa4300a821edaf3bf016618fd0e99b25,https://github.com/chc-comp/chc-comp26-benchmarks,b4fa7a708e5863bbcdb5de50d692ead3a67cbedc,kind2-chc-benchmarks/data/metros_4_e6_239_e2_307_000.smt2,chc-comp-2026/kind2-chc-benchmarks/data/metros_4_e6_239_e2_307_000.yml,4ec154484c089f8eed7bc962d84d9f3a4ecc271632ed3e7d2be0649ab79d71b2,unsat
chc-comp-2026/aeval-benchmarks/multi-phase/s_split_30_000.smt2,5bc381b577d2243aa853ec755b0579a87b5494ce4c604ee7a186bad5df3d6cee,chc-comp-2026,LIA-Lin,family-balanced 1500-input expansion,chc-comp26-benchmarks-main.zip,912aa7b44471c9e1ed49ba0c2c034dcafa4300a821edaf3bf016618fd0e99b25,https://github.com/chc-comp/chc-comp26-benchmarks,b4fa7a708e5863bbcdb5de50d692ead3a67cbedc,aeval-benchmarks/multi-phase/s_split_30_000.smt2,chc-comp-2026/aeval-benchmarks/multi-phase/s_split_30_000_000.yml,3659f0181f4c8d88bd015aa05e52c9448b3e27ad34c8e7e1d7392a004f02fada,sat_validated
chc-comp-2026/hcai-bench/svcomp/O0/O0_vogal_false-unreach-call_000.smt2,05b20b15eda1fdb63b1c07a24ccbe0d455bfd7818d24ce7fb924a4a4adefbe2f,chc-comp-2026,LIA-Lin-Arrays,family-balanced 1500-input expansion,chc-comp26-benchmarks-main.zip,912aa7b44471c9e1ed49ba0c2c034dcafa4300a821edaf3bf016618fd0e99b25,https://github.com/chc-comp/chc-comp26-benchmarks,b4fa7a708e5863bbcdb5de50d692ead3a67cbedc,hcai-bench/svcomp/O0/O0_vogal_false-unreach-call_000.smt2,chc-comp-2026/hcai-bench/svcomp/O0/O0_vogal_false-unreach-call_000.yml,6659720fa365d6618fd8022116ff9c483ed5f54b92c923436f3b25fec87edc86,unsat
chc-comp-2026/ringen-adt-benchmarks/tip2015/sort_BSortSorts_000.smt2,a083b0377c0306b03bd5d14a1c591b9d6be2e33457e5a94d4d5a9017d8df2442,chc-comp-2026,ADT-LIA,family-balanced 1500-input expansion,chc-comp26-benchmarks-main.zip,912aa7b44471c9e1ed49ba0c2c034dcafa4300a821edaf3bf016618fd0e99b25,https://github.com/chc-comp/chc-comp26-benchmarks,b4fa7a708e5863bbcdb5de50d692ead3a67cbedc,ringen-adt-benchmarks/tip2015/sort_BSortSorts_000.smt2,chc-comp-2026/ringen-adt-benchmarks/tip2015/sort_BSortSorts_000.yml,497f0a69776ede8263a8a0ba67cc5b0ce90f31b9864b867aeeb1f8c2458512f1,sat_validated
chc-comp-2026/solidity/unit_tests/types/type_meta_unsupported.sol_0_000.smt2,5e6814680b9c9327bfb31f148e81f6c9bfc20d41550039ad7e8f974ccdab155d,chc-comp-2026,ADT-LIA-Arrays,family-balanced 1500-input expansion,chc-comp26-benchmarks-main.zip,912aa7b44471c9e1ed49ba0c2c034dcafa4300a821edaf3bf016618fd0e99b25,https://github.com/chc-comp/chc-comp26-benchmarks,b4fa7a708e5863bbcdb5de50d692ead3a67cbedc,solidity/unit_tests/types/type_meta_unsupported.sol_0_000.smt2,chc-comp-2026/solidity/unit_tests/types/type_meta_unsupported.sol_0_000.yml,69666017f52816d541b3dfc960f303a770a532902e9466aa3b79aaf5349d564d,unsat
chc-comp-2026/vmt-chc-benchmarks/bv/up.c_000.smt2,65843838bc5c8f2f2e66fb42eed044e233e7933ecf5609c0ed734776c6a9b133,chc-comp-2026,BV-Lin,family-balanced 1500-input expansion,chc-comp26-benchmarks-main.zip,912aa7b44471c9e1ed49ba0c2c034dcafa4300a821edaf3bf016618fd0e99b25,https://github.com/chc-comp/chc-comp26-benchmarks,b4fa7a708e5863bbcdb5de50d692ead3a67cbedc,vmt-chc-benchmarks/bv/up.c_000.smt2,chc-comp-2026/vmt-chc-benchmarks/bv/up.c_000_000.yml,ec2e248372dbe142cd3665e476765afe5b0817e42cc141be42d84268f6db2f44,
chc-comp-2026/hcai-bench/svcomp/O3/O3_Fibonacci01_true-unreach-call_true-no-overflow_000.smt2,5165adc1941384e383c301247b5b0bae488821819eb0e94135cd120f63d3b4db,chc-comp-2026,LIA,family-balanced 1500-input expansion,chc-comp26-benchmarks-main.zip,912aa7b44471c9e1ed49ba0c2c034dcafa4300a821edaf3bf016618fd0e99b25,https://github.com/chc-comp/chc-comp26-benchmarks,b4fa7a708e5863bbcdb5de50d692ead3a67cbedc,hcai-bench/svcomp/O3/O3_Fibonacci01_true-unreach-call_true-no-overflow_000.smt2,chc-comp-2026/hcai-bench/svcomp/O3/O3_Fibonacci01_true-unreach-call_true-no-overflow_000.yml,0a6a946002930c7b80e7cefcaa50cc75ba075006c96277e58478c80dec418d36,sat_validated
chc-comp-2026/hcai-bench/svcomp/O0/O0_trex01_false-unreach-call_true-termination_000.smt2,a1b6ef959defcbb8db4a56abf6d3b3e1d0d0e604086eb512ff8f2023e27c67e4,chc-comp-2026,LIA-Lin,family-balanced 1500-input expansion,chc-comp26-benchmarks-main.zip,912aa7b44471c9e1ed49ba0c2c034dcafa4300a821edaf3bf016618fd0e99b25,https://github.com/chc-comp/chc-comp26-benchmarks,b4fa7a708e5863bbcdb5de50d692ead3a67cbedc,hcai-bench/svcomp/O0/O0_trex01_false-unreach-call_true-termination_000.smt2,chc-comp-2026/hcai-bench/svcomp/O0/O0_trex01_false-unreach-call_true-termination_000.yml,542229e3786b43129dc63b37bc3262d5caba00244a2f35deaa0740e20d7b1d2b,unsat
chc-comp-2026/llreve-bench/muz/libc__strncmp_3_000.smt2,d1989376afaa85576e1c2a19ca42dbfa04530c85411109bf5b06e4a0d33955f0,chc-comp-2026,LIA-Lin-Arrays,family-balanced 1500-input expansion,chc-comp26-benchmarks-main.zip,912aa7b44471c9e1ed49ba0c2c034dcafa4300a821edaf3bf016618fd0e99b25,https://github.com/chc-comp/chc-comp26-benchmarks,b4fa7a708e5863bbcdb5de50d692ead3a67cbedc,llreve-bench/muz/libc__strncmp_3_000.smt2,chc-comp-2026/llreve-bench/muz/libc__strncmp_3_000_000.yml,0cc2c4070ef592a9dadfb340bdf017962166e8eb577b05ebd08ce0d5e30d00f7,sat_validated
chc-comp-2026/ADTRem/clam/goal71_000.smt2,9706d3f5f124ac09c8fdb4941c40f550f82be30aa23889a7b459d59f462067e4,chc-comp-2026,ADT-LIA,family-balanced 1500-input expansion,chc-comp26-benchmarks-main.zip,912aa7b44471c9e1ed49ba0c2c034dcafa4300a821edaf3bf016618fd0e99b25,https://github.com/chc-comp/chc-comp26-benchmarks,b4fa7a708e5863bbcdb5de50d692ead3a67cbedc,ADTRem/clam/goal71_000.smt2,chc-comp-2026/ADTRem/clam/goal71_000.yml,812df776b1117ef8627060f4ef0a38bd14f1644a485c330554166581a40c6c6d,
chc-comp-2026/solidity/unit_tests/operators/bitwise_not_fixed_bytes.sol_1_000.smt2,7170dfcb6666b02c50082fd720073a90e83b865be5025150796eea8b9d254b43,chc-comp-2026,ADT-LIA-Arrays,family-balanced 1500-input expansion,chc-comp26-benchmarks-main.zip,912aa7b44471c9e1ed49ba0c2c034dcafa4300a821edaf3bf016618fd0e99b25,https://github.com/chc-comp/chc-comp26-benchmarks,b4fa7a708e5863bbcdb5de50d692ead3a67cbedc,solidity/unit_tests/operators/bitwise_not_fixed_bytes.sol_1_000.smt2,chc-comp-2026/solidity/unit_tests/operators/bitwise_not_fixed_bytes.sol_1_000.yml,716f1948110db11b2d0e1ae1438463f5fd2e9e7c1f11eca093e69672f64bd828,unsat
chc-comp-2026/eldarica-misc/BV/reve/007b-horn-bv_000.smt2,e2f95b3a5c7d21f82871a0e6bbb89fa8b15d67c3187e5c113a21ce38f01e1d1d,chc-comp-2026,BV-Lin,family-balanced 1500-input expansion,chc-comp26-benchmarks-main.zip,912aa7b44471c9e1ed49ba0c2c034dcafa4300a821edaf3bf016618fd0e99b25,https://github.com/chc-comp/chc-comp26-benchmarks,b4fa7a708e5863bbcdb5de50d692ead3a67cbedc,eldarica-misc/BV/reve/007b-horn-bv_000.smt2,chc-comp-2026/eldarica-misc/BV/reve/007b-horn-bv_000.yml,fe36a709e81e8c47ccf48f0bfdea8a376494a9d8d70028cd2f31d17685c3017b,sat_validated
chc-comp-2026/hopv/lia/mochi/enc-zip_map_000.smt2,39de917bb54b675fcb5b664d062bc55d65956c69baf147a86198f90daea32523,chc-comp-2026,LIA,family-balanced 1500-input expansion,chc-comp26-benchmarks-main.zip,912aa7b44471c9e1ed49ba0c2c034dcafa4300a821edaf3bf016618fd0e99b25,https://github.com/chc-comp/chc-comp26-benchmarks,b4fa7a708e5863bbcdb5de50d692ead3a67cbedc,hopv/lia/mochi/enc-zip_map_000.smt2,chc-comp-2026/hopv/lia/mochi/enc-zip_map_000.yml,290cfcc3c9091856e3e1bfef3810ed5717bd033e11e407ad5bbc3e210a51ac4b,sat_validated
chc-comp-2026/hopv/lia/termination/CE-1CFA01_000.smt2,558b47b545c640e5ad3b2bcf35c6dba1e54f7186f535762ec8d749048c61717b,chc-comp-2026,LIA-Lin,family-balanced 1500-input expansion,chc-comp26-benchmarks-main.zip,912aa7b44471c9e1ed49ba0c2c034dcafa4300a821edaf3bf016618fd0e99b25,https://github.com/chc-comp/chc-comp26-benchmarks,b4fa7a708e5863bbcdb5de50d692ead3a67cbedc,hopv/lia/termination/CE-1CFA01_000.smt2,chc-comp-2026/hopv/lia/termination/CE-1CFA01_000.yml,137fb534bc57b6acd65114b1e65180391ba2d1fc1e0099758c35b3b7a825171e,sat_validated
chc-comp-2026/quic3/data/standard_partition_original_true-unreach-call_ground_000.smt2,cbfbbc05825a76aec5adbce24e293c990c166dca1f30490a7fb7c32733a6f2e4,chc-comp-2026,LIA-Lin-Arrays,family-balanced 1500-input expansion,chc-comp26-benchmarks-main.zip,912aa7b44471c9e1ed49ba0c2c034dcafa4300a821edaf3bf016618fd0e99b25,https://github.com/chc-comp/chc-comp26-benchmarks,b4fa7a708e5863bbcdb5de50d692ead3a67cbedc,quic3/data/standard_partition_original_true-unreach-call_ground_000.smt2,chc-comp-2026/quic3/data/standard_partition_original_true-unreach-call_ground_000.yml,ac66441de4612894525c1c00b568f1f833763a5f348907368513c685fd01d80b,unsat
chc-comp-2026/tip-adt-lia/isaplanner_prop_81_000.smt2,d82882388c23dbcec0562acff778a8ad45df286a6600dc88acd03398728e55ae,chc-comp-2026,ADT-LIA,family-balanced 1500-input expansion,chc-comp26-benchmarks-main.zip,912aa7b44471c9e1ed49ba0c2c034dcafa4300a821edaf3bf016618fd0e99b25,https://github.com/chc-comp/chc-comp26-benchmarks,b4fa7a708e5863bbcdb5de50d692ead3a67cbedc,tip-adt-lia/isaplanner_prop_81_000.smt2,chc-comp-2026/tip-adt-lia/isaplanner_prop_81_000.yml,8ccc8f4257db06f71e6deaa73edada9230a0577f82fea9716a141285dfb9b0d0,sat
chc-comp-2026/solidity/unit_tests/types/fixed_bytes_access_7.sol_0_000.smt2,6422bc31016fb98673f5159bc79a2251727b12fd042db43b840e19be76f6a46a,chc-comp-2026,ADT-LIA-Arrays,family-balanced 1500-input expansion,chc-comp26-benchmarks-main.zip,912aa7b44471c9e1ed49ba0c2c034dcafa4300a821edaf3bf016618fd0e99b25,https://github.com/chc-comp/chc-comp26-benchmarks,b4fa7a708e5863bbcdb5de50d692ead3a67cbedc,solidity/unit_tests/types/fixed_bytes_access_7.sol_0_000.smt2,chc-comp-2026/solidity/unit_tests/types/fixed_bytes_access_7.sol_0_000.yml,ebe597037f7c0750cf16db8c9e44c409429b8e3668fbd8ac41ea21e613da3c75,unsat
chc-comp-2026/vmt-chc-benchmarks/bv/half.c_000.smt2,5a0c1e37134a129fb3a388a4ee361dfc69428b8c686280be7691844d60679c1d,chc-comp-2026,BV-Lin,family-balanced 1500-input expansion,chc-comp26-benchmarks-main.zip,912aa7b44471c9e1ed49ba0c2c034dcafa4300a821edaf3bf016618fd0e99b25,https://github.com/chc-comp/chc-comp26-benchmarks,b4fa7a708e5863bbcdb5de50d692ead3a67cbedc,vmt-chc-benchmarks/bv/half.c_000.smt2,chc-comp-2026/vmt-chc-benchmarks/bv/half.c_000.yml,6b8b505ed05d730d616ce0bc6c4f95dad7dff54d5869607e212e52c9a3746488,
chc-comp-2026/synthesis/nay-horn/PLUS_array_search_2_000.smt2,1fcb5e1220a7f85170607a85c1c198d4fe88b60d960671ff6391d1fec99daa43,chc-comp-2026,LIA,family-balanced 1500-input expansion,chc-comp26-benchmarks-main.zip,912aa7b44471c9e1ed49ba0c2c034dcafa4300a821edaf3bf016618fd0e99b25,https://github.com/chc-comp/chc-comp26-benchmarks,b4fa7a708e5863bbcdb5de50d692ead3a67cbedc,synthesis/nay-horn/PLUS_array_search_2_000.smt2,chc-comp-2026/synthesis/nay-horn/PLUS_array_search_2_000.yml,6ff3ef66cd48f676fb3edf3fc328c3d7ef4001a02a2b3c4be945bc392ce46049,sat_validated
chc-comp-2026/extra-small-lia/s_multipl_22_000.smt2,3a96629a63050f9c1e9e5cecc00c9d5984d2d2d5fcd8299fa7f1a052fde327eb,chc-comp-2026,LIA-Lin,family-balanced 1500-input expansion,chc-comp26-benchmarks-main.zip,912aa7b44471c9e1ed49ba0c2c034dcafa4300a821edaf3bf016618fd0e99b25,https://github.com/chc-comp/chc-comp26-benchmarks,b4fa7a708e5863bbcdb5de50d692ead3a67cbedc,extra-small-lia/s_multipl_22_000.smt2,chc-comp-2026/extra-small-lia/s_multipl_22_000.yml,8731f4d509d6cdcabc46ec3a2f6482da4c3908482d4599743b29a9e327c5cd40,sat
chc-comp-2026/hcai-bench/svcomp/O0/O0_matrix_true-unreach-call_true-termination_000.smt2,851cbdcd6dd504ece7eb66abd49e2d616919e6c54354660d8d9fe9766a3632db,chc-comp-2026,LIA-Lin-Arrays,family-balanced 1500-input expansion,chc-comp26-benchmarks-main.zip,912aa7b44471c9e1ed49ba0c2c034dcafa4300a821edaf3bf016618fd0e99b25,https://github.com/chc-comp/chc-comp26-benchmarks,b4fa7a708e5863bbcdb5de50d692ead3a67cbedc,hcai-bench/svcomp/O0/O0_matrix_true-unreach-call_true-termination_000.smt2,chc-comp-2026/hcai-bench/svcomp/O0/O0_matrix_true-unreach-call_true-termination_000.yml,933bcf31fae13d7aff98f3d49e177f45b0db7c44353acd4494f1c617f89f3792,sat_validated
chc-comp-2026/adt-purified-benchmarks/2-inc-max-inc-max-01-0.Z3.0_000.smt2,9fb290dca0fef5d39c922bfcbe79d6a4370db57fe3839787da67320ddf2b589d,chc-comp-2026,ADT-LIA,family-balanced 1500-input expansion,chc-comp26-benchmarks-main.zip,912aa7b44471c9e1ed49ba0c2c034dcafa4300a821edaf3bf016618fd0e99b25,https://github.com/chc-comp/chc-comp26-benchmarks,b4fa7a708e5863bbcdb5de50d692ead3a67cbedc,adt-purified-benchmarks/2-inc-max-inc-max-01-0.Z3.0_000.smt2,chc-comp-2026/adt-purified-benchmarks/2-inc-max-inc-max-01-0.Z3.0_000.yml,7424e7ff2f77171688e51e3a95383e1688acdc3b14856fded050987ba23ae8ad,
chc-comp-2026/solidity/unit_tests/external_calls/external_call_from_constructor_1.sol_1_000.smt2,706145d271165c4760f42fd460f0eca34da23509f0b2461529ed9f326221d612,chc-comp-2026,ADT-LIA-Arrays,family-balanced 1500-input expansion,chc-comp26-benchmarks-main.zip,912aa7b44471c9e1ed49ba0c2c034dcafa4300a821edaf3bf016618fd0e99b25,https://github.com/chc-comp/chc-comp26-benchmarks,b4fa7a708e5863bbcdb5de50d692ead3a67cbedc,solidity/unit_tests/external_calls/external_call_from_constructor_1.sol_1_000.smt2,chc-comp-2026/solidity/unit_tests/external_calls/external_call_from_constructor_1.sol_1_000.yml,06accefd9b93b8a43620ca8f4b670d024befa6bb65a93d8024c444bc0ce80c4e,unsat
chc-comp-2026/eldarica-misc/BV/reve/024-bv_000.smt2,80aabb01a188f5fe5da7c047b45818c1273531cea33f1ad239195d41092ab068,chc-comp-2026,BV-Lin,family-balanced 1500-input expansion,chc-comp26-benchmarks-main.zip,912aa7b44471c9e1ed49ba0c2c034dcafa4300a821edaf3bf016618fd0e99b25,https://github.com/chc-comp/chc-comp26-benchmarks,b4fa7a708e5863bbcdb5de50d692ead3a67cbedc,eldarica-misc/BV/reve/024-bv_000.smt2,chc-comp-2026/eldarica-misc/BV/reve/024-bv_000.yml,ee46801c004da612bdfcc60315277e8159e89e3a66f889528200e103ee231805,unsat
chc-comp-2026/llreve-bench/smt2/clausified/rec__add-horn_000.smt2,6d13afaa4eb6297bd708acd2ea53e0f50eb80b7f8d4d572436b8b67cb2592df4,chc-comp-2026,LIA,family-balanced 1500-input expansion,chc-comp26-benchmarks-main.zip,912aa7b44471c9e1ed49ba0c2c034dcafa4300a821edaf3bf016618fd0e99b25,https://github.com/chc-comp/chc-comp26-benchmarks,b4fa7a708e5863bbcdb5de50d692ead3a67cbedc,llreve-bench/smt2/clausified/rec__add-horn_000.smt2,chc-comp-2026/llreve-bench/smt2/clausified/rec__add-horn_000_001.yml,bc548d8e3ae879850275d97b314ff486cd6b0b0c4cf382a412e745f87d4a3583,sat_validated
chc-comp-2026/llreve-bench/muz/loop__while-if_000.smt2,868c96cb475c36c7f7e9dc9b9cb5425c49febeb34cc4fdedc37ddc5cd7e84551,chc-comp-2026,LIA-Lin,family-balanced 1500-input expansion,chc-comp26-benchmarks-main.zip,912aa7b44471c9e1ed49ba0c2c034dcafa4300a821edaf3bf016618fd0e99b25,https://github.com/chc-comp/chc-comp26-benchmarks,b4fa7a708e5863bbcdb5de50d692ead3a67cbedc,llreve-bench/muz/loop__while-if_000.smt2,chc-comp-2026/llreve-bench/muz/loop__while-if_000_000.yml,fd0b98024af6a21d4f28454580be89c50ac31f4908f0e8c0c01ec747d2421085,sat_validated
chc-comp-2026/llreve-bench/muz/heap__memcpy_b_000.smt2,cbd8b3bdc3d141190df18ab28c7f7bac3935eb52a9ab175f009e7724f0e4076e,chc-comp-2026,LIA-Lin-Arrays,family-balanced 1500-input expansion,chc-comp26-benchmarks-main.zip,912aa7b44471c9e1ed49ba0c2c034dcafa4300a821edaf3bf016618fd0e99b25,https://github.com/chc-comp/chc-comp26-benchmarks,b4fa7a708e5863bbcdb5de50d692ead3a67cbedc,llreve-bench/muz/heap__memcpy_b_000.smt2,chc-comp-2026/llreve-bench/muz/heap__memcpy_b_000_000.yml,07e361ff4537c188ad6bff1f84e0a7c6ed58f42f31afa8a83d548dad4d78f415,sat_validated
chc-comp-2026/rust-horn/trees-3-inc-some-unsafe_000.smt2,c59c70cce57863606337f2097d28d4f4cfaed9ded224ccfe6a8f1f28ce727e02,chc-comp-2026,ADT-LIA,family-balanced 1500-input expansion,chc-comp26-benchmarks-main.zip,912aa7b44471c9e1ed49ba0c2c034dcafa4300a821edaf3bf016618fd0e99b25,https://github.com/chc-comp/chc-comp26-benchmarks,b4fa7a708e5863bbcdb5de50d692ead3a67cbedc,rust-horn/trees-3-inc-some-unsafe_000.smt2,chc-comp-2026/rust-horn/trees-3-inc-some-unsafe_000.yml,96b541c27fe8aa949e3dabd4a8ab4e8f742f556cc636b0b54b7c65f228f432ba,unsat
chc-comp-2026/solidity/unit_tests/abi/abi_encode_with_selector_string_literal_2.sol_0_000.smt2,be41de94891b8f9431bd7b3c05680e90905fc009aa32f03e8b691f935ef1e8e5,chc-comp-2026,ADT-LIA-Arrays,family-balanced 1500-input expansion,chc-comp26-benchmarks-main.zip,912aa7b44471c9e1ed49ba0c2c034dcafa4300a821edaf3bf016618fd0e99b25,https://github.com/chc-comp/chc-comp26-benchmarks,b4fa7a708e5863bbcdb5de50d692ead3a67cbedc,solidity/unit_tests/abi/abi_encode_with_selector_string_literal_2.sol_0_000.smt2,chc-comp-2026/solidity/unit_tests/abi/abi_encode_with_selector_string_literal_2.sol_0_000.yml,ffbc3556cc28891d8001dbcbefe16377a329cccf84cb4ef9c3d675b7555863e0,sat_validated
chc-comp-2026/vmt-chc-benchmarks/bv/seq-z3.c_000.smt2,eeac46d11f2d874579487eec2708079ae13228e81e092e503f39538194bcdfd6,chc-comp-2026,BV-Lin,family-balanced 1500-input expansion,chc-comp26-benchmarks-main.zip,912aa7b44471c9e1ed49ba0c2c034dcafa4300a821edaf3bf016618fd0e99b25,https://github.com/chc-comp/chc-comp26-benchmarks,b4fa7a708e5863bbcdb5de50d692ead3a67cbedc,vmt-chc-benchmarks/bv/seq-z3.c_000.smt2,chc-comp-2026/vmt-chc-benchmarks/bv/seq-z3.c_000_000.yml,a6cb6af1d727f3af6564651744c74bd3cc8238eafc6bfc681e6fd8a2a5ff9c90,
chc-comp-2026/eldarica-misc/LIA/Consistency/slow-hull.55_000.smt2,7b2593ce0ccdc002484f4fc3828633aeb0d1398d1d829e33686bd642c552ffca,chc-comp-2026,LIA,family-balanced 1500-input expansion,chc-comp26-benchmarks-main.zip,912aa7b44471c9e1ed49ba0c2c034dcafa4300a821edaf3bf016618fd0e99b25,https://github.com/chc-comp/chc-comp26-benchmarks,b4fa7a708e5863bbcdb5de50d692ead3a67cbedc,eldarica-misc/LIA/Consistency/slow-hull.55_000.smt2,chc-comp-2026/eldarica-misc/LIA/Consistency/slow-hull.55_000.yml,9dca48af277c8429e4b0806bf39f6cbabf37d77c530ec3cf8f3106090e1245cd,unsat
chc-comp-2026/aeval-unsafe/s_split_39_000.smt2,70bdab1cc0e0219b8869bdcfa5d2dd8e38f3c4a5c62e40b4a64820a5f3465d17,chc-comp-2026,LIA-Lin,family-balanced 1500-input expansion,chc-comp26-benchmarks-main.zip,912aa7b44471c9e1ed49ba0c2c034dcafa4300a821edaf3bf016618fd0e99b25,https://github.com/chc-comp/chc-comp26-benchmarks,b4fa7a708e5863bbcdb5de50d692ead3a67cbedc,aeval-unsafe/s_split_39_000.smt2,chc-comp-2026/aeval-unsafe/s_split_39_000_001.yml,9e3debf33e7268d55cc2f0176ce34bdacf1eb97aa1563d09aaf71937be2b24e0,unsat
chc-comp-2026/quic3/data/array_reverse_000.smt2,62c406d462b09209f5bc8403c30b87ec6cbd7a462eba604275dd01f93a44ad95,chc-comp-2026,LIA-Lin-Arrays,family-balanced 1500-input expansion,chc-comp26-benchmarks-main.zip,912aa7b44471c9e1ed49ba0c2c034dcafa4300a821edaf3bf016618fd0e99b25,https://github.com/chc-comp/chc-comp26-benchmarks,b4fa7a708e5863bbcdb5de50d692ead3a67cbedc,quic3/data/array_reverse_000.smt2,chc-comp-2026/quic3/data/array_reverse_000.yml,258456772cb2cb305e64fbc52274f92cfd1d1415059093c3c2e418b350a5c9da,
chc-comp-2026/ringen-adt-benchmarks/tip2015/bin_nat_plus_comm_000.smt2,776cbf4b9c513c38e6cf6cc693bc4ed781696ed515be75d8d6d5d40251e9bc75,chc-comp-2026,ADT-LIA,family-balanced 1500-input expansion,chc-comp26-benchmarks-main.zip,912aa7b44471c9e1ed49ba0c2c034dcafa4300a821edaf3bf016618fd0e99b25,https://github.com/chc-comp/chc-comp26-benchmarks,b4fa7a708e5863bbcdb5de50d692ead3a67cbedc,ringen-adt-benchmarks/tip2015/bin_nat_plus_comm_000.smt2,chc-comp-2026/ringen-adt-benchmarks/tip2015/bin_nat_plus_comm_000.yml,6e1bffc42f747dd550730903f36517dcd997365e93eb39c8e1bf6422ba4453cc,
chc-comp-2026/solidity/unit_tests/special/msg_value_inheritance_2.sol_1_000.smt2,16c13785304d6f2c9fa98f94dc5516be051792aec596a189149c6242db900577,chc-comp-2026,ADT-LIA-Arrays,family-balanced 1500-input expansion,chc-comp26-benchmarks-main.zip,912aa7b44471c9e1ed49ba0c2c034dcafa4300a821edaf3bf016618fd0e99b25,https://github.com/chc-comp/chc-comp26-benchmarks,b4fa7a708e5863bbcdb5de50d692ead3a67cbedc,solidity/unit_tests/special/msg_value_inheritance_2.sol_1_000.smt2,chc-comp-2026/solidity/unit_tests/special/msg_value_inheritance_2.sol_1_000.yml,1d7aa1b1acd1d1133905caee37aaca988dd1d1418c72bc9a20c868f3257d2c8d,unsat
chc-comp-2026/eldarica-misc/BV/SLayerCF/chaining/very_simple_unsafe-ints-bv_000.smt2,e1aba0fea24cec5dabc4bf50ecdc1f3c9c53d7550952ceee34b4f97b072a9275,chc-comp-2026,BV-Lin,family-balanced 1500-input expansion,chc-comp26-benchmarks-main.zip,912aa7b44471c9e1ed49ba0c2c034dcafa4300a821edaf3bf016618fd0e99b25,https://github.com/chc-comp/chc-comp26-benchmarks,b4fa7a708e5863bbcdb5de50d692ead3a67cbedc,eldarica-misc/BV/SLayerCF/chaining/very_simple_unsafe-ints-bv_000.smt2,chc-comp-2026/eldarica-misc/BV/SLayerCF/chaining/very_simple_unsafe-ints-bv_000.yml,0a7a077dd9a858b09a7ef66a37f20a27b331cdf5aac7b615875561ad5c9b6bfe,unsat
chc-comp-2026/kind2-chc-benchmarks/data/car_6_e3_294_e1_956_000.smt2,2c7c71564f45121be86360ae0e5798955406d2c93be2ba2eb55e7a678635049b,chc-comp-2026,LIA,family-balanced 1500-input expansion,chc-comp26-benchmarks-main.zip,912aa7b44471c9e1ed49ba0c2c034dcafa4300a821edaf3bf016618fd0e99b25,https://github.com/chc-comp/chc-comp26-benchmarks,b4fa7a708e5863bbcdb5de50d692ead3a67cbedc,kind2-chc-benchmarks/data/car_6_e3_294_e1_956_000.smt2,chc-comp-2026/kind2-chc-benchmarks/data/car_6_e3_294_e1_956_000_000.yml,824c45cc082ad6225adbaaab08efcb6a3ed3e88a64517fdd3a93c68c7e92f2f5,unsat
chc-comp-2026/rust-horn/bmc-2-test-bmc-2-safe_000.smt2,5f99b64a999e195834ea5b8e209542309d64bdd936afefab3e3e676570198806,chc-comp-2026,LIA-Lin,family-balanced 1500-input expansion,chc-comp26-benchmarks-main.zip,912aa7b44471c9e1ed49ba0c2c034dcafa4300a821edaf3bf016618fd0e99b25,https://github.com/chc-comp/chc-comp26-benchmarks,b4fa7a708e5863bbcdb5de50d692ead3a67cbedc,rust-horn/bmc-2-test-bmc-2-safe_000.smt2,chc-comp-2026/rust-horn/bmc-2-test-bmc-2-safe_000.yml,4219fd5c50c73eed33d32456f8f2ec34d3ccf587b315d218dcac0f5cdb043e51,sat_validated
chc-comp-2026/hcai-bench/svcomp/O3/O3_vogal_false-unreach-call_000.smt2,e65b535c23412e74b4799375a01ade1cf3034e050c0735ecc3c58fc63478a607,chc-comp-2026,LIA-Lin-Arrays,family-balanced 1500-input expansion,chc-comp26-benchmarks-main.zip,912aa7b44471c9e1ed49ba0c2c034dcafa4300a821edaf3bf016618fd0e99b25,https://github.com/chc-comp/chc-comp26-benchmarks,b4fa7a708e5863bbcdb5de50d692ead3a67cbedc,hcai-bench/svcomp/O3/O3_vogal_false-unreach-call_000.smt2,chc-comp-2026/hcai-bench/svcomp/O3/O3_vogal_false-unreach-call_000.yml,675dfd11d18fcc370ae9447e027818c4e8f3a5b5806205b77b888835af4e9322,unsat
chc-comp-2026/ADTRem/leon/unsat-heap-goal10_000.smt2,4ce409bc6ec1b03f99d8e0533308386179666941074630c13ebbd1780e5659f7,chc-comp-2026,ADT-LIA,family-balanced 1500-input expansion,chc-comp26-benchmarks-main.zip,912aa7b44471c9e1ed49ba0c2c034dcafa4300a821edaf3bf016618fd0e99b25,https://github.com/chc-comp/chc-comp26-benchmarks,b4fa7a708e5863bbcdb5de50d692ead3a67cbedc,ADTRem/leon/unsat-heap-goal10_000.smt2,chc-comp-2026/ADTRem/leon/unsat-heap-goal10_000.yml,caa7e37190a9e9ac50d970631cdfd31fc95e3eca579c6a599940c7d5307ed50a,unsat
chc-comp-2026/solidity/unit_tests/special/msg_value_2.sol_0_000.smt2,ebf1436622934c08e6fb7f88a3ec337e4d3d682c8b246987328f2f568c1e9e97,chc-comp-2026,ADT-LIA-Arrays,family-balanced 1500-input expansion,chc-comp26-benchmarks-main.zip,912aa7b44471c9e1ed49ba0c2c034dcafa4300a821edaf3bf016618fd0e99b25,https://github.com/chc-comp/chc-comp26-benchmarks,b4fa7a708e5863bbcdb5de50d692ead3a67cbedc,solidity/unit_tests/special/msg_value_2.sol_0_000.smt2,chc-comp-2026/solidity/unit_tests/special/msg_value_2.sol_0_000.yml,a87d3d1f373c65f472a15417eb0675edd3be552c966078f6bf1e72be087447ed,unsat
chc-comp-2026/vmt-chc-benchmarks/bv/nested2.c_000.smt2,183127cdd5cced00da86ab8eb49f23655ff1a41d9601a9061602406cb9f59bcd,chc-comp-2026,BV-Lin,family-balanced 1500-input expansion,chc-comp26-benchmarks-main.zip,912aa7b44471c9e1ed49ba0c2c034dcafa4300a821edaf3bf016618fd0e99b25,https://github.com/chc-comp/chc-comp26-benchmarks,b4fa7a708e5863bbcdb5de50d692ead3a67cbedc,vmt-chc-benchmarks/bv/nested2.c_000.smt2,chc-comp-2026/vmt-chc-benchmarks/bv/nested2.c_000_000.yml,2f241742926f162228289eaa10c010f113491acb039eac06bcb8dae3c8a2b723,sat_validated
chc-comp-2026/hcai-bench/svcomp/O0/O0_Primes_true-unreach-call_true-no-overflow_false-termination_000.smt2,8f536a71b2a907deac0a33c0eefad583cf021d285f7afe05e61c0db31d145bc2,chc-comp-2026,LIA,family-balanced 1500-input expansion,chc-comp26-benchmarks-main.zip,912aa7b44471c9e1ed49ba0c2c034dcafa4300a821edaf3bf016618fd0e99b25,https://github.com/chc-comp/chc-comp26-benchmarks,b4fa7a708e5863bbcdb5de50d692ead3a67cbedc,hcai-bench/svcomp/O0/O0_Primes_true-unreach-call_true-no-overflow_false-termination_000.smt2,chc-comp-2026/hcai-bench/svcomp/O0/O0_Primes_true-unreach-call_true-no-overflow_false-termination_000.yml,4c2136a85965da061d4dbbf3122e85ba32c47c364fadba72401f04413dffd31b,sat_validated
chc-comp-2026/vmt-chc-benchmarks/lustre/MESI_i3_e1_447_e2_1098_000.smt2,5a8a64b4ccf05980eef787ffe28f2aa1b4424f1f9c8517f0e8649d4921c7f19f,chc-comp-2026,LIA-Lin,family-balanced 1500-input expansion,chc-comp26-benchmarks-main.zip,912aa7b44471c9e1ed49ba0c2c034dcafa4300a821edaf3bf016618fd0e99b25,https://github.com/chc-comp/chc-comp26-benchmarks,b4fa7a708e5863bbcdb5de50d692ead3a67cbedc,vmt-chc-benchmarks/lustre/MESI_i3_e1_447_e2_1098_000.smt2,chc-comp-2026/vmt-chc-benchmarks/lustre/MESI_i3_e1_447_e2_1098_000_001.yml,745756de177cf6cd46680f425d5e81291b34070b0d93271622fc26cb7dc34af6,unsat
chc-comp-2026/llreve-bench/muz/libc__stpcpy_1_000.smt2,baca7ef1ca4056c905d193b8ace85499f8ca64def70f6e6dde6b578227a2c0be,chc-comp-2026,LIA-Lin-Arrays,family-balanced 1500-input expansion,chc-comp26-benchmarks-main.zip,912aa7b44471c9e1ed49ba0c2c034dcafa4300a821edaf3bf016618fd0e99b25,https://github.com/chc-comp/chc-comp26-benchmarks,b4fa7a708e5863bbcdb5de50d692ead3a67cbedc,llreve-bench/muz/libc__stpcpy_1_000.smt2,chc-comp-2026/llreve-bench/muz/libc__stpcpy_1_000_000.yml,03460e31d799d4dfa8e66f3b5192684876b333bd87b4fbdce45c6d55dea1eaa8,sat_validated
chc-comp-2026/tip-adt-lia/grammars_simp_expr_unambig5_000.smt2,9e17eba0478717f7ffb44da65eee58839b84b2e97c7edcc63d3057d8f32b4029,chc-comp-2026,ADT-LIA,family-balanced 1500-input expansion,chc-comp26-benchmarks-main.zip,912aa7b44471c9e1ed49ba0c2c034dcafa4300a821edaf3bf016618fd0e99b25,https://github.com/chc-comp/chc-comp26-benchmarks,b4fa7a708e5863bbcdb5de50d692ead3a67cbedc,tip-adt-lia/grammars_simp_expr_unambig5_000.smt2,chc-comp-2026/tip-adt-lia/grammars_simp_expr_unambig5_000.yml,ab7263d1edcb22186fc896889832221a7c299764e29ebdb1669d6026ae90c9af,
chc-comp-2026/solidity/unit_tests/control_flow/branches_assert_condition_1.sol_0_000.smt2,2ec15b4bf2bcbb4c90d4aba5b28da16d05e792eddaa41cbb7cb1e6d3d6172903,chc-comp-2026,ADT-LIA-Arrays,family-balanced 1500-input expansion,chc-comp26-benchmarks-main.zip,912aa7b44471c9e1ed49ba0c2c034dcafa4300a821edaf3bf016618fd0e99b25,https://github.com/chc-comp/chc-comp26-benchmarks,b4fa7a708e5863bbcdb5de50d692ead3a67cbedc,solidity/unit_tests/control_flow/branches_assert_condition_1.sol_0_000.smt2,chc-comp-2026/solidity/unit_tests/control_flow/branches_assert_condition_1.sol_0_000.yml,6707c2cf31b1535bb4bbee52789376c6aa3ecfbad7ebba3525a92807fc7f5339,sat_validated
chc-comp-2026/eldarica-misc/BV/reve/027b-bv_000.smt2,2d37aaf4e6cc20c82d288ba29c09446a2a9823afa0ea8d4a9e89f6db2f40b76b,chc-comp-2026,BV-Lin,family-balanced 1500-input expansion,chc-comp26-benchmarks-main.zip,912aa7b44471c9e1ed49ba0c2c034dcafa4300a821edaf3bf016618fd0e99b25,https://github.com/chc-comp/chc-comp26-benchmarks,b4fa7a708e5863bbcdb5de50d692ead3a67cbedc,eldarica-misc/BV/reve/027b-bv_000.smt2,chc-comp-2026/eldarica-misc/BV/reve/027b-bv_000.yml,cdd51cccd65cf7a3c31801545e27e2484d4e6f660730f7063afa001839d5e697,unsat
chc-comp-2026/hopv/lia/mochi/ack_000.smt2,bc3c2cdb6ca38609e01f996d46c672d63b811eaef32dc4cbce5040d30c9584a1,chc-comp-2026,LIA,family-balanced 1500-input expansion,chc-comp26-benchmarks-main.zip,912aa7b44471c9e1ed49ba0c2c034dcafa4300a821edaf3bf016618fd0e99b25,https://github.com/chc-comp/chc-comp26-benchmarks,b4fa7a708e5863bbcdb5de50d692ead3a67cbedc,hopv/lia/mochi/ack_000.smt2,chc-comp-2026/hopv/lia/mochi/ack_000.yml,1cd786a248d08f4f6b0d144dbd6ec2d23bd709ff2baa93c49ce69b6be3c629fb,sat_validated
chc-comp-2026/eldarica-misc/LIA/llreve/loop_safe.c-1_000.smt2,0aa71696acfd7b724f0d62874319c90e6ec22e3d53e6f8824bc53385f963f01d,chc-comp-2026,LIA-Lin,family-balanced 1500-input expansion,chc-comp26-benchmarks-main.zip,912aa7b44471c9e1ed49ba0c2c034dcafa4300a821edaf3bf016618fd0e99b25,https://github.com/chc-comp/chc-comp26-benchmarks,b4fa7a708e5863bbcdb5de50d692ead3a67cbedc,eldarica-misc/LIA/llreve/loop_safe.c-1_000.smt2,chc-comp-2026/eldarica-misc/LIA/llreve/loop_safe.c-1_000.yml,488e21df21a8ae3f82e3b9194efc57d2a0a30e4e10339dedd7bdb3b9520ef5c3,unsat
chc-comp-2026/quic3/data/standard_copy2_true-unreach-call_ground_000.smt2,d026a64fc1cffd476428726eb9f883133f18044be6fc9081c2831297451afcda,chc-comp-2026,LIA-Lin-Arrays,family-balanced 1500-input expansion,chc-comp26-benchmarks-main.zip,912aa7b44471c9e1ed49ba0c2c034dcafa4300a821edaf3bf016618fd0e99b25,https://github.com/chc-comp/chc-comp26-benchmarks,b4fa7a708e5863bbcdb5de50d692ead3a67cbedc,quic3/data/standard_copy2_true-unreach-call_ground_000.smt2,chc-comp-2026/quic3/data/standard_copy2_true-unreach-call_ground_000.yml,c749c39014e645ba610cc28bdf66c4ce25765a658c86739a266a12fe96c93f96,
chc-comp-2026/adt-purified-benchmarks/5-linger-dec-linger-dec-11-1.Z3.0_000.smt2,c625f9931c866a0aa820052c14919dfc99ff52de2508a3fe2a0b2d429d51bbe3,chc-comp-2026,ADT-LIA,family-balanced 1500-input expansion,chc-comp26-benchmarks-main.zip,912aa7b44471c9e1ed49ba0c2c034dcafa4300a821edaf3bf016618fd0e99b25,https://github.com/chc-comp/chc-comp26-benchmarks,b4fa7a708e5863bbcdb5de50d692ead3a67cbedc,adt-purified-benchmarks/5-linger-dec-linger-dec-11-1.Z3.0_000.smt2,chc-comp-2026/adt-purified-benchmarks/5-linger-dec-linger-dec-11-1.Z3.0_000.yml,c629411d413b9839c61391b353ced9b95a8b976e05eb352af668792507223ee5,unsat
chc-comp-2026/solidity/unit_tests/functions/internal_call_with_assertion_1_fail.sol_2_000.smt2,0192d5e9d809a19515e550bec4279a02f5fe027efd35bc8a5edc38ec779333ad,chc-comp-2026,ADT-LIA-Arrays,family-balanced 1500-input expansion,chc-comp26-benchmarks-main.zip,912aa7b44471c9e1ed49ba0c2c034dcafa4300a821edaf3bf016618fd0e99b25,https://github.com/chc-comp/chc-comp26-benchmarks,b4fa7a708e5863bbcdb5de50d692ead3a67cbedc,solidity/unit_tests/functions/internal_call_with_assertion_1_fail.sol_2_000.smt2,chc-comp-2026/solidity/unit_tests/functions/internal_call_with_assertion_1_fail.sol_2_000.yml,146ba448910f1b27751e441f477f209ffd8568e6e803d6714b588256081de782,unsat
chc-comp-2026/vmt-chc-benchmarks/bv/nested1.c_000.smt2,d232a5615db52fa8eb2c65c52d6946444962a3f301041bad26c0ecb28b840534,chc-comp-2026,BV-Lin,family-balanced 1500-input expansion,chc-comp26-benchmarks-main.zip,912aa7b44471c9e1ed49ba0c2c034dcafa4300a821edaf3bf016618fd0e99b25,https://github.com/chc-comp/chc-comp26-benchmarks,b4fa7a708e5863bbcdb5de50d692ead3a67cbedc,vmt-chc-benchmarks/bv/nested1.c_000.smt2,chc-comp-2026/vmt-chc-benchmarks/bv/nested1.c_000_000.yml,6d085d069dfbb93a3cc30050fc44ad4db4e183bcbd0d3f1f930376cfe9a903db,sat_validated
chc-comp-2026/synthesis/nay-horn/CONST_sum_6_5_000.smt2,6ad34fba19e8d825e656dd8f2ad11ad92865d8c25fec96b64bb2e396394f5ce3,chc-comp-2026,LIA,family-balanced 1500-input expansion,chc-comp26-benchmarks-main.zip,912aa7b44471c9e1ed49ba0c2c034dcafa4300a821edaf3bf016618fd0e99b25,https://github.com/chc-comp/chc-comp26-benchmarks,b4fa7a708e5863bbcdb5de50d692ead3a67cbedc,synthesis/nay-horn/CONST_sum_6_5_000.smt2,chc-comp-2026/synthesis/nay-horn/CONST_sum_6_5_000.yml,607db7cb714676e9dbe097d9779531cfe5658f4f7b4b59531e14ceacc998419d,sat_validated
chc-comp-2026/hcai-bench/svcomp/O0/O0_fibo_2calls_6_false-unreach-call_true-termination_000.smt2,f4feee0e9ec730ff6543e9964cc67d0a416575d2443385daf023f14790ae3fbc,chc-comp-2026,LIA-Lin,family-balanced 1500-input expansion,chc-comp26-benchmarks-main.zip,912aa7b44471c9e1ed49ba0c2c034dcafa4300a821edaf3bf016618fd0e99b25,https://github.com/chc-comp/chc-comp26-benchmarks,b4fa7a708e5863bbcdb5de50d692ead3a67cbedc,hcai-bench/svcomp/O0/O0_fibo_2calls_6_false-unreach-call_true-termination_000.smt2,chc-comp-2026/hcai-bench/svcomp/O0/O0_fibo_2calls_6_false-unreach-call_true-termination_000.yml,eaa0f6a6271f1a2411a317e7b80cd26aa35cc1737886e9c13c541c124790f6a4,unsat
chc-comp-2026/hcai-bench/svcomp/O0/O0_compact_false-unreach-call_000.smt2,f24545d6989a7055be171387a0fefd5f2fd3231744738809912c6d126ec8718a,chc-comp-2026,LIA-Lin-Arrays,family-balanced 1500-input expansion,chc-comp26-benchmarks-main.zip,912aa7b44471c9e1ed49ba0c2c034dcafa4300a821edaf3bf016618fd0e99b25,https://github.com/chc-comp/chc-comp26-benchmarks,b4fa7a708e5863bbcdb5de50d692ead3a67cbedc,hcai-bench/svcomp/O0/O0_compact_false-unreach-call_000.smt2,chc-comp-2026/hcai-bench/svcomp/O0/O0_compact_false-unreach-call_000.yml,16a28e2fe3281e36ad4c12335800e8fd213766c04f451c55e7867428ce8c8294,
chc-comp-2026/rust-horn/prusti-7-pass-mut_borrows-restore_000.smt2,f72afdeefd1730c147fdc65eeac9c464a385f8c191ae5213c4eb4f32c668dcea,chc-comp-2026,ADT-LIA,family-balanced 1500-input expansion,chc-comp26-benchmarks-main.zip,912aa7b44471c9e1ed49ba0c2c034dcafa4300a821edaf3bf016618fd0e99b25,https://github.com/chc-comp/chc-comp26-benchmarks,b4fa7a708e5863bbcdb5de50d692ead3a67cbedc,rust-horn/prusti-7-pass-mut_borrows-restore_000.smt2,chc-comp-2026/rust-horn/prusti-7-pass-mut_borrows-restore_000.yml,4f5af2e60c2593f78cc37d5f2f927a6dccc14d17c6e3b2bdbefbf4c3017f12ed,sat_validated
chc-comp-2026/solidity/unit_tests/types/fixed_bytes_access_1.sol_0_000.smt2,865e32c65295d4fcc270fb39266a2d2686a911604c6ed0b522626f0b230033a0,chc-comp-2026,ADT-LIA-Arrays,family-balanced 1500-input expansion,chc-comp26-benchmarks-main.zip,912aa7b44471c9e1ed49ba0c2c034dcafa4300a821edaf3bf016618fd0e99b25,https://github.com/chc-comp/chc-comp26-benchmarks,b4fa7a708e5863bbcdb5de50d692ead3a67cbedc,solidity/unit_tests/types/fixed_bytes_access_1.sol_0_000.smt2,chc-comp-2026/solidity/unit_tests/types/fixed_bytes_access_1.sol_0_000.yml,03a52fe83abfcc4adee7cb3a49f894015a856e175a6191a2c8b86d4a3d6078e6,sat_validated
chc-comp-2026/eldarica-misc/BV/reve/002b-horn-bv_000.smt2,fae43bfe011b338049d1cb2baf2503cede8279777f09ba071d0343b893f84f7f,chc-comp-2026,BV-Lin,family-balanced 1500-input expansion,chc-comp26-benchmarks-main.zip,912aa7b44471c9e1ed49ba0c2c034dcafa4300a821edaf3bf016618fd0e99b25,https://github.com/chc-comp/chc-comp26-benchmarks,b4fa7a708e5863bbcdb5de50d692ead3a67cbedc,eldarica-misc/BV/reve/002b-horn-bv_000.smt2,chc-comp-2026/eldarica-misc/BV/reve/002b-horn-bv_000.yml,3465227bac6ba8031f4ac27a416306da8274c6ad629d4570d164007a3d144170,sat_validated
chc-comp-2026/llreve-bench/smt2/clausified/rec__limit1unrolled_000.smt2,7254725b7ba97ea45e1e856b0ba31c7a33809f09c8413e34c5aa0b6f4b2fd0ff,chc-comp-2026,LIA,family-balanced 1500-input expansion,chc-comp26-benchmarks-main.zip,912aa7b44471c9e1ed49ba0c2c034dcafa4300a821edaf3bf016618fd0e99b25,https://github.com/chc-comp/chc-comp26-benchmarks,b4fa7a708e5863bbcdb5de50d692ead3a67cbedc,llreve-bench/smt2/clausified/rec__limit1unrolled_000.smt2,chc-comp-2026/llreve-bench/smt2/clausified/rec__limit1unrolled_000_001.yml,3398b17c9ad634f51065be89f947cf1b176a15a596f57834841f8f30c5fa6299,sat_validated
chc-comp-2026/aeval-benchmarks/multi-phase/s_split_29_000.smt2,4d2cdd68efad0eae84adaf6fed86731a7b88b10b76a929da546c8a48bc5af187,chc-comp-2026,LIA-Lin,family-balanced 1500-input expansion,chc-comp26-benchmarks-main.zip,912aa7b44471c9e1ed49ba0c2c034dcafa4300a821edaf3bf016618fd0e99b25,https://github.com/chc-comp/chc-comp26-benchmarks,b4fa7a708e5863bbcdb5de50d692ead3a67cbedc,aeval-benchmarks/multi-phase/s_split_29_000.smt2,chc-comp-2026/aeval-benchmarks/multi-phase/s_split_29_000_000.yml,d2ed9c12718c97c636b54ba19efdd85330570625b38fa37a461c7ee0928cf6af,sat_validated
chc-comp-2026/llreve-bench/muz/libc__strcspn_000.smt2,d1dae9105e2615259f3a680565fc2b08d0b0faae9870bb1509920a4bfe77bbbd,chc-comp-2026,LIA-Lin-Arrays,family-balanced 1500-input expansion,chc-comp26-benchmarks-main.zip,912aa7b44471c9e1ed49ba0c2c034dcafa4300a821edaf3bf016618fd0e99b25,https://github.com/chc-comp/chc-comp26-benchmarks,b4fa7a708e5863bbcdb5de50d692ead3a67cbedc,llreve-bench/muz/libc__strcspn_000.smt2,chc-comp-2026/llreve-bench/muz/libc__strcspn_000_000.yml,f2463a060af23ce463de7c90b6d498c424a6a59ebe581d49213c6562f2edf7ba,sat_validated
chc-comp-2026/ringen-adt-benchmarks/false/regexp_find1_000.smt2,a201a0fa2386c774851393274d09b83824532dda47cef1b6f7808cb14170796f,chc-comp-2026,ADT-LIA,family-balanced 1500-input expansion,chc-comp26-benchmarks-main.zip,912aa7b44471c9e1ed49ba0c2c034dcafa4300a821edaf3bf016618fd0e99b25,https://github.com/chc-comp/chc-comp26-benchmarks,b4fa7a708e5863bbcdb5de50d692ead3a67cbedc,ringen-adt-benchmarks/false/regexp_find1_000.smt2,chc-comp-2026/ringen-adt-benchmarks/false/regexp_find1_000.yml,5612dc3e1bbdbc9f791ae248c502ccf4b6ec7351ba92089965cc54196d866d35,
chc-comp-2026/solidity/unit_tests/control_flow/assignment_in_declaration.sol_0_000.smt2,5001023c24d030ac305e6eafdb76d72d5bdb01d4ac265477ae164ec26a116c66,chc-comp-2026,ADT-LIA-Arrays,family-balanced 1500-input expansion,chc-comp26-benchmarks-main.zip,912aa7b44471c9e1ed49ba0c2c034dcafa4300a821edaf3bf016618fd0e99b25,https://github.com/chc-comp/chc-comp26-benchmarks,b4fa7a708e5863bbcdb5de50d692ead3a67cbedc,solidity/unit_tests/control_flow/assignment_in_declaration.sol_0_000.smt2,chc-comp-2026/solidity/unit_tests/control_flow/assignment_in_declaration.sol_0_000.yml,4794eec824f71d2512c4b5a0497a8c0afb1d50f1f1dc92143d81bd025e75512d,sat_validated
chc-comp-2026/vmt-chc-benchmarks/bv/nest-if.c_000.smt2,72642f92496d3f161d2f7f9131e7656026f119b45193269b1af6bb256c1408eb,chc-comp-2026,BV-Lin,family-balanced 1500-input expansion,chc-comp26-benchmarks-main.zip,912aa7b44471c9e1ed49ba0c2c034dcafa4300a821edaf3bf016618fd0e99b25,https://github.com/chc-comp/chc-comp26-benchmarks,b4fa7a708e5863bbcdb5de50d692ead3a67cbedc,vmt-chc-benchmarks/bv/nest-if.c_000.smt2,chc-comp-2026/vmt-chc-benchmarks/bv/nest-if.c_000_000.yml,6b665ab0fac3df52e430eae52786a77b9104ff38ee1b43c5487ab763da4a85ae,sat_validated
chc-comp-2026/eldarica-misc/LIA/reve/022c-horn_000.smt2,7992c2ceb0babdaddbe0d160d3a8f0b1b236756b6da3447d13be9b6133162f55,chc-comp-2026,LIA,family-balanced 1500-input expansion,chc-comp26-benchmarks-main.zip,912aa7b44471c9e1ed49ba0c2c034dcafa4300a821edaf3bf016618fd0e99b25,https://github.com/chc-comp/chc-comp26-benchmarks,b4fa7a708e5863bbcdb5de50d692ead3a67cbedc,eldarica-misc/LIA/reve/022c-horn_000.smt2,chc-comp-2026/eldarica-misc/LIA/reve/022c-horn_000.yml,cfb85f311a93eb6e248ace17ad0c05bbaf1d7431e92afaf6fab3eebd5203703c,unsat
chc-comp-2026/extra-small-lia/s_multipl_15_000.smt2,957cd4a9fb0c300884b5e584596f91d393268f7fbcc126ef32e495e5de5e6ef3,chc-comp-2026,LIA-Lin,family-balanced 1500-input expansion,chc-comp26-benchmarks-main.zip,912aa7b44471c9e1ed49ba0c2c034dcafa4300a821edaf3bf016618fd0e99b25,https://github.com/chc-comp/chc-comp26-benchmarks,b4fa7a708e5863bbcdb5de50d692ead3a67cbedc,extra-small-lia/s_multipl_15_000.smt2,chc-comp-2026/extra-small-lia/s_multipl_15_000.yml,35546d4e35675a33f3d1c0b7f0a2e21c338556b3efca0429ccd0b79308c4d747,sat
chc-comp-2026/quic3/data/array_monotonic_true-unreach-call_000.smt2,94d9ecfc72f9e54a9f5f47a1a5d4db5f6483d0e00ebbc2fa09aa6b9e50a0452a,chc-comp-2026,LIA-Lin-Arrays,family-balanced 1500-input expansion,chc-comp26-benchmarks-main.zip,912aa7b44471c9e1ed49ba0c2c034dcafa4300a821edaf3bf016618fd0e99b25,https://github.com/chc-comp/chc-comp26-benchmarks,b4fa7a708e5863bbcdb5de50d692ead3a67cbedc,quic3/data/array_monotonic_true-unreach-call_000.smt2,chc-comp-2026/quic3/data/array_monotonic_true-unreach-call_000.yml,51321515c8cde856256e589c6d58b94bba2ca18f703aff9101203dc7628ffdea,
chc-comp-2026/ADTRem/isaplanner/unsat-goal40_000.smt2,778d9a2ae592a90d4d1e13caea84ad6bbc5be2655925e13da9c389a3b0752bf4,chc-comp-2026,ADT-LIA,family-balanced 1500-input expansion,chc-comp26-benchmarks-main.zip,912aa7b44471c9e1ed49ba0c2c034dcafa4300a821edaf3bf016618fd0e99b25,https://github.com/chc-comp/chc-comp26-benchmarks,b4fa7a708e5863bbcdb5de50d692ead3a67cbedc,ADTRem/isaplanner/unsat-goal40_000.smt2,chc-comp-2026/ADTRem/isaplanner/unsat-goal40_000.yml,0822c82d2ccfd4db4f434b85eb5101da8cd58c476e481525f1850a5d7e32609b,unsat
chc-comp-2026/solidity/unit_tests/external_calls/external_reentrancy_3.sol_1_000.smt2,5906af72428e2362c9bf371912abd7f1f8db880669703a274e4cf8cb6aeb117d,chc-comp-2026,ADT-LIA-Arrays,family-balanced 1500-input expansion,chc-comp26-benchmarks-main.zip,912aa7b44471c9e1ed49ba0c2c034dcafa4300a821edaf3bf016618fd0e99b25,https://github.com/chc-comp/chc-comp26-benchmarks,b4fa7a708e5863bbcdb5de50d692ead3a67cbedc,solidity/unit_tests/external_calls/external_reentrancy_3.sol_1_000.smt2,chc-comp-2026/solidity/unit_tests/external_calls/external_reentrancy_3.sol_1_000.yml,840dadde930c0026faa8791780fa8a09dd540ce5eea0b17ca4d401dd892a258f,sat_validated
chc-comp-2026/eldarica-misc/BV/reve/001b-bv_000.smt2,df1a27660b8e10af90ecd05d6aa3a8507aaf649f20cdcab54a6e4a4e0e2c91c9,chc-comp-2026,BV-Lin,family-balanced 1500-input expansion,chc-comp26-benchmarks-main.zip,912aa7b44471c9e1ed49ba0c2c034dcafa4300a821edaf3bf016618fd0e99b25,https://github.com/chc-comp/chc-comp26-benchmarks,b4fa7a708e5863bbcdb5de50d692ead3a67cbedc,eldarica-misc/BV/reve/001b-bv_000.smt2,chc-comp-2026/eldarica-misc/BV/reve/001b-bv_000.yml,5e94fc98e1dc215406bd25b7ce92cc8e6fce5e372bbf4e2518142ec93db3f79d,unsat
chc-comp-2026/kind2-chc-benchmarks/data/car_5_e7_244_e1_823_000.smt2,ad904d1b9eefaae38bdcd1a804be12dfbc746c0c829f1d2027d9ecc860978923,chc-comp-2026,LIA,family-balanced 1500-input expansion,chc-comp26-benchmarks-main.zip,912aa7b44471c9e1ed49ba0c2c034dcafa4300a821edaf3bf016618fd0e99b25,https://github.com/chc-comp/chc-comp26-benchmarks,b4fa7a708e5863bbcdb5de50d692ead3a67cbedc,kind2-chc-benchmarks/data/car_5_e7_244_e1_823_000.smt2,chc-comp-2026/kind2-chc-benchmarks/data/car_5_e7_244_e1_823_000_000.yml,1629e2d8425f2a9442f3fbaad93587975fa2c66d7e3c4b67928087657d683d74,sat_validated
chc-comp-2026/hopv/lia/termination/append01_000.smt2,07e4f5085042d9996f46bbd99c3dbbbc3d6f965a710f641d8cac78dca8437b32,chc-comp-2026,LIA-Lin,family-balanced 1500-input expansion,chc-comp26-benchmarks-main.zip,912aa7b44471c9e1ed49ba0c2c034dcafa4300a821edaf3bf016618fd0e99b25,https://github.com/chc-comp/chc-comp26-benchmarks,b4fa7a708e5863bbcdb5de50d692ead3a67cbedc,hopv/lia/termination/append01_000.smt2,chc-comp-2026/hopv/lia/termination/append01_000.yml,5ad293da086b358824c15b9ac81b6b76a4093126a4676664eb344c1848b8b32c,sat_validated
chc-comp-2026/hcai-bench/svcomp/O3/O3_verisec_NetBSD-libc__loop_false-unreach-call_true-termination_000.smt2,b1d5833cb1992c74ed272764ea518569b52e663a60dc07689d6715b1129fc942,chc-comp-2026,LIA-Lin-Arrays,family-balanced 1500-input expansion,chc-comp26-benchmarks-main.zip,912aa7b44471c9e1ed49ba0c2c034dcafa4300a821edaf3bf016618fd0e99b25,https://github.com/chc-comp/chc-comp26-benchmarks,b4fa7a708e5863bbcdb5de50d692ead3a67cbedc,hcai-bench/svcomp/O3/O3_verisec_NetBSD-libc__loop_false-unreach-call_true-termination_000.smt2,chc-comp-2026/hcai-bench/svcomp/O3/O3_verisec_NetBSD-libc__loop_false-unreach-call_true-termination_000.yml,18be629a1c3d568c1ef310456b6af3d639bfcf4ec5793f9ec5ddb16789c82a13,unsat
chc-comp-2026/tip-adt-lia/isaplanner_prop_05_000.smt2,27bdd692f574fb45e177284c068a0d701eed8bdc8a6cab8969a0b700be8edf30,chc-comp-2026,ADT-LIA,family-balanced 1500-input expansion,chc-comp26-benchmarks-main.zip,912aa7b44471c9e1ed49ba0c2c034dcafa4300a821edaf3bf016618fd0e99b25,https://github.com/chc-comp/chc-comp26-benchmarks,b4fa7a708e5863bbcdb5de50d692ead3a67cbedc,tip-adt-lia/isaplanner_prop_05_000.smt2,chc-comp-2026/tip-adt-lia/isaplanner_prop_05_000.yml,cf8e0c821baf712ef94ec8fe4635a3aac7f24394ffa2ad588bcebff67dd5e93e,unsat
chc-comp-2026/solidity/unit_tests/types/static_array_length_3.sol_1_000.smt2,723d61a1750995556d65d16b14527dd95d27d555adfc74b788f2fc273e64d317,chc-comp-2026,ADT-LIA-Arrays,family-balanced 1500-input expansion,chc-comp26-benchmarks-main.zip,912aa7b44471c9e1ed49ba0c2c034dcafa4300a821edaf3bf016618fd0e99b25,https://github.com/chc-comp/chc-comp26-benchmarks,b4fa7a708e5863bbcdb5de50d692ead3a67cbedc,solidity/unit_tests/types/static_array_length_3.sol_1_000.smt2,chc-comp-2026/solidity/unit_tests/types/static_array_length_3.sol_1_000.yml,27a59aaaae5d9938219e5c1e8d1d2e84ae16cab691a078c1efbebfcc58a6c983,unsat
chc-comp-2026/vmt-chc-benchmarks/bv/simple.c_000.smt2,79bb9f8e9436827025b8d28d70b75cf1326c0b3e620b8a8f10b2f9a1b9448d0e,chc-comp-2026,BV-Lin,family-balanced 1500-input expansion,chc-comp26-benchmarks-main.zip,912aa7b44471c9e1ed49ba0c2c034dcafa4300a821edaf3bf016618fd0e99b25,https://github.com/chc-comp/chc-comp26-benchmarks,b4fa7a708e5863bbcdb5de50d692ead3a67cbedc,vmt-chc-benchmarks/bv/simple.c_000.smt2,chc-comp-2026/vmt-chc-benchmarks/bv/simple.c_000_000.yml,e2cf07cb00397c6a02f20bdf70c66c254b8287724c81e54d85c57ca36e923acc,sat_validated
chc-comp-2026/hcai-bench/svcomp/O0/O0_sum_15x0_true-unreach-call_true-termination_000.smt2,965313f3bb873dd3134723c1d640d69350cc75f40298cd55e0ce689291dc3bd1,chc-comp-2026,LIA,family-balanced 1500-input expansion,chc-comp26-benchmarks-main.zip,912aa7b44471c9e1ed49ba0c2c034dcafa4300a821edaf3bf016618fd0e99b25,https://github.com/chc-comp/chc-comp26-benchmarks,b4fa7a708e5863bbcdb5de50d692ead3a67cbedc,hcai-bench/svcomp/O0/O0_sum_15x0_true-unreach-call_true-termination_000.smt2,chc-comp-2026/hcai-bench/svcomp/O0/O0_sum_15x0_true-unreach-call_true-termination_000.yml,1df9418190fc4b64a6be1d144f15f54a74b612455041cafeaf0d3307a66b6ae6,sat_validated
chc-comp-2026/llreve-bench/smt2/clausified/loop__barthe2-big_000.smt2,52072f23091aff4d9d321041c60aa6e1eb869ac29720509ec9d2d358b6d2ce77,chc-comp-2026,LIA-Lin,family-balanced 1500-input expansion,chc-comp26-benchmarks-main.zip,912aa7b44471c9e1ed49ba0c2c034dcafa4300a821edaf3bf016618fd0e99b25,https://github.com/chc-comp/chc-comp26-benchmarks,b4fa7a708e5863bbcdb5de50d692ead3a67cbedc,llreve-bench/smt2/clausified/loop__barthe2-big_000.smt2,chc-comp-2026/llreve-bench/smt2/clausified/loop__barthe2-big_000_001.yml,606d663eec171ef8050354c54c453c3d711eb1e794f013b81a44b6b3f943062e,sat
chc-comp-2026/llreve-bench/smt2/arrays/libc__strcmp.array_000.smt2,d9678584c39276cb6baf5bedbe9e55187ad54317a41c84b3eb2408e29b33a370,chc-comp-2026,LIA-Lin-Arrays,family-balanced 1500-input expansion,chc-comp26-benchmarks-main.zip,912aa7b44471c9e1ed49ba0c2c034dcafa4300a821edaf3bf016618fd0e99b25,https://github.com/chc-comp/chc-comp26-benchmarks,b4fa7a708e5863bbcdb5de50d692ead3a67cbedc,llreve-bench/smt2/arrays/libc__strcmp.array_000.smt2,chc-comp-2026/llreve-bench/smt2/arrays/libc__strcmp.array_000.yml,4383fa0e6175480a3bee664a02aedddabb01ceeff8c7554850ca93a9fa4093fe,sat_validated
chc-comp-2026/adt-purified-benchmarks/0-simple-05_recursive_sat.Z3.0_000.smt2,1990f077d930d2b2515b2750df8db8da7b43f47ead4ad8b1c84fb4a1a431c70c,chc-comp-2026,ADT-LIA,family-balanced 1500-input expansion,chc-comp26-benchmarks-main.zip,912aa7b44471c9e1ed49ba0c2c034dcafa4300a821edaf3bf016618fd0e99b25,https://github.com/chc-comp/chc-comp26-benchmarks,b4fa7a708e5863bbcdb5de50d692ead3a67cbedc,adt-purified-benchmarks/0-simple-05_recursive_sat.Z3.0_000.smt2,chc-comp-2026/adt-purified-benchmarks/0-simple-05_recursive_sat.Z3.0_000.yml,0c3c2b97f4ed6d6a1722108b51e8e04b1c1f9628d6984ad3df444f74a84a10e8,unsat
chc-comp-2026/solidity/unit_tests/types_struct/struct_recursive_1.sol_1_000.smt2,55eea037bbfab54fdb5f5d1f15689348b4c7699525faf347cadebe6417040287,chc-comp-2026,ADT-LIA-Arrays,family-balanced 1500-input expansion,chc-comp26-benchmarks-main.zip,912aa7b44471c9e1ed49ba0c2c034dcafa4300a821edaf3bf016618fd0e99b25,https://github.com/chc-comp/chc-comp26-benchmarks,b4fa7a708e5863bbcdb5de50d692ead3a67cbedc,solidity/unit_tests/types_struct/struct_recursive_1.sol_1_000.smt2,chc-comp-2026/solidity/unit_tests/types_struct/struct_recursive_1.sol_1_000.yml,80975deb819c81f7609a5acbaa9fca15276d356d4d3c37e3a3965d6a0e568228,unsat
chc-comp-2026/eldarica-misc/BV/reve/007-bv_000.smt2,7999f86502210e315676b2174f025dab8ac7924b24cb1107aac8784eee3eeee3,chc-comp-2026,BV-Lin,family-balanced 1500-input expansion,chc-comp26-benchmarks-main.zip,912aa7b44471c9e1ed49ba0c2c034dcafa4300a821edaf3bf016618fd0e99b25,https://github.com/chc-comp/chc-comp26-benchmarks,b4fa7a708e5863bbcdb5de50d692ead3a67cbedc,eldarica-misc/BV/reve/007-bv_000.smt2,chc-comp-2026/eldarica-misc/BV/reve/007-bv_000.yml,f65e60fc5542e66584b701e3880421e3b5276212f84f7063653b2dad4c532137,unsat
chc-comp-2026/hopv/lia/mochi/enc-rev_append_000.smt2,82b1eea8d8bd36b586ce9da1c7a1554adcde38f1eb8c8145425e0f46e7ab0e8a,chc-comp-2026,LIA,family-balanced 1500-input expansion,chc-comp26-benchmarks-main.zip,912aa7b44471c9e1ed49ba0c2c034dcafa4300a821edaf3bf016618fd0e99b25,https://github.com/chc-comp/chc-comp26-benchmarks,b4fa7a708e5863bbcdb5de50d692ead3a67cbedc,hopv/lia/mochi/enc-rev_append_000.smt2,chc-comp-2026/hopv/lia/mochi/enc-rev_append_000.yml,fe9c76a3dcf60bd063d8c5f514f03e41e4b693ade691a850055f414357717a30,sat_validated
chc-comp-2026/aeval-unsafe/s_split_32_000.smt2,8413d0593fe852886630a18c74225f94af6fc4c89973b2f38ea454e894f1a7bd,chc-comp-2026,LIA-Lin,family-balanced 1500-input expansion,chc-comp26-benchmarks-main.zip,912aa7b44471c9e1ed49ba0c2c034dcafa4300a821edaf3bf016618fd0e99b25,https://github.com/chc-comp/chc-comp26-benchmarks,b4fa7a708e5863bbcdb5de50d692ead3a67cbedc,aeval-unsafe/s_split_32_000.smt2,chc-comp-2026/aeval-unsafe/s_split_32_000_001.yml,dabf1796a3717f0e1874514b5a20d4f9eaf88e47583a33d6d6ca811914363a18,unsat
chc-comp-2026/quic3/data/standard_minInArray_true-unreach-call_ground_000.smt2,78375980de700a2c26401add6e52e8d2776cbc5f7717674ad5af6df9f4b19691,chc-comp-2026,LIA-Lin-Arrays,family-balanced 1500-input expansion,chc-comp26-benchmarks-main.zip,912aa7b44471c9e1ed49ba0c2c034dcafa4300a821edaf3bf016618fd0e99b25,https://github.com/chc-comp/chc-comp26-benchmarks,b4fa7a708e5863bbcdb5de50d692ead3a67cbedc,quic3/data/standard_minInArray_true-unreach-call_ground_000.smt2,chc-comp-2026/quic3/data/standard_minInArray_true-unreach-call_ground_000.yml,67cfd7736daeea5a7c9afee305fde1db2d368a6cca7567f412111d4af45ca68f,
chc-comp-2026/rust-horn/prusti-4-pass-paper_examples-borrows_align_000.smt2,acd9be4d510fff52c220b872ae531ea6a12bb32d265f14ba7040967f0bbd77da,chc-comp-2026,ADT-LIA,family-balanced 1500-input expansion,chc-comp26-benchmarks-main.zip,912aa7b44471c9e1ed49ba0c2c034dcafa4300a821edaf3bf016618fd0e99b25,https://github.com/chc-comp/chc-comp26-benchmarks,b4fa7a708e5863bbcdb5de50d692ead3a67cbedc,rust-horn/prusti-4-pass-paper_examples-borrows_align_000.smt2,chc-comp-2026/rust-horn/prusti-4-pass-paper_examples-borrows_align_000.yml,8d3e3ba5f428025e8eb187da8a47ead485bc645982c5776351dd1c15328978bb,sat_validated
chc-comp-2026/solidity/unit_tests/types/static_array_length_3.sol_0_000.smt2,33fb84987f81c781ee3864cb2151334106a30405d3fc21055b18fbc2c6a2d6c9,chc-comp-2026,ADT-LIA-Arrays,family-balanced 1500-input expansion,chc-comp26-benchmarks-main.zip,912aa7b44471c9e1ed49ba0c2c034dcafa4300a821edaf3bf016618fd0e99b25,https://github.com/chc-comp/chc-comp26-benchmarks,b4fa7a708e5863bbcdb5de50d692ead3a67cbedc,solidity/unit_tests/types/static_array_length_3.sol_0_000.smt2,chc-comp-2026/solidity/unit_tests/types/static_array_length_3.sol_0_000.yml,b74360d944d57844bfbdcf24d95ce025da8377673483f14f7dd71a7f3d0daf3b,sat_validated
chc-comp-2026/vmt-chc-benchmarks/bv/nest-if7.c_000.smt2,dc1e160e6c148c847055ce123c4c25e35b71333aea6f8366ca36130a514b1be7,chc-comp-2026,BV-Lin,family-balanced 1500-input expansion,chc-comp26-benchmarks-main.zip,912aa7b44471c9e1ed49ba0c2c034dcafa4300a821edaf3bf016618fd0e99b25,https://github.com/chc-comp/chc-comp26-benchmarks,b4fa7a708e5863bbcdb5de50d692ead3a67cbedc,vmt-chc-benchmarks/bv/nest-if7.c_000.smt2,chc-comp-2026/vmt-chc-benchmarks/bv/nest-if7.c_000_000.yml,94e9704a0bb693494839a5b1405848799a3ad108b6e2daf8fa65366073a0684b,sat_validated
chc-comp-2026/synthesis/nay-horn/CONST_sum_5_15_000.smt2,2acd4d62fd9b446b70a1d4bf1d7b15c698043e7ba1aeb3fe973b2a071247b454,chc-comp-2026,LIA,family-balanced 1500-input expansion,chc-comp26-benchmarks-main.zip,912aa7b44471c9e1ed49ba0c2c034dcafa4300a821edaf3bf016618fd0e99b25,https://github.com/chc-comp/chc-comp26-benchmarks,b4fa7a708e5863bbcdb5de50d692ead3a67cbedc,synthesis/nay-horn/CONST_sum_5_15_000.smt2,chc-comp-2026/synthesis/nay-horn/CONST_sum_5_15_000.yml,63b29a36ce027aa958456c41ccb4addb9c966b53742d419375f6fa6c814cd639,sat_validated
chc-comp-2026/rust-horn/bmc-3-test-bmc-3-unsafe_000.smt2,047a9428358ce89889717d3e3f6ea6adc2e1a68d0a31af5c175aa20773657e4b,chc-comp-2026,LIA-Lin,family-balanced 1500-input expansion,chc-comp26-benchmarks-main.zip,912aa7b44471c9e1ed49ba0c2c034dcafa4300a821edaf3bf016618fd0e99b25,https://github.com/chc-comp/chc-comp26-benchmarks,b4fa7a708e5863bbcdb5de50d692ead3a67cbedc,rust-horn/bmc-3-test-bmc-3-unsafe_000.smt2,chc-comp-2026/rust-horn/bmc-3-test-bmc-3-unsafe_000.yml,7ff7e960fb7d9e7907db5fa73ea0606c0ea74c2cd31afaead33864f6b909476e,unsat
chc-comp-2026/hcai-bench/svcomp/O3/O3_vogal_true-unreach-call_000.smt2,a3e88317db10c96070e60d7e9fc92bdac310b724cc999be8b94430c8c88078ea,chc-comp-2026,LIA-Lin-Arrays,family-balanced 1500-input expansion,chc-comp26-benchmarks-main.zip,912aa7b44471c9e1ed49ba0c2c034dcafa4300a821edaf3bf016618fd0e99b25,https://github.com/chc-comp/chc-comp26-benchmarks,b4fa7a708e5863bbcdb5de50d692ead3a67cbedc,hcai-bench/svcomp/O3/O3_vogal_true-unreach-call_000.smt2,chc-comp-2026/hcai-bench/svcomp/O3/O3_vogal_true-unreach-call_000.yml,b3d033418fd6e6660391d04c9958278383c876ad45704257242593bafddecaff,sat_validated
chc-comp-2026/ringen-adt-benchmarks/tip2015/nat_max_idem_000.smt2,9a27412bf749f978779b9c6be6940395908d7c0cdac8c8d84b144f986a4e7863,chc-comp-2026,ADT-LIA,family-balanced 1500-input expansion,chc-comp26-benchmarks-main.zip,912aa7b44471c9e1ed49ba0c2c034dcafa4300a821edaf3bf016618fd0e99b25,https://github.com/chc-comp/chc-comp26-benchmarks,b4fa7a708e5863bbcdb5de50d692ead3a67cbedc,ringen-adt-benchmarks/tip2015/nat_max_idem_000.smt2,chc-comp-2026/ringen-adt-benchmarks/tip2015/nat_max_idem_000.yml,63ce842e11e2b94893fcde5cc271f6b14935a5a24d487ea8d8762776a95c3973,sat_validated
chc-comp-2026/solidity/unit_tests/types/bool_int_mixed_2.sol_0_000.smt2,5fb749aa2f055102302309901562faecfd9c886624722e3fc947113742febcf7,chc-comp-2026,ADT-LIA-Arrays,family-balanced 1500-input expansion,chc-comp26-benchmarks-main.zip,912aa7b44471c9e1ed49ba0c2c034dcafa4300a821edaf3bf016618fd0e99b25,https://github.com/chc-comp/chc-comp26-benchmarks,b4fa7a708e5863bbcdb5de50d692ead3a67cbedc,solidity/unit_tests/types/bool_int_mixed_2.sol_0_000.smt2,chc-comp-2026/solidity/unit_tests/types/bool_int_mixed_2.sol_0_000.yml,c9965ec208a7e4170d786ef79d0c5b69631c26071bbe6ad87cf55900698f2c99,sat_validated
chc-comp-2026/eldarica-misc/BV/dillig/03.c-bv_000.smt2,c0f6e2c2279f4f90190e9d50c398e0e5cb56468e328709cd074861c9f519dbb9,chc-comp-2026,BV-Lin,family-balanced 1500-input expansion,chc-comp26-benchmarks-main.zip,912aa7b44471c9e1ed49ba0c2c034dcafa4300a821edaf3bf016618fd0e99b25,https://github.com/chc-comp/chc-comp26-benchmarks,b4fa7a708e5863bbcdb5de50d692ead3a67cbedc,eldarica-misc/BV/dillig/03.c-bv_000.smt2,chc-comp-2026/eldarica-misc/BV/dillig/03.c-bv_000.yml,5de3bf07afe0ac79ebf8a7607b6824cdf1ecbce4d4d60bc3a1b1e148aa31094a,unsat
chc-comp-2026/llreve-bench/smt2/quant/clausified-no-arrays/heap__heap_call_000.smt2,184dc07096e46cc89c20c4a8ca8f475a3fbe0ff67e210b66327ad160ac0b5a39,chc-comp-2026,LIA,family-balanced 1500-input expansion,chc-comp26-benchmarks-main.zip,912aa7b44471c9e1ed49ba0c2c034dcafa4300a821edaf3bf016618fd0e99b25,https://github.com/chc-comp/chc-comp26-benchmarks,b4fa7a708e5863bbcdb5de50d692ead3a67cbedc,llreve-bench/smt2/quant/clausified-no-arrays/heap__heap_call_000.smt2,chc-comp-2026/llreve-bench/smt2/quant/clausified-no-arrays/heap__heap_call_000_001.yml,dd81e01881cc6492c867e20f42408733c2a054829b39c7f430ab44d1b3a97b72,sat_validated
chc-comp-2026/vmt-chc-benchmarks/lustre/SYNAPSE_all_e8_251_e3_1472_000.smt2,c87e5402f9ea9784891e2884642d77cba365b50f94e2a8b574aa2f69b3ff5df5,chc-comp-2026,LIA-Lin,family-balanced 1500-input expansion,chc-comp26-benchmarks-main.zip,912aa7b44471c9e1ed49ba0c2c034dcafa4300a821edaf3bf016618fd0e99b25,https://github.com/chc-comp/chc-comp26-benchmarks,b4fa7a708e5863bbcdb5de50d692ead3a67cbedc,vmt-chc-benchmarks/lustre/SYNAPSE_all_e8_251_e3_1472_000.smt2,chc-comp-2026/vmt-chc-benchmarks/lustre/SYNAPSE_all_e8_251_e3_1472_000_001.yml,d44a2513e6ac57ad4566a457114b631d910e7a091e88e0af6ab02231a26f05c0,unsat
chc-comp-2026/llreve-bench/muz/libc__strpbrk_2_000.smt2,f11e66c9199a4dfa4e29c4b53c44cfcfcc1f725994c29a2737db5452172e0412,chc-comp-2026,LIA-Lin-Arrays,family-balanced 1500-input expansion,chc-comp26-benchmarks-main.zip,912aa7b44471c9e1ed49ba0c2c034dcafa4300a821edaf3bf016618fd0e99b25,https://github.com/chc-comp/chc-comp26-benchmarks,b4fa7a708e5863bbcdb5de50d692ead3a67cbedc,llreve-bench/muz/libc__strpbrk_2_000.smt2,chc-comp-2026/llreve-bench/muz/libc__strpbrk_2_000_000.yml,f6a553c16e99243cc9b71d5dbb45f9d0fa1021774f55e6d8b6cf9032e21c4327,sat_validated
chc-comp-2026/ADTRem/isaplanner/unsat-goal45_000.smt2,193bd85e8a33e1622b6e315cfd9b7e64a20d5afc9f9a2f965ec2a1c2d1f96507,chc-comp-2026,ADT-LIA,family-balanced 1500-input expansion,chc-comp26-benchmarks-main.zip,912aa7b44471c9e1ed49ba0c2c034dcafa4300a821edaf3bf016618fd0e99b25,https://github.com/chc-comp/chc-comp26-benchmarks,b4fa7a708e5863bbcdb5de50d692ead3a67cbedc,ADTRem/isaplanner/unsat-goal45_000.smt2,chc-comp-2026/ADTRem/isaplanner/unsat-goal45_000.yml,797a8c7c4bc84bfb400841830a1965b38f4b3e257525b2ce1ad54f0bf530e02a,unsat
chc-comp-2026/solidity/unit_tests/array_members/array_pop_length_7.sol_0_000.smt2,0f0279d90b72556508689b000ad9ef1a7b3a09cb2da372f05c89a21b81d4f528,chc-comp-2026,ADT-LIA-Arrays,family-balanced 1500-input expansion,chc-comp26-benchmarks-main.zip,912aa7b44471c9e1ed49ba0c2c034dcafa4300a821edaf3bf016618fd0e99b25,https://github.com/chc-comp/chc-comp26-benchmarks,b4fa7a708e5863bbcdb5de50d692ead3a67cbedc,solidity/unit_tests/array_members/array_pop_length_7.sol_0_000.smt2,chc-comp-2026/solidity/unit_tests/array_members/array_pop_length_7.sol_0_000.yml,7550ee32550b427ed0a2bf3f82ee09a7ab9735edad6228660c63bda33b5782af,sat_validated
chc-comp-2026/vmt-chc-benchmarks/bv/nested.c_000.smt2,344456b9e1f7638444e0fb1e27ffad6880d85d72aed53d62857df4c8854b8ffb,chc-comp-2026,BV-Lin,family-balanced 1500-input expansion,chc-comp26-benchmarks-main.zip,912aa7b44471c9e1ed49ba0c2c034dcafa4300a821edaf3bf016618fd0e99b25,https://github.com/chc-comp/chc-comp26-benchmarks,b4fa7a708e5863bbcdb5de50d692ead3a67cbedc,vmt-chc-benchmarks/bv/nested.c_000.smt2,chc-comp-2026/vmt-chc-benchmarks/bv/nested.c_000_000.yml,1176e01aa69d7de21eb4751530d0dda5c883083b037edc2e2869abd4ef1f5e36,sat_validated
chc-comp-2026/eldarica-misc/LIA/reve/022-horn_000.smt2,d90e006ef4a466b4455ff057ed9fc79a3a0235c947908ff5036aca4a991630d0,chc-comp-2026,LIA,family-balanced 1500-input expansion,chc-comp26-benchmarks-main.zip,912aa7b44471c9e1ed49ba0c2c034dcafa4300a821edaf3bf016618fd0e99b25,https://github.com/chc-comp/chc-comp26-benchmarks,b4fa7a708e5863bbcdb5de50d692ead3a67cbedc,eldarica-misc/LIA/reve/022-horn_000.smt2,chc-comp-2026/eldarica-misc/LIA/reve/022-horn_000.yml,0353b2633b1ea39dbc6098d22b6574e07015662f59e66fc87e7f11078d7b123c,sat_validated
chc-comp-2026/eldarica-misc/LIA/HOLA/34.c_000.smt2,e875b69fba3a84eab15d35979ba608b39ba17dbd4db63149cc7b4c5a9110b2ae,chc-comp-2026,LIA-Lin,family-balanced 1500-input expansion,chc-comp26-benchmarks-main.zip,912aa7b44471c9e1ed49ba0c2c034dcafa4300a821edaf3bf016618fd0e99b25,https://github.com/chc-comp/chc-comp26-benchmarks,b4fa7a708e5863bbcdb5de50d692ead3a67cbedc,eldarica-misc/LIA/HOLA/34.c_000.smt2,chc-comp-2026/eldarica-misc/LIA/HOLA/34.c_000.yml,147a0209daa5c1255db8b9675c6c65e2f5472044debce59900b2bb53853e90af,sat_validated
chc-comp-2026/quic3/data/standard_copyInitSum2_true-unreach-call_ground_000.smt2,f89317daf84e77e9556585150b102e8c06b0b259b5e1903621ad23f7aa0eef54,chc-comp-2026,LIA-Lin-Arrays,family-balanced 1500-input expansion,chc-comp26-benchmarks-main.zip,912aa7b44471c9e1ed49ba0c2c034dcafa4300a821edaf3bf016618fd0e99b25,https://github.com/chc-comp/chc-comp26-benchmarks,b4fa7a708e5863bbcdb5de50d692ead3a67cbedc,quic3/data/standard_copyInitSum2_true-unreach-call_ground_000.smt2,chc-comp-2026/quic3/data/standard_copyInitSum2_true-unreach-call_ground_000.yml,edd2dc2018033920ad3daabec1dd53e0b03afb90970ebe5ad8d882528eed7776,
chc-comp-2026/tip-adt-lia/prod_prop_48_000.smt2,e9ed0d872d2421fe4eb021921782200883c674df27ee7ac505ed74f57f111054,chc-comp-2026,ADT-LIA,family-balanced 1500-input expansion,chc-comp26-benchmarks-main.zip,912aa7b44471c9e1ed49ba0c2c034dcafa4300a821edaf3bf016618fd0e99b25,https://github.com/chc-comp/chc-comp26-benchmarks,b4fa7a708e5863bbcdb5de50d692ead3a67cbedc,tip-adt-lia/prod_prop_48_000.smt2,chc-comp-2026/tip-adt-lia/prod_prop_48_000.yml,d79fe5c9f509dde2f7451fd42fc1eccde2e1eac3aea5f05ffac3d913f264d6f3,sat
chc-comp-2026/solidity/unit_tests/operators/constant_propagation_1.sol_2_000.smt2,1f340e1901636137bb013393a0d6f8f692a1cc243cbe872e041215c79a3f6a30,chc-comp-2026,ADT-LIA-Arrays,family-balanced 1500-input expansion,chc-comp26-benchmarks-main.zip,912aa7b44471c9e1ed49ba0c2c034dcafa4300a821edaf3bf016618fd0e99b25,https://github.com/chc-comp/chc-comp26-benchmarks,b4fa7a708e5863bbcdb5de50d692ead3a67cbedc,solidity/unit_tests/operators/constant_propagation_1.sol_2_000.smt2,chc-comp-2026/solidity/unit_tests/operators/constant_propagation_1.sol_2_000.yml,68d82431be63db437988acb77bfb38f614ef34db07bc3075daed9866b66a4d0a,sat_validated
chc-comp-2026/eldarica-misc/BV/reve/025d-bv_000.smt2,33472f8d6990cb5f2974a7ab9d01316e09b7dc222f35d3c0e0c0d7256d3e5c43,chc-comp-2026,BV-Lin,family-balanced 1500-input expansion,chc-comp26-benchmarks-main.zip,912aa7b44471c9e1ed49ba0c2c034dcafa4300a821edaf3bf016618fd0e99b25,https://github.com/chc-comp/chc-comp26-benchmarks,b4fa7a708e5863bbcdb5de50d692ead3a67cbedc,eldarica-misc/BV/reve/025d-bv_000.smt2,chc-comp-2026/eldarica-misc/BV/reve/025d-bv_000.yml,4f2946437c065252eba1813c86397e476ffbf290c04483dc706b52f78f57fbd0,unsat
chc-comp-2026/kind2-chc-benchmarks/data/SYNAPSE_2_e8_1118_e3_1216_000.smt2,ecb853e27ca091d28a8a7258a733ea92135990bfb34b21cd89f00509410ac420,chc-comp-2026,LIA,family-balanced 1500-input expansion,chc-comp26-benchmarks-main.zip,912aa7b44471c9e1ed49ba0c2c034dcafa4300a821edaf3bf016618fd0e99b25,https://github.com/chc-comp/chc-comp26-benchmarks,b4fa7a708e5863bbcdb5de50d692ead3a67cbedc,kind2-chc-benchmarks/data/SYNAPSE_2_e8_1118_e3_1216_000.smt2,chc-comp-2026/kind2-chc-benchmarks/data/SYNAPSE_2_e8_1118_e3_1216_000_000.yml,74907aa3821f64bd3f8deca0e583219f8e77dc102360b9f7b0e2ace0cfac9766,unsat
chc-comp-2026/hcai-bench/svcomp/O3/O3_for_infinite_loop_1_true-unreach-call_false-termination_000.smt2,993623f8af72fc93b2eea7ab156441811173439e476dbe444204eded8cae009f,chc-comp-2026,LIA-Lin,family-balanced 1500-input expansion,chc-comp26-benchmarks-main.zip,912aa7b44471c9e1ed49ba0c2c034dcafa4300a821edaf3bf016618fd0e99b25,https://github.com/chc-comp/chc-comp26-benchmarks,b4fa7a708e5863bbcdb5de50d692ead3a67cbedc,hcai-bench/svcomp/O3/O3_for_infinite_loop_1_true-unreach-call_false-termination_000.smt2,chc-comp-2026/hcai-bench/svcomp/O3/O3_for_infinite_loop_1_true-unreach-call_false-termination_000.yml,f851e8190a6098e7b9fc54112b49cce818e2fe53e43d4c438e9e5776e585083c,sat_validated
chc-comp-2026/llreve-bench/smt2/arrays/libc__strpbrk_2.array_000.smt2,d45be4f9ff812982708861bb6d77ec198b0b76a8a6c91232597e954895f2ffca,chc-comp-2026,LIA-Lin-Arrays,family-balanced 1500-input expansion,chc-comp26-benchmarks-main.zip,912aa7b44471c9e1ed49ba0c2c034dcafa4300a821edaf3bf016618fd0e99b25,https://github.com/chc-comp/chc-comp26-benchmarks,b4fa7a708e5863bbcdb5de50d692ead3a67cbedc,llreve-bench/smt2/arrays/libc__strpbrk_2.array_000.smt2,chc-comp-2026/llreve-bench/smt2/arrays/libc__strpbrk_2.array_000.yml,8eb99c0a0b5afdaeef4691382124932139f9aae583a1ca6172a945529e723067,sat_validated
chc-comp-2026/adt-purified-benchmarks/1-bmc-test-bmc-diamond-2-false.Z3.0_000.smt2,d0ec55a27df13252f91fadd600f29dff03d9d0718b9a4d67512c4879214124a1,chc-comp-2026,ADT-LIA,family-balanced 1500-input expansion,chc-comp26-benchmarks-main.zip,912aa7b44471c9e1ed49ba0c2c034dcafa4300a821edaf3bf016618fd0e99b25,https://github.com/chc-comp/chc-comp26-benchmarks,b4fa7a708e5863bbcdb5de50d692ead3a67cbedc,adt-purified-benchmarks/1-bmc-test-bmc-diamond-2-false.Z3.0_000.smt2,chc-comp-2026/adt-purified-benchmarks/1-bmc-test-bmc-diamond-2-false.Z3.0_000.yml,4a6b2726d69d3ba4545ff7cdb36b4c2fd7a5cf0da624a495d221671b541ed7a7,unsat
chc-comp-2026/solidity/unit_tests/array_members/length_1d_mapping_array_1.sol_0_000.smt2,ee198ce174cbd2419db89dbfc612e098ea589ae95c63ecf9084fcfdeaec714f2,chc-comp-2026,ADT-LIA-Arrays,family-balanced 1500-input expansion,chc-comp26-benchmarks-main.zip,912aa7b44471c9e1ed49ba0c2c034dcafa4300a821edaf3bf016618fd0e99b25,https://github.com/chc-comp/chc-comp26-benchmarks,b4fa7a708e5863bbcdb5de50d692ead3a67cbedc,solidity/unit_tests/array_members/length_1d_mapping_array_1.sol_0_000.smt2,chc-comp-2026/solidity/unit_tests/array_members/length_1d_mapping_array_1.sol_0_000.yml,cd369df741396ca2f54a7655d8bf89b674ae2c47c3406f24911c9e10331617b8,sat_validated
chc-comp-2026/vmt-chc-benchmarks/bv/simple_if.c_000.smt2,053efdfec26bab10582126e567aad01b48c769917a6285bc5962842dfcfe008b,chc-comp-2026,BV-Lin,family-balanced 1500-input expansion,chc-comp26-benchmarks-main.zip,912aa7b44471c9e1ed49ba0c2c034dcafa4300a821edaf3bf016618fd0e99b25,https://github.com/chc-comp/chc-comp26-benchmarks,b4fa7a708e5863bbcdb5de50d692ead3a67cbedc,vmt-chc-benchmarks/bv/simple_if.c_000.smt2,chc-comp-2026/vmt-chc-benchmarks/bv/simple_if.c_000_000.yml,9f3be2e16ebb78ca9b770d27237b9d5fcd177f795d5a264d038342b516fd7276,sat_validated
chc-comp-2026/hcai-bench/svcomp/O0/O0_sum_10x0_true-unreach-call_true-termination_000.smt2,213cd5da8182e9a3e5ce14cfb80b0090fb5d92a0f90d482b03c9395afb7f98c9,chc-comp-2026,LIA,family-balanced 1500-input expansion,chc-comp26-benchmarks-main.zip,912aa7b44471c9e1ed49ba0c2c034dcafa4300a821edaf3bf016618fd0e99b25,https://github.com/chc-comp/chc-comp26-benchmarks,b4fa7a708e5863bbcdb5de50d692ead3a67cbedc,hcai-bench/svcomp/O0/O0_sum_10x0_true-unreach-call_true-termination_000.smt2,chc-comp-2026/hcai-bench/svcomp/O0/O0_sum_10x0_true-unreach-call_true-termination_000.yml,86b1da6afd052c30a06264b808e3329d5781ac2d1efd9a107a3b8b9bff30f0d3,sat_validated
chc-comp-2026/aeval-benchmarks/multi-phase/s_split_25_000.smt2,c8b64e072f6d73bdbcc108575374cbf913ad863e53354215c500e1da0403d06e,chc-comp-2026,LIA-Lin,family-balanced 1500-input expansion,chc-comp26-benchmarks-main.zip,912aa7b44471c9e1ed49ba0c2c034dcafa4300a821edaf3bf016618fd0e99b25,https://github.com/chc-comp/chc-comp26-benchmarks,b4fa7a708e5863bbcdb5de50d692ead3a67cbedc,aeval-benchmarks/multi-phase/s_split_25_000.smt2,chc-comp-2026/aeval-benchmarks/multi-phase/s_split_25_000_000.yml,5229f84ec013b6e2cd6d44fddf13a548cced9142bda07c9fe75aab3cfb31b64a,sat_validated
chc-comp-2026/quic3/data/standard_init5_true-unreach-call_ground_000.smt2,8ed2b42428fe9514224d8910393c6c4ebb31452b25771f781b4462f3c2b75980,chc-comp-2026,LIA-Lin-Arrays,family-balanced 1500-input expansion,chc-comp26-benchmarks-main.zip,912aa7b44471c9e1ed49ba0c2c034dcafa4300a821edaf3bf016618fd0e99b25,https://github.com/chc-comp/chc-comp26-benchmarks,b4fa7a708e5863bbcdb5de50d692ead3a67cbedc,quic3/data/standard_init5_true-unreach-call_ground_000.smt2,chc-comp-2026/quic3/data/standard_init5_true-unreach-call_ground_000.yml,59ff862bafdc53bee6169246cd44fe4c3903303d146cea1b5a8129e7136128c6,
chc-comp-2026/rust-horn/just-rec-1-base-safe_000.smt2,2cc5ee0c8fd19fb8e8e31ae0bee7958af0ecf7cf4f5986200bdc64cb8ff15f86,chc-comp-2026,ADT-LIA,family-balanced 1500-input expansion,chc-comp26-benchmarks-main.zip,912aa7b44471c9e1ed49ba0c2c034dcafa4300a821edaf3bf016618fd0e99b25,https://github.com/chc-comp/chc-comp26-benchmarks,b4fa7a708e5863bbcdb5de50d692ead3a67cbedc,rust-horn/just-rec-1-base-safe_000.smt2,chc-comp-2026/rust-horn/just-rec-1-base-safe_000.yml,09eef84bd042f62debe92b06e2cb101e50ba67106f2da39376ce5fd7eac79acf,sat_validated
chc-comp-2026/solidity/unit_tests/special/msg_parens_1.sol_1_000.smt2,b30f244824aa97fbba096c229d8c68bc1181ec5286f4934ef1c008b25106a654,chc-comp-2026,ADT-LIA-Arrays,family-balanced 1500-input expansion,chc-comp26-benchmarks-main.zip,912aa7b44471c9e1ed49ba0c2c034dcafa4300a821edaf3bf016618fd0e99b25,https://github.com/chc-comp/chc-comp26-benchmarks,b4fa7a708e5863bbcdb5de50d692ead3a67cbedc,solidity/unit_tests/special/msg_parens_1.sol_1_000.smt2,chc-comp-2026/solidity/unit_tests/special/msg_parens_1.sol_1_000.yml,8e96f090a69bdf2cb03d471a90b8c05991df17772addfbb435443aa59cdc9873,unsat
chc-comp-2026/eldarica-misc/BV/reve/020c-bv_000.smt2,bf92f6173d0980c03533b26521e96cf9cc8addc1eac02169d0c7203c3a10c499,chc-comp-2026,BV-Lin,family-balanced 1500-input expansion,chc-comp26-benchmarks-main.zip,912aa7b44471c9e1ed49ba0c2c034dcafa4300a821edaf3bf016618fd0e99b25,https://github.com/chc-comp/chc-comp26-benchmarks,b4fa7a708e5863bbcdb5de50d692ead3a67cbedc,eldarica-misc/BV/reve/020c-bv_000.smt2,chc-comp-2026/eldarica-misc/BV/reve/020c-bv_000.yml,7eb5f09e10a995a02d3b5b09ca6faef731b9144f04452f7da761fb7c56c189e2,unsat
chc-comp-2026/synthesis/nay-horn/CONST_example1_000.smt2,a7ae971ed7d76cc16ea27063da9b75f27365207fad2c27a17dbce609fb35fc4b,chc-comp-2026,LIA,family-balanced 1500-input expansion,chc-comp26-benchmarks-main.zip,912aa7b44471c9e1ed49ba0c2c034dcafa4300a821edaf3bf016618fd0e99b25,https://github.com/chc-comp/chc-comp26-benchmarks,b4fa7a708e5863bbcdb5de50d692ead3a67cbedc,synthesis/nay-horn/CONST_example1_000.smt2,chc-comp-2026/synthesis/nay-horn/CONST_example1_000.yml,a7d0a4f8197dcdd5d05005b80ee379f48e07ba78f8afc1a772b9a0ae397b77b9,sat_validated
chc-comp-2026/hopv/lia/fpice/inductive6-2_000.smt2,d253ca02e5d84ebdbcfe4002e532a5486aac9e67d9b06516a579169076659093,chc-comp-2026,LIA-Lin,family-balanced 1500-input expansion,chc-comp26-benchmarks-main.zip,912aa7b44471c9e1ed49ba0c2c034dcafa4300a821edaf3bf016618fd0e99b25,https://github.com/chc-comp/chc-comp26-benchmarks,b4fa7a708e5863bbcdb5de50d692ead3a67cbedc,hopv/lia/fpice/inductive6-2_000.smt2,chc-comp-2026/hopv/lia/fpice/inductive6-2_000.yml,f5136f97d2f000f5fc73326546192163fef85a09e4d96d081b14f2823c885878,sat_validated
chc-comp-2026/llreve-bench/smt2/arrays/coreutils__md5sum.array_000.smt2,84ce9f411759255e8abdd4101957fee0211251db996ab1410e8d831352bcc4a6,chc-comp-2026,LIA-Lin-Arrays,family-balanced 1500-input expansion,chc-comp26-benchmarks-main.zip,912aa7b44471c9e1ed49ba0c2c034dcafa4300a821edaf3bf016618fd0e99b25,https://github.com/chc-comp/chc-comp26-benchmarks,b4fa7a708e5863bbcdb5de50d692ead3a67cbedc,llreve-bench/smt2/arrays/coreutils__md5sum.array_000.smt2,chc-comp-2026/llreve-bench/smt2/arrays/coreutils__md5sum.array_000.yml,405356f0e075b21116ede2c88aa7fe155e98cd8a7395e779c26c907df04b450b,sat_validated
chc-comp-2026/ringen-adt-benchmarks/isaplanner/prop_16_000.smt2,265586454f9f51f95a11605e222fd621b6aef52988ce340f3f34317b0e68059f,chc-comp-2026,ADT-LIA,family-balanced 1500-input expansion,chc-comp26-benchmarks-main.zip,912aa7b44471c9e1ed49ba0c2c034dcafa4300a821edaf3bf016618fd0e99b25,https://github.com/chc-comp/chc-comp26-benchmarks,b4fa7a708e5863bbcdb5de50d692ead3a67cbedc,ringen-adt-benchmarks/isaplanner/prop_16_000.smt2,chc-comp-2026/ringen-adt-benchmarks/isaplanner/prop_16_000_000.yml,ddb1350a13a7c27900268c769771728f54b2200ade6a99711b8d3f4cf6c61fc3,sat_validated
chc-comp-2026/solidity/unit_tests/operators/conditional_assignment_2.sol_0_000.smt2,1ae9397c5a0a3ee2b8ee08ff13992670039d8c003a276a8c0b5b446fede7316d,chc-comp-2026,ADT-LIA-Arrays,family-balanced 1500-input expansion,chc-comp26-benchmarks-main.zip,912aa7b44471c9e1ed49ba0c2c034dcafa4300a821edaf3bf016618fd0e99b25,https://github.com/chc-comp/chc-comp26-benchmarks,b4fa7a708e5863bbcdb5de50d692ead3a67cbedc,solidity/unit_tests/operators/conditional_assignment_2.sol_0_000.smt2,chc-comp-2026/solidity/unit_tests/operators/conditional_assignment_2.sol_0_000.yml,a819f1828cf1c1e59ae09e687df5f2428e58093bb1b7f79b5f39e03fbabccc2e,unsat
chc-comp-2026/vmt-chc-benchmarks/bv/heapsort1.c_000.smt2,f10f9dc0fda04c0bf1183d7b47bce6867fbcf1c5ef0f4f251c7da10902f5bcc3,chc-comp-2026,BV-Lin,family-balanced 1500-input expansion,chc-comp26-benchmarks-main.zip,912aa7b44471c9e1ed49ba0c2c034dcafa4300a821edaf3bf016618fd0e99b25,https://github.com/chc-comp/chc-comp26-benchmarks,b4fa7a708e5863bbcdb5de50d692ead3a67cbedc,vmt-chc-benchmarks/bv/heapsort1.c_000.smt2,chc-comp-2026/vmt-chc-benchmarks/bv/heapsort1.c_000.yml,633b6518cab5e821e87a6ae61f1fe488ea0d7f0a63649e71d2178d6367fc848f,
chc-comp-2026/hopv/lia/termination/Ackermann04_000.smt2,65697726302a746ff6529be66bcc69cd3779c57eeecf78455d61a3b1a79b5946,chc-comp-2026,LIA,family-balanced 1500-input expansion,chc-comp26-benchmarks-main.zip,912aa7b44471c9e1ed49ba0c2c034dcafa4300a821edaf3bf016618fd0e99b25,https://github.com/chc-comp/chc-comp26-benchmarks,b4fa7a708e5863bbcdb5de50d692ead3a67cbedc,hopv/lia/termination/Ackermann04_000.smt2,chc-comp-2026/hopv/lia/termination/Ackermann04_000.yml,79f40f748187dab23358362594bc28077b15a9f803a71a590ccacccdfcb8dd6a,sat_validated
chc-comp-2026/extra-small-lia/s_mutants_16_000.smt2,4b7674ef81b4c5a6abc6c675f07cce429d448577915ec59d3a8e2a194882fca9,chc-comp-2026,LIA-Lin,family-balanced 1500-input expansion,chc-comp26-benchmarks-main.zip,912aa7b44471c9e1ed49ba0c2c034dcafa4300a821edaf3bf016618fd0e99b25,https://github.com/chc-comp/chc-comp26-benchmarks,b4fa7a708e5863bbcdb5de50d692ead3a67cbedc,extra-small-lia/s_mutants_16_000.smt2,chc-comp-2026/extra-small-lia/s_mutants_16_000.yml,ebd660268ea1ccff67706256b9ad1baaf44fb58c6232299523440c4b612ceabf,sat_validated
chc-comp-2026/quic3/data/standard_init9_true-unreach-call_ground_000.smt2,49dcdcf89216c45898fee31f1e15795fea3f728708a9aab738a66313830129cf,chc-comp-2026,LIA-Lin-Arrays,family-balanced 1500-input expansion,chc-comp26-benchmarks-main.zip,912aa7b44471c9e1ed49ba0c2c034dcafa4300a821edaf3bf016618fd0e99b25,https://github.com/chc-comp/chc-comp26-benchmarks,b4fa7a708e5863bbcdb5de50d692ead3a67cbedc,quic3/data/standard_init9_true-unreach-call_ground_000.smt2,chc-comp-2026/quic3/data/standard_init9_true-unreach-call_ground_000.yml,b61ab9840b19d3006b462f3a8e06d1772a56c00d5fa350234b169c75577218a3,
chc-comp-2026/ADTRem/leon/bsearch-tree-goal8_000.smt2,3eeb3446fceac5faa94cefbbdb2a83ddb3fddce7e0c6a7b610963050f0c64763,chc-comp-2026,ADT-LIA,family-balanced 1500-input expansion,chc-comp26-benchmarks-main.zip,912aa7b44471c9e1ed49ba0c2c034dcafa4300a821edaf3bf016618fd0e99b25,https://github.com/chc-comp/chc-comp26-benchmarks,b4fa7a708e5863bbcdb5de50d692ead3a67cbedc,ADTRem/leon/bsearch-tree-goal8_000.smt2,chc-comp-2026/ADTRem/leon/bsearch-tree-goal8_000.yml,3aae9bb8b7412bec57b9ae3424efc7a9664ea0dbccf1c93b5e7e76a190f2e6c4,
chc-comp-2026/solidity/unit_tests/special/msg_value_4.sol_0_000.smt2,7d7d808df078a0f2d9f6fa7b3011281deddcfe600dd996ad334381147501cd96,chc-comp-2026,ADT-LIA-Arrays,family-balanced 1500-input expansion,chc-comp26-benchmarks-main.zip,912aa7b44471c9e1ed49ba0c2c034dcafa4300a821edaf3bf016618fd0e99b25,https://github.com/chc-comp/chc-comp26-benchmarks,b4fa7a708e5863bbcdb5de50d692ead3a67cbedc,solidity/unit_tests/special/msg_value_4.sol_0_000.smt2,chc-comp-2026/solidity/unit_tests/special/msg_value_4.sol_0_000.yml,e22a2bfc6f7b675d144bd5a64cddc788e1f4ca00afa1f7e83169399c59f1c6de,sat_validated
chc-comp-2026/eldarica-misc/BV/dillig/37.c-bv_000.smt2,2dc8bced239c1e6518d3282ee7d07d8dc959c7252b2e62aad0264a90490003bd,chc-comp-2026,BV-Lin,family-balanced 1500-input expansion,chc-comp26-benchmarks-main.zip,912aa7b44471c9e1ed49ba0c2c034dcafa4300a821edaf3bf016618fd0e99b25,https://github.com/chc-comp/chc-comp26-benchmarks,b4fa7a708e5863bbcdb5de50d692ead3a67cbedc,eldarica-misc/BV/dillig/37.c-bv_000.smt2,chc-comp-2026/eldarica-misc/BV/dillig/37.c-bv_000.yml,c857ac2209719dbe68f57a118e629ca8dd5590cb86f18fbc74b5b9e53b26fd2c,sat
chc-comp-2026/llreve-bench/smt2/clausified/rec__loop_rec_000.smt2,0372395f426d180c61a455df8d07796c0133ed192966c895574dade0cfb4ffbd,chc-comp-2026,LIA,family-balanced 1500-input expansion,chc-comp26-benchmarks-main.zip,912aa7b44471c9e1ed49ba0c2c034dcafa4300a821edaf3bf016618fd0e99b25,https://github.com/chc-comp/chc-comp26-benchmarks,b4fa7a708e5863bbcdb5de50d692ead3a67cbedc,llreve-bench/smt2/clausified/rec__loop_rec_000.smt2,chc-comp-2026/llreve-bench/smt2/clausified/rec__loop_rec_000_001.yml,934be19c7be3fbe4b6521328fedc3f5097b234735da5eb537b7cafeabf82b75a,sat_validated
chc-comp-2026/aeval-unsafe/s_split_48_000.smt2,11921b27bf4668c8b9f5c62af56f27d2b5d35fda7377dbff5de79079da2e6c9e,chc-comp-2026,LIA-Lin,family-balanced 1500-input expansion,chc-comp26-benchmarks-main.zip,912aa7b44471c9e1ed49ba0c2c034dcafa4300a821edaf3bf016618fd0e99b25,https://github.com/chc-comp/chc-comp26-benchmarks,b4fa7a708e5863bbcdb5de50d692ead3a67cbedc,aeval-unsafe/s_split_48_000.smt2,chc-comp-2026/aeval-unsafe/s_split_48_000_001.yml,20fcb984a6f0763e86921c8cfff09675d6a867576a24ae2d9ea3ce2964c5af8b,unsat
chc-comp-2026/llreve-bench/muz/libc__strpbrk_3_000.smt2,39f304f7b83ccf6faa78966665de1009c600dbbd0fade643cce33e8d0107c383,chc-comp-2026,LIA-Lin-Arrays,family-balanced 1500-input expansion,chc-comp26-benchmarks-main.zip,912aa7b44471c9e1ed49ba0c2c034dcafa4300a821edaf3bf016618fd0e99b25,https://github.com/chc-comp/chc-comp26-benchmarks,b4fa7a708e5863bbcdb5de50d692ead3a67cbedc,llreve-bench/muz/libc__strpbrk_3_000.smt2,chc-comp-2026/llreve-bench/muz/libc__strpbrk_3_000_000.yml,5e15ff8b41b761979b008bb4b8b18c2d693d537dd0762235973906470dd9a214,sat_validated
chc-comp-2026/tip-adt-lia/isaplanner_prop_78_000.smt2,ad8a07ac740d315dd577c5d94c1cf97666f17b71c5c524f72d2744d0883ca9f8,chc-comp-2026,ADT-LIA,family-balanced 1500-input expansion,chc-comp26-benchmarks-main.zip,912aa7b44471c9e1ed49ba0c2c034dcafa4300a821edaf3bf016618fd0e99b25,https://github.com/chc-comp/chc-comp26-benchmarks,b4fa7a708e5863bbcdb5de50d692ead3a67cbedc,tip-adt-lia/isaplanner_prop_78_000.smt2,chc-comp-2026/tip-adt-lia/isaplanner_prop_78_000.yml,e6f53aa3ad89de2b37aab26f83e44d25c8d078c1760f361852f6914dc155faeb,
chc-comp-2026/solidity/unit_tests/special/msg_sender_fail_1.sol_0_000.smt2,57562ce9887911aef53c742e60ec8387937fbc19fae1d65585c90943b6c57316,chc-comp-2026,ADT-LIA-Arrays,family-balanced 1500-input expansion,chc-comp26-benchmarks-main.zip,912aa7b44471c9e1ed49ba0c2c034dcafa4300a821edaf3bf016618fd0e99b25,https://github.com/chc-comp/chc-comp26-benchmarks,b4fa7a708e5863bbcdb5de50d692ead3a67cbedc,solidity/unit_tests/special/msg_sender_fail_1.sol_0_000.smt2,chc-comp-2026/solidity/unit_tests/special/msg_sender_fail_1.sol_0_000.yml,8fb2f237ec15086ce7711c0d2aceae1c0993a4abd266a5fb6ebb3b44b73d1208,sat_validated
chc-comp-2026/vmt-chc-benchmarks/bv/svd3.c_000.smt2,3f79ec60afe2684ca0bc1d582fe5379fb1815806a1495008d6ad293ebc2ec1e1,chc-comp-2026,BV-Lin,family-balanced 1500-input expansion,chc-comp26-benchmarks-main.zip,912aa7b44471c9e1ed49ba0c2c034dcafa4300a821edaf3bf016618fd0e99b25,https://github.com/chc-comp/chc-comp26-benchmarks,b4fa7a708e5863bbcdb5de50d692ead3a67cbedc,vmt-chc-benchmarks/bv/svd3.c_000.smt2,chc-comp-2026/vmt-chc-benchmarks/bv/svd3.c_000_000.yml,4f2f748d1cd590aab94918ee2d00cb641072a9bb4cc66382f932c81897828318,sat_validated
chc-comp-2026/eldarica-misc/LIA/Consistency/slow-hull.56_000.smt2,5fa5e7af2c2b18e3a911a244e6565c1029ad05c410a940e27457ddc820a5447b,chc-comp-2026,LIA,family-balanced 1500-input expansion,chc-comp26-benchmarks-main.zip,912aa7b44471c9e1ed49ba0c2c034dcafa4300a821edaf3bf016618fd0e99b25,https://github.com/chc-comp/chc-comp26-benchmarks,b4fa7a708e5863bbcdb5de50d692ead3a67cbedc,eldarica-misc/LIA/Consistency/slow-hull.56_000.smt2,chc-comp-2026/eldarica-misc/LIA/Consistency/slow-hull.56_000.yml,44813c23090385991fb92f07a06c366f448c349f0042baa50af1ac6bac23e117,unsat
chc-comp-2026/llreve-bench/smt2/loop__barthe2-big3_000.smt2,6b53ddd8332d3b936917932f580763a8da0e8be2f7414ff39092ff8baf3811e4,chc-comp-2026,LIA-Lin,family-balanced 1500-input expansion,chc-comp26-benchmarks-main.zip,912aa7b44471c9e1ed49ba0c2c034dcafa4300a821edaf3bf016618fd0e99b25,https://github.com/chc-comp/chc-comp26-benchmarks,b4fa7a708e5863bbcdb5de50d692ead3a67cbedc,llreve-bench/smt2/loop__barthe2-big3_000.smt2,chc-comp-2026/llreve-bench/smt2/loop__barthe2-big3_000_002.yml,494adf66fdc10ee0b242577c1d9b5cd1844fbc14f7ffd52dd1c79d38883e5ffa,sat_validated
chc-comp-2026/quic3/data/standard_partition_true-unreach-call_ground_000.smt2,f90bd942fcb9791bad67319c52a2b645870f7d6d79c415e6e92ce1a41d182d1b,chc-comp-2026,LIA-Lin-Arrays,family-balanced 1500-input expansion,chc-comp26-benchmarks-main.zip,912aa7b44471c9e1ed49ba0c2c034dcafa4300a821edaf3bf016618fd0e99b25,https://github.com/chc-comp/chc-comp26-benchmarks,b4fa7a708e5863bbcdb5de50d692ead3a67cbedc,quic3/data/standard_partition_true-unreach-call_ground_000.smt2,chc-comp-2026/quic3/data/standard_partition_true-unreach-call_ground_000.yml,e82f8c19d56a57f06226c41ed88edabe6b10880e0734585a2f31e32562f4d3a0,
chc-comp-2026/adt-purified-benchmarks/tree-insert-all-size.Z3.0_000.smt2,c3ee4ef38d0a12c42ab6f9a22e8c627cd85fef6a6c2b12da7b35c29eb16f520c,chc-comp-2026,ADT-LIA,family-balanced 1500-input expansion,chc-comp26-benchmarks-main.zip,912aa7b44471c9e1ed49ba0c2c034dcafa4300a821edaf3bf016618fd0e99b25,https://github.com/chc-comp/chc-comp26-benchmarks,b4fa7a708e5863bbcdb5de50d692ead3a67cbedc,adt-purified-benchmarks/tree-insert-all-size.Z3.0_000.smt2,chc-comp-2026/adt-purified-benchmarks/tree-insert-all-size.Z3.0_000.yml,afb016bccbe1105118a7d5a8f5874c5e8f5ec36f302d212f73ac12c1697f50ef,sat
chc-comp-2026/solidity/unit_tests/array_members/length_assignment_2d_memory_to_memory.sol_0_000.smt2,9021258e2656dcf20309a055a5a7f631df84eeb0709af93091bdeddab8109605,chc-comp-2026,ADT-LIA-Arrays,family-balanced 1500-input expansion,chc-comp26-benchmarks-main.zip,912aa7b44471c9e1ed49ba0c2c034dcafa4300a821edaf3bf016618fd0e99b25,https://github.com/chc-comp/chc-comp26-benchmarks,b4fa7a708e5863bbcdb5de50d692ead3a67cbedc,solidity/unit_tests/array_members/length_assignment_2d_memory_to_memory.sol_0_000.smt2,chc-comp-2026/solidity/unit_tests/array_members/length_assignment_2d_memory_to_memory.sol_0_000.yml,60db21a65771bc4201ccea7c7f1ea741b92d69587707572d706882c0c7b4db9c,sat_validated
chc-comp-2026/eldarica-misc/BV/reve/026-horn-bv_000.smt2,b43174b04b049c826f2b40006db292036002892e4a048d4a7a4f46b914e289dd,chc-comp-2026,BV-Lin,family-balanced 1500-input expansion,chc-comp26-benchmarks-main.zip,912aa7b44471c9e1ed49ba0c2c034dcafa4300a821edaf3bf016618fd0e99b25,https://github.com/chc-comp/chc-comp26-benchmarks,b4fa7a708e5863bbcdb5de50d692ead3a67cbedc,eldarica-misc/BV/reve/026-horn-bv_000.smt2,chc-comp-2026/eldarica-misc/BV/reve/026-horn-bv_000.yml,8663344a73c2208894b685ad95535b12d7ab5c0f837029dab02d50ed20b807f1,unsat
chc-comp-2026/kind2-chc-benchmarks/data/metros_3_e4_987_000.smt2,8fe03ae95d9f5040a9ee1f82a15a79ceb030cc0764eb51429bbf2bb49a91a199,chc-comp-2026,LIA,family-balanced 1500-input expansion,chc-comp26-benchmarks-main.zip,912aa7b44471c9e1ed49ba0c2c034dcafa4300a821edaf3bf016618fd0e99b25,https://github.com/chc-comp/chc-comp26-benchmarks,b4fa7a708e5863bbcdb5de50d692ead3a67cbedc,kind2-chc-benchmarks/data/metros_3_e4_987_000.smt2,chc-comp-2026/kind2-chc-benchmarks/data/metros_3_e4_987_000.yml,15f8182c0eb85a67570a16f07d56b5254566d458681dae1efbdaa4b4e4640034,sat_validated
chc-comp-2026/rust-horn/bmc-1-test-bmc-1-safe_000.smt2,fd4c894788947a84d2966883f2f3f3d08fd7bc873969dd8eb245c274db9c236a,chc-comp-2026,LIA-Lin,family-balanced 1500-input expansion,chc-comp26-benchmarks-main.zip,912aa7b44471c9e1ed49ba0c2c034dcafa4300a821edaf3bf016618fd0e99b25,https://github.com/chc-comp/chc-comp26-benchmarks,b4fa7a708e5863bbcdb5de50d692ead3a67cbedc,rust-horn/bmc-1-test-bmc-1-safe_000.smt2,chc-comp-2026/rust-horn/bmc-1-test-bmc-1-safe_000.yml,d22f60e573765d5a33702c44548a14ec9e69c0d4f2e305579aed2aad2865c7cc,sat_validated
chc-comp-2026/llreve-bench/smt2/arrays/libc__strpbrk_1.array_000.smt2,f94418c794aa46bf4cd5dce2d04aed95a6252996cd0ec4cd2c8ff124225efd94,chc-comp-2026,LIA-Lin-Arrays,family-balanced 1500-input expansion,chc-comp26-benchmarks-main.zip,912aa7b44471c9e1ed49ba0c2c034dcafa4300a821edaf3bf016618fd0e99b25,https://github.com/chc-comp/chc-comp26-benchmarks,b4fa7a708e5863bbcdb5de50d692ead3a67cbedc,llreve-bench/smt2/arrays/libc__strpbrk_1.array_000.smt2,chc-comp-2026/llreve-bench/smt2/arrays/libc__strpbrk_1.array_000.yml,cd54c647b38a6d9195326e1e33517bbcca9c834d80ac2f17647006b07b313561,sat_validated
chc-comp-2026/rust-horn/swap2-dec-2-base3-safe_000.smt2,b66fc1b6bbf799f46d15cebe7f299eabec9fd30456ec36dc65dd712d28538f41,chc-comp-2026,ADT-LIA,family-balanced 1500-input expansion,chc-comp26-benchmarks-main.zip,912aa7b44471c9e1ed49ba0c2c034dcafa4300a821edaf3bf016618fd0e99b25,https://github.com/chc-comp/chc-comp26-benchmarks,b4fa7a708e5863bbcdb5de50d692ead3a67cbedc,rust-horn/swap2-dec-2-base3-safe_000.smt2,chc-comp-2026/rust-horn/swap2-dec-2-base3-safe_000.yml,42b29b9dfbe48f5d7edf2293c3c375b199578a7407a3389efabc6606e5c9fe36,sat_validated
chc-comp-2026/solidity/unit_tests/types/enum_in_library.sol_0_000.smt2,e26dca58bbceb72484f096b957d881efe9cff162537a1ded230a7014c2c046b8,chc-comp-2026,ADT-LIA-Arrays,family-balanced 1500-input expansion,chc-comp26-benchmarks-main.zip,912aa7b44471c9e1ed49ba0c2c034dcafa4300a821edaf3bf016618fd0e99b25,https://github.com/chc-comp/chc-comp26-benchmarks,b4fa7a708e5863bbcdb5de50d692ead3a67cbedc,solidity/unit_tests/types/enum_in_library.sol_0_000.smt2,chc-comp-2026/solidity/unit_tests/types/enum_in_library.sol_0_000.yml,89019d8e8cf4c9a5abea6c2ac6625803f6aee5387b07f88645630e2621d73cfb,sat_validated
chc-comp-2026/vmt-chc-benchmarks/bv/seq2.c_000.smt2,3c388034f63b0c5fd6bb91162d831bda7c41e598d284e4f3bea6165855ce45ef,chc-comp-2026,BV-Lin,family-balanced 1500-input expansion,chc-comp26-benchmarks-main.zip,912aa7b44471c9e1ed49ba0c2c034dcafa4300a821edaf3bf016618fd0e99b25,https://github.com/chc-comp/chc-comp26-benchmarks,b4fa7a708e5863bbcdb5de50d692ead3a67cbedc,vmt-chc-benchmarks/bv/seq2.c_000.smt2,chc-comp-2026/vmt-chc-benchmarks/bv/seq2.c_000_000.yml,040ad7b3fa86e82ab4f16416635e0fcb293546a899bb29ab45b1a86b54d484fc,sat_validated
chc-comp-2026/hcai-bench/svcomp/O3/O3_fibo_2calls_20_true-unreach-call_000.smt2,bff062f8e93b9431e6d44f23fe366210508865d9794f94b755f04355e39495b3,chc-comp-2026,LIA,family-balanced 1500-input expansion,chc-comp26-benchmarks-main.zip,912aa7b44471c9e1ed49ba0c2c034dcafa4300a821edaf3bf016618fd0e99b25,https://github.com/chc-comp/chc-comp26-benchmarks,b4fa7a708e5863bbcdb5de50d692ead3a67cbedc,hcai-bench/svcomp/O3/O3_fibo_2calls_20_true-unreach-call_000.smt2,chc-comp-2026/hcai-bench/svcomp/O3/O3_fibo_2calls_20_true-unreach-call_000.yml,a6446b90aa7b97339a511fedd254b8d82bd55e1c8f6328136aa8f10bd3ee8671,sat_validated
chc-comp-2026/vmt-chc-benchmarks/lustre/car_4_e7_592_000.smt2,fb04c0ea2bfef9df1524e8fcac8156e95cdc5dec5a8d34f592265b31d58580b4,chc-comp-2026,LIA-Lin,family-balanced 1500-input expansion,chc-comp26-benchmarks-main.zip,912aa7b44471c9e1ed49ba0c2c034dcafa4300a821edaf3bf016618fd0e99b25,https://github.com/chc-comp/chc-comp26-benchmarks,b4fa7a708e5863bbcdb5de50d692ead3a67cbedc,vmt-chc-benchmarks/lustre/car_4_e7_592_000.smt2,chc-comp-2026/vmt-chc-benchmarks/lustre/car_4_e7_592_000_001.yml,8ac67bf0690df46127aaa3d03a1fff6a40e20e5dfdc6d5bb049493c69a65208d,sat_validated
chc-comp-2026/quic3/data/standard_init2_true-unreach-call_ground_000.smt2,3fae6135cee48a1728d3c39f9d19da45fa44f5f52d1faa6f6de1bec6c501d326,chc-comp-2026,LIA-Lin-Arrays,family-balanced 1500-input expansion,chc-comp26-benchmarks-main.zip,912aa7b44471c9e1ed49ba0c2c034dcafa4300a821edaf3bf016618fd0e99b25,https://github.com/chc-comp/chc-comp26-benchmarks,b4fa7a708e5863bbcdb5de50d692ead3a67cbedc,quic3/data/standard_init2_true-unreach-call_ground_000.smt2,chc-comp-2026/quic3/data/standard_init2_true-unreach-call_ground_000.yml,b3b8629b9bf226f12b152a55194c7617f395bb8913cdaccfca627de88286b33a,
chc-comp-2026/ringen-adt-benchmarks/isaplanner/prop_59_000.smt2,fff5f02b7aac1fe08cef6498b97853a338ec2c64505eb2a1b2ad665c3abb6cbf,chc-comp-2026,ADT-LIA,family-balanced 1500-input expansion,chc-comp26-benchmarks-main.zip,912aa7b44471c9e1ed49ba0c2c034dcafa4300a821edaf3bf016618fd0e99b25,https://github.com/chc-comp/chc-comp26-benchmarks,b4fa7a708e5863bbcdb5de50d692ead3a67cbedc,ringen-adt-benchmarks/isaplanner/prop_59_000.smt2,chc-comp-2026/ringen-adt-benchmarks/isaplanner/prop_59_000.yml,945b5a453c132d812f0fee995c7d356e1cb8f5e5ad08b7153567067e1e4b2639,
chc-comp-2026/solidity/unit_tests/file_level/free_runtimecode.sol_0_000.smt2,c2e9d8df612f957ac156af2fe82ad3bb62b9d50ca1b0a177578e22a625d14783,chc-comp-2026,ADT-LIA-Arrays,family-balanced 1500-input expansion,chc-comp26-benchmarks-main.zip,912aa7b44471c9e1ed49ba0c2c034dcafa4300a821edaf3bf016618fd0e99b25,https://github.com/chc-comp/chc-comp26-benchmarks,b4fa7a708e5863bbcdb5de50d692ead3a67cbedc,solidity/unit_tests/file_level/free_runtimecode.sol_0_000.smt2,chc-comp-2026/solidity/unit_tests/file_level/free_runtimecode.sol_0_000.yml,8a33cc0b232fc9fb962e6dae0bebb6d095531e56bfd517effbe1d881e9978f54,unsat
chc-comp-2026/eldarica-misc/BV/reve/020d-horn-bv_000.smt2,4c13eebd8e8faaeb56933fd6cc84bac1dbbc0b993b8c10204eff5cb6462bc4b1,chc-comp-2026,BV-Lin,family-balanced 1500-input expansion,chc-comp26-benchmarks-main.zip,912aa7b44471c9e1ed49ba0c2c034dcafa4300a821edaf3bf016618fd0e99b25,https://github.com/chc-comp/chc-comp26-benchmarks,b4fa7a708e5863bbcdb5de50d692ead3a67cbedc,eldarica-misc/BV/reve/020d-horn-bv_000.smt2,chc-comp-2026/eldarica-misc/BV/reve/020d-horn-bv_000.yml,77eb9853a7f7b5c87aff6c49640482d14cfb607e28d32c9e506cff9273f93a5e,unsat
chc-comp-2026/synthesis/nay-horn/PLUS_mpg_plane2_000.smt2,2d08db3c5b911d6eadb79f97349dcfc16de1e0b51533899684977659959dd559,chc-comp-2026,LIA,family-balanced 1500-input expansion,chc-comp26-benchmarks-main.zip,912aa7b44471c9e1ed49ba0c2c034dcafa4300a821edaf3bf016618fd0e99b25,https://github.com/chc-comp/chc-comp26-benchmarks,b4fa7a708e5863bbcdb5de50d692ead3a67cbedc,synthesis/nay-horn/PLUS_mpg_plane2_000.smt2,chc-comp-2026/synthesis/nay-horn/PLUS_mpg_plane2_000.yml,28b45fda871a0baa87bb031945b46bdc38d5f6bff899dd2a92df8f6c2483b689,sat_validated
chc-comp-2026/eldarica-misc/LIA/llreve/loop_unswitching_safe.c-1_000.smt2,b27552357473d39dd51b0bccee52f87e7a577c425a65ccb0a802cbca657df96d,chc-comp-2026,LIA-Lin,family-balanced 1500-input expansion,chc-comp26-benchmarks-main.zip,912aa7b44471c9e1ed49ba0c2c034dcafa4300a821edaf3bf016618fd0e99b25,https://github.com/chc-comp/chc-comp26-benchmarks,b4fa7a708e5863bbcdb5de50d692ead3a67cbedc,eldarica-misc/LIA/llreve/loop_unswitching_safe.c-1_000.smt2,chc-comp-2026/eldarica-misc/LIA/llreve/loop_unswitching_safe.c-1_000.yml,2cfbe0f665d050081506f7701cb355d27289b196ee0e1fb636911a59462880ce,unsat
chc-comp-2026/llreve-bench/muz/libc__strcmp_000.smt2,ab29d587213070e917986938df580c692b9f1e5179250b1b1e1f6bef2d5e4163,chc-comp-2026,LIA-Lin-Arrays,family-balanced 1500-input expansion,chc-comp26-benchmarks-main.zip,912aa7b44471c9e1ed49ba0c2c034dcafa4300a821edaf3bf016618fd0e99b25,https://github.com/chc-comp/chc-comp26-benchmarks,b4fa7a708e5863bbcdb5de50d692ead3a67cbedc,llreve-bench/muz/libc__strcmp_000.smt2,chc-comp-2026/llreve-bench/muz/libc__strcmp_000_000.yml,6f64c22a1fcab252dd03196cfb8815d14bd431c05e8f4314f962d990476f1629,sat_validated
chc-comp-2026/ADTRem/clam/goal57_000.smt2,631e074d43c74bf41af752e448b82b91b38bbe0ca369639e0804530a463f5686,chc-comp-2026,ADT-LIA,family-balanced 1500-input expansion,chc-comp26-benchmarks-main.zip,912aa7b44471c9e1ed49ba0c2c034dcafa4300a821edaf3bf016618fd0e99b25,https://github.com/chc-comp/chc-comp26-benchmarks,b4fa7a708e5863bbcdb5de50d692ead3a67cbedc,ADTRem/clam/goal57_000.smt2,chc-comp-2026/ADTRem/clam/goal57_000_000.yml,d50f9d5c3b8427141e50fad2832b3adbee97ba0d95e41cbd00b4094e4d5c5dd1,sat
chc-comp-2026/solidity/unit_tests/special/msg_sender_1.sol_0_000.smt2,34fcd18057b99853b4c3cc97f84edc67955676bc16c334807b191cb0aee52455,chc-comp-2026,ADT-LIA-Arrays,family-balanced 1500-input expansion,chc-comp26-benchmarks-main.zip,912aa7b44471c9e1ed49ba0c2c034dcafa4300a821edaf3bf016618fd0e99b25,https://github.com/chc-comp/chc-comp26-benchmarks,b4fa7a708e5863bbcdb5de50d692ead3a67cbedc,solidity/unit_tests/special/msg_sender_1.sol_0_000.smt2,chc-comp-2026/solidity/unit_tests/special/msg_sender_1.sol_0_000.yml,c396eb2f703f5174297a09ec00d99608dc292cdb94b26794eca94e9df7af0cef,sat_validated
chc-comp-2026/vmt-chc-benchmarks/bv/nest-len.c_000.smt2,b6dfc5b9ba19cd07ebad3ea9de91947f6a8172e910a182d527549831dcd122f1,chc-comp-2026,BV-Lin,family-balanced 1500-input expansion,chc-comp26-benchmarks-main.zip,912aa7b44471c9e1ed49ba0c2c034dcafa4300a821edaf3bf016618fd0e99b25,https://github.com/chc-comp/chc-comp26-benchmarks,b4fa7a708e5863bbcdb5de50d692ead3a67cbedc,vmt-chc-benchmarks/bv/nest-len.c_000.smt2,chc-comp-2026/vmt-chc-benchmarks/bv/nest-len.c_000_000.yml,577dd5c05ba01f3ff4ae9051725085385497cb3ce2ab03858b9e331356866161,sat_validated
chc-comp-2026/hopv/lia/termination/McCarthy9103_000.smt2,a0cd8bcbc3a892a73c27b8f905f39ec87f4d2fe4a8bcee89fc49aec996247a59,chc-comp-2026,LIA,family-balanced 1500-input expansion,chc-comp26-benchmarks-main.zip,912aa7b44471c9e1ed49ba0c2c034dcafa4300a821edaf3bf016618fd0e99b25,https://github.com/chc-comp/chc-comp26-benchmarks,b4fa7a708e5863bbcdb5de50d692ead3a67cbedc,hopv/lia/termination/McCarthy9103_000.smt2,chc-comp-2026/hopv/lia/termination/McCarthy9103_000.yml,35912aba233005b81e8049aabf88a9fe72ff3aac1a593f2e55246b048d0d1f8f,sat_validated
chc-comp-2026/hcai-bench/svcomp/O0/O0_nec11_false-unreach-call_false-termination_000.smt2,4cb5f9f5ac7dda6b14dec16ab5824745690345be8f95466a0cadb43531198a81,chc-comp-2026,LIA-Lin,family-balanced 1500-input expansion,chc-comp26-benchmarks-main.zip,912aa7b44471c9e1ed49ba0c2c034dcafa4300a821edaf3bf016618fd0e99b25,https://github.com/chc-comp/chc-comp26-benchmarks,b4fa7a708e5863bbcdb5de50d692ead3a67cbedc,hcai-bench/svcomp/O0/O0_nec11_false-unreach-call_false-termination_000.smt2,chc-comp-2026/hcai-bench/svcomp/O0/O0_nec11_false-unreach-call_false-termination_000.yml,f1c5d1d7d69f785deaa6f79773ec8bdad326ceca349ff0d925257db9d25a82b7,unsat
chc-comp-2026/quic3/data/standard_copy1_true-unreach-call_ground_000.smt2,d055ac3fb8c1ee52f3605b19897bc0178301e1b86bfe0cf3a66a07999e8f4f8c,chc-comp-2026,LIA-Lin-Arrays,family-balanced 1500-input expansion,chc-comp26-benchmarks-main.zip,912aa7b44471c9e1ed49ba0c2c034dcafa4300a821edaf3bf016618fd0e99b25,https://github.com/chc-comp/chc-comp26-benchmarks,b4fa7a708e5863bbcdb5de50d692ead3a67cbedc,quic3/data/standard_copy1_true-unreach-call_ground_000.smt2,chc-comp-2026/quic3/data/standard_copy1_true-unreach-call_ground_000.yml,04f45af71843615befefce0545b8537117c6cefa4b1fe008e1fa28305d31edac,
chc-comp-2026/tip-adt-lia/false_productive_use_of_failure_union_comm_000.smt2,436f4c81636e17f1a3065070bff0222b12efdd615b88b7d7c2e5171ed2ba04d4,chc-comp-2026,ADT-LIA,family-balanced 1500-input expansion,chc-comp26-benchmarks-main.zip,912aa7b44471c9e1ed49ba0c2c034dcafa4300a821edaf3bf016618fd0e99b25,https://github.com/chc-comp/chc-comp26-benchmarks,b4fa7a708e5863bbcdb5de50d692ead3a67cbedc,tip-adt-lia/false_productive_use_of_failure_union_comm_000.smt2,chc-comp-2026/tip-adt-lia/false_productive_use_of_failure_union_comm_000.yml,cd749f02d5887006cbe8e45a6e57abe03bd79610e85f995f8850c70d5ca97926,unsat
chc-comp-2026/solidity/unit_tests/array_members/length_assignment_storage_to_storage.sol_0_000.smt2,3b2b25b92691b65c6ddc667be15f799f82ad25e5897a149281f2ddb0ca1a2cc7,chc-comp-2026,ADT-LIA-Arrays,family-balanced 1500-input expansion,chc-comp26-benchmarks-main.zip,912aa7b44471c9e1ed49ba0c2c034dcafa4300a821edaf3bf016618fd0e99b25,https://github.com/chc-comp/chc-comp26-benchmarks,b4fa7a708e5863bbcdb5de50d692ead3a67cbedc,solidity/unit_tests/array_members/length_assignment_storage_to_storage.sol_0_000.smt2,chc-comp-2026/solidity/unit_tests/array_members/length_assignment_storage_to_storage.sol_0_000.yml,e2f605e249f37df422ddc95e132f02b1687cc4d9ff28e6954f4f1a3e58d92abd,sat_validated
chc-comp-2026/eldarica-misc/BV/reve/017b-horn-bv_000.smt2,b60992132b56da478c9ee1d4a1271c05fe5e775ec166edaee71068cc6e519d69,chc-comp-2026,BV-Lin,family-balanced 1500-input expansion,chc-comp26-benchmarks-main.zip,912aa7b44471c9e1ed49ba0c2c034dcafa4300a821edaf3bf016618fd0e99b25,https://github.com/chc-comp/chc-comp26-benchmarks,b4fa7a708e5863bbcdb5de50d692ead3a67cbedc,eldarica-misc/BV/reve/017b-horn-bv_000.smt2,chc-comp-2026/eldarica-misc/BV/reve/017b-horn-bv_000.yml,1c9f43117852793cd9b4a3e2f17f87e29e68dad8e6d7b7abc1e4ee8af0214a7a,unsat
chc-comp-2026/llreve-bench/smt2/clausified/rec__rec_while_000.smt2,425f7bb58be603a2176195a11d45102b29dbdd163d03b5dbc6f6313f4295ffca,chc-comp-2026,LIA,family-balanced 1500-input expansion,chc-comp26-benchmarks-main.zip,912aa7b44471c9e1ed49ba0c2c034dcafa4300a821edaf3bf016618fd0e99b25,https://github.com/chc-comp/chc-comp26-benchmarks,b4fa7a708e5863bbcdb5de50d692ead3a67cbedc,llreve-bench/smt2/clausified/rec__rec_while_000.smt2,chc-comp-2026/llreve-bench/smt2/clausified/rec__rec_while_000_001.yml,8b7d058173dad7046afbbbf78702e70fa51f5bd7e07330af5688d19875099690,sat_validated
chc-comp-2026/aeval-benchmarks/multi-phase/s_split_53_000.smt2,04c30c853ed11a0d97748cb69850fde6112f5899f4244c9b79993d02c108641a,chc-comp-2026,LIA-Lin,family-balanced 1500-input expansion,chc-comp26-benchmarks-main.zip,912aa7b44471c9e1ed49ba0c2c034dcafa4300a821edaf3bf016618fd0e99b25,https://github.com/chc-comp/chc-comp26-benchmarks,b4fa7a708e5863bbcdb5de50d692ead3a67cbedc,aeval-benchmarks/multi-phase/s_split_53_000.smt2,chc-comp-2026/aeval-benchmarks/multi-phase/s_split_53_000_000.yml,0885d1ee5ff014cda916995fc6b9246df805c04c0d42020356263f370264601b,sat_validated
chc-comp-2026/llreve-bench/muz/libc__strcspn_3_000.smt2,adde287b6f8165837771bfa745707f7273db3fb46633674f7bd06661581b813c,chc-comp-2026,LIA-Lin-Arrays,family-balanced 1500-input expansion,chc-comp26-benchmarks-main.zip,912aa7b44471c9e1ed49ba0c2c034dcafa4300a821edaf3bf016618fd0e99b25,https://github.com/chc-comp/chc-comp26-benchmarks,b4fa7a708e5863bbcdb5de50d692ead3a67cbedc,llreve-bench/muz/libc__strcspn_3_000.smt2,chc-comp-2026/llreve-bench/muz/libc__strcspn_3_000_000.yml,23c6b999698934546d5c306cbf750fb4a3957086f872c823727760aaf11e594d,unsat
chc-comp-2026/adt-purified-benchmarks/0-simple-01_unsat.Z3.0_000.smt2,a01a8c2c906f3aef5e40e151497cee3b03a20c6a37e41ead9c53348b47510260,chc-comp-2026,ADT-LIA,family-balanced 1500-input expansion,chc-comp26-benchmarks-main.zip,912aa7b44471c9e1ed49ba0c2c034dcafa4300a821edaf3bf016618fd0e99b25,https://github.com/chc-comp/chc-comp26-benchmarks,b4fa7a708e5863bbcdb5de50d692ead3a67cbedc,adt-purified-benchmarks/0-simple-01_unsat.Z3.0_000.smt2,chc-comp-2026/adt-purified-benchmarks/0-simple-01_unsat.Z3.0_000.yml,983d0c0a6f95c67458c09626afd6843b981b74de2a8b99cd7b08d407914aca9b,sat_validated
chc-comp-2026/solidity/unit_tests/types/abi_type_type_1.sol_0_000.smt2,14e79e7518c8e1c605b55afe5517b80da263363e01abe74338561aa2499dcd8b,chc-comp-2026,ADT-LIA-Arrays,family-balanced 1500-input expansion,chc-comp26-benchmarks-main.zip,912aa7b44471c9e1ed49ba0c2c034dcafa4300a821edaf3bf016618fd0e99b25,https://github.com/chc-comp/chc-comp26-benchmarks,b4fa7a708e5863bbcdb5de50d692ead3a67cbedc,solidity/unit_tests/types/abi_type_type_1.sol_0_000.smt2,chc-comp-2026/solidity/unit_tests/types/abi_type_type_1.sol_0_000.yml,0a2135522a940a2304c666df69971a004df03369f42b4eb5f3c324a29061bb91,unsat
chc-comp-2026/vmt-chc-benchmarks/bv/sendmail-close-angle.c_000.smt2,e8962d7ed4cf1eec6c592f74c2a927927618be8e75c320d1a526295934d8b8c4,chc-comp-2026,BV-Lin,family-balanced 1500-input expansion,chc-comp26-benchmarks-main.zip,912aa7b44471c9e1ed49ba0c2c034dcafa4300a821edaf3bf016618fd0e99b25,https://github.com/chc-comp/chc-comp26-benchmarks,b4fa7a708e5863bbcdb5de50d692ead3a67cbedc,vmt-chc-benchmarks/bv/sendmail-close-angle.c_000.smt2,chc-comp-2026/vmt-chc-benchmarks/bv/sendmail-close-angle.c_000_000.yml,afdd0c55f56140a7b703d92a5b6acefbb832ffec335676073cff5b2b3fecbb78,
chc-comp-2026/kind2-chc-benchmarks/data/DRAGON_7_000.smt2,aa7ad41f581a166ef07f7710c67a9ac9d69dccb7608c118180400628068b9b87,chc-comp-2026,LIA,family-balanced 1500-input expansion,chc-comp26-benchmarks-main.zip,912aa7b44471c9e1ed49ba0c2c034dcafa4300a821edaf3bf016618fd0e99b25,https://github.com/chc-comp/chc-comp26-benchmarks,b4fa7a708e5863bbcdb5de50d692ead3a67cbedc,kind2-chc-benchmarks/data/DRAGON_7_000.smt2,chc-comp-2026/kind2-chc-benchmarks/data/DRAGON_7_000_000.yml,f13f29786f325128b132df893463e75f840dec115384368fa4d2fe60b73cab06,sat_validated
chc-comp-2026/hopv/lia/termination/append00_000.smt2,9b84aa4986785b162a13f138a5875b74a5958a106aedb9f1ce731967fa4498a7,chc-comp-2026,LIA-Lin,family-balanced 1500-input expansion,chc-comp26-benchmarks-main.zip,912aa7b44471c9e1ed49ba0c2c034dcafa4300a821edaf3bf016618fd0e99b25,https://github.com/chc-comp/chc-comp26-benchmarks,b4fa7a708e5863bbcdb5de50d692ead3a67cbedc,hopv/lia/termination/append00_000.smt2,chc-comp-2026/hopv/lia/termination/append00_000.yml,2bf7173437ec708397edd39c3d4d9b4e69dcc4e2fa46bc0947f2dd9cde004297,sat_validated
chc-comp-2026/quic3/data/array_monotonic_set_000.smt2,3d0988de54ca79d9dace567df7881fb51932e92b8c0f62ce28df32949bf64bfb,chc-comp-2026,LIA-Lin-Arrays,family-balanced 1500-input expansion,chc-comp26-benchmarks-main.zip,912aa7b44471c9e1ed49ba0c2c034dcafa4300a821edaf3bf016618fd0e99b25,https://github.com/chc-comp/chc-comp26-benchmarks,b4fa7a708e5863bbcdb5de50d692ead3a67cbedc,quic3/data/array_monotonic_set_000.smt2,chc-comp-2026/quic3/data/array_monotonic_set_000.yml,13db887366efb11f85e69dae94552e4f7d7296ce8b7b3b3ff2a883019ad843a1,unsat
chc-comp-2026/rust-horn/prusti-3-pass-paper_examples-points-compress_000.smt2,c269322d67d61f2fc1667cbe54cd5c210d6d15ad357b6cc5a10ca7806662b766,chc-comp-2026,ADT-LIA,family-balanced 1500-input expansion,chc-comp26-benchmarks-main.zip,912aa7b44471c9e1ed49ba0c2c034dcafa4300a821edaf3bf016618fd0e99b25,https://github.com/chc-comp/chc-comp26-benchmarks,b4fa7a708e5863bbcdb5de50d692ead3a67cbedc,rust-horn/prusti-3-pass-paper_examples-points-compress_000.smt2,chc-comp-2026/rust-horn/prusti-3-pass-paper_examples-points-compress_000.yml,8c82b573b0dea20a95100fbef9dfada25a859620774a87523103e06564567072,sat_validated
chc-comp-2026/solidity/unit_tests/special/this.sol_0_000.smt2,f9347d30aff9e4af6417b09d6bf5dabf6902fdfbb480b3dd8f125382c338b2d3,chc-comp-2026,ADT-LIA-Arrays,family-balanced 1500-input expansion,chc-comp26-benchmarks-main.zip,912aa7b44471c9e1ed49ba0c2c034dcafa4300a821edaf3bf016618fd0e99b25,https://github.com/chc-comp/chc-comp26-benchmarks,b4fa7a708e5863bbcdb5de50d692ead3a67cbedc,solidity/unit_tests/special/this.sol_0_000.smt2,chc-comp-2026/solidity/unit_tests/special/this.sol_0_000.yml,31e2101093500b09603d2361b79e15008dbc593462ccf8cac35568e714f464a1,unsat
chc-comp-2026/eldarica-misc/BV/reve/025-horn-bv_000.smt2,3e9f78725ad3fb7a3ac8dbde1beab3533ef0474ca513e9bfe2c3a8a14b8e5430,chc-comp-2026,BV-Lin,family-balanced 1500-input expansion,chc-comp26-benchmarks-main.zip,912aa7b44471c9e1ed49ba0c2c034dcafa4300a821edaf3bf016618fd0e99b25,https://github.com/chc-comp/chc-comp26-benchmarks,b4fa7a708e5863bbcdb5de50d692ead3a67cbedc,eldarica-misc/BV/reve/025-horn-bv_000.smt2,chc-comp-2026/eldarica-misc/BV/reve/025-horn-bv_000.yml,a56edd96a956eeac42d2aa97cb06d15db794b4c1e2356399ef4f4e2c224cb2d9,
chc-comp-2026/hcai-bench/svcomp/O0/O0_Fibonacci02_true-unreach-call_true-no-overflow_true-termination_000.smt2,0ae4c59c088b0b8f0529d9038e84fdb3d407ffa40ad8927adb287b7f13eb7dfc,chc-comp-2026,LIA,family-balanced 1500-input expansion,chc-comp26-benchmarks-main.zip,912aa7b44471c9e1ed49ba0c2c034dcafa4300a821edaf3bf016618fd0e99b25,https://github.com/chc-comp/chc-comp26-benchmarks,b4fa7a708e5863bbcdb5de50d692ead3a67cbedc,hcai-bench/svcomp/O0/O0_Fibonacci02_true-unreach-call_true-no-overflow_true-termination_000.smt2,chc-comp-2026/hcai-bench/svcomp/O0/O0_Fibonacci02_true-unreach-call_true-no-overflow_true-termination_000.yml,fa0cca09c600b4246ac6e6e25de4bbf8434501b15722cad74e319f6af917c05f,sat_validated
chc-comp-2026/extra-small-lia/half_true_modif_m_000.smt2,cbcccf60b5d88da85c8c03f41c5f06dda85398503aaf74a9e5bcfea69071616c,chc-comp-2026,LIA-Lin,family-balanced 1500-input expansion,chc-comp26-benchmarks-main.zip,912aa7b44471c9e1ed49ba0c2c034dcafa4300a821edaf3bf016618fd0e99b25,https://github.com/chc-comp/chc-comp26-benchmarks,b4fa7a708e5863bbcdb5de50d692ead3a67cbedc,extra-small-lia/half_true_modif_m_000.smt2,chc-comp-2026/extra-small-lia/half_true_modif_m_000.yml,ff2d517d3ec588a514628b7d89b533f363199d703e4808836f7f1ffe4b7657e8,sat_validated
chc-comp-2026/llreve-bench/smt2/arrays/libc__strpbrk_3.array_000.smt2,cda907a778f195b081e1ebea3a5bf83f141797dd973af07aee2ec062663e7980,chc-comp-2026,LIA-Lin-Arrays,family-balanced 1500-input expansion,chc-comp26-benchmarks-main.zip,912aa7b44471c9e1ed49ba0c2c034dcafa4300a821edaf3bf016618fd0e99b25,https://github.com/chc-comp/chc-comp26-benchmarks,b4fa7a708e5863bbcdb5de50d692ead3a67cbedc,llreve-bench/smt2/arrays/libc__strpbrk_3.array_000.smt2,chc-comp-2026/llreve-bench/smt2/arrays/libc__strpbrk_3.array_000.yml,7d11d4731c7dcda0b38e78c91e5c324972531712d65967444e08906ee65c6f59,sat_validated
chc-comp-2026/ringen-adt-benchmarks/isaplanner/prop_37_000.smt2,2b0ef88f7ea5c6187d8bab2f66105fe97463805f206d3382dd913ed6ed839b76,chc-comp-2026,ADT-LIA,family-balanced 1500-input expansion,chc-comp26-benchmarks-main.zip,912aa7b44471c9e1ed49ba0c2c034dcafa4300a821edaf3bf016618fd0e99b25,https://github.com/chc-comp/chc-comp26-benchmarks,b4fa7a708e5863bbcdb5de50d692ead3a67cbedc,ringen-adt-benchmarks/isaplanner/prop_37_000.smt2,chc-comp-2026/ringen-adt-benchmarks/isaplanner/prop_37_000_000.yml,dc6898c3737bce19f1512d6f5b8da7ddc1e493eedbfaa1b09e53ca048705c75d,
chc-comp-2026/solidity/unit_tests/functions/getters/nested_arrays_mappings_7.sol_0_000.smt2,b927f144833e1359c6ac4b6e1ef47bdb504ded21656534fe6ad263ff4a80c37a,chc-comp-2026,ADT-LIA-Arrays,family-balanced 1500-input expansion,chc-comp26-benchmarks-main.zip,912aa7b44471c9e1ed49ba0c2c034dcafa4300a821edaf3bf016618fd0e99b25,https://github.com/chc-comp/chc-comp26-benchmarks,b4fa7a708e5863bbcdb5de50d692ead3a67cbedc,solidity/unit_tests/functions/getters/nested_arrays_mappings_7.sol_0_000.smt2,chc-comp-2026/solidity/unit_tests/functions/getters/nested_arrays_mappings_7.sol_0_000.yml,b1ecd967bb1e10105fd73c0a561939a7dee199faac4703ecf451378ba48946d1,sat_validated
chc-comp-2026/vmt-chc-benchmarks/bv/nested8.c_000.smt2,903a19ea712dafa3e2c83fa1640578963320414ecfcd902435a790f2df90a1e0,chc-comp-2026,BV-Lin,family-balanced 1500-input expansion,chc-comp26-benchmarks-main.zip,912aa7b44471c9e1ed49ba0c2c034dcafa4300a821edaf3bf016618fd0e99b25,https://github.com/chc-comp/chc-comp26-benchmarks,b4fa7a708e5863bbcdb5de50d692ead3a67cbedc,vmt-chc-benchmarks/bv/nested8.c_000.smt2,chc-comp-2026/vmt-chc-benchmarks/bv/nested8.c_000_000.yml,d25fd62f2ce7b91ac78aad0e33db6489e7dc2e2bb464414a7b7f28954ce53bf6,unsat
chc-comp-2026/synthesis/nay-horn/CONST_sum_2_5_000.smt2,fe4be552057978bd6b1cff7338a812f814edd703309db70799bf961accc7224b,chc-comp-2026,LIA,family-balanced 1500-input expansion,chc-comp26-benchmarks-main.zip,912aa7b44471c9e1ed49ba0c2c034dcafa4300a821edaf3bf016618fd0e99b25,https://github.com/chc-comp/chc-comp26-benchmarks,b4fa7a708e5863bbcdb5de50d692ead3a67cbedc,synthesis/nay-horn/CONST_sum_2_5_000.smt2,chc-comp-2026/synthesis/nay-horn/CONST_sum_2_5_000.yml,8407f2103321adc32af430c8b59d2cf1cf6c31acfa98c47712d3541f0b01ce4b,sat_validated
chc-comp-2026/aeval-unsafe/s_split_30_000.smt2,97a9eae72334e999a27f36f2d8a04ed92b4b83516c326f482e5d893b323607bd,chc-comp-2026,LIA-Lin,family-balanced 1500-input expansion,chc-comp26-benchmarks-main.zip,912aa7b44471c9e1ed49ba0c2c034dcafa4300a821edaf3bf016618fd0e99b25,https://github.com/chc-comp/chc-comp26-benchmarks,b4fa7a708e5863bbcdb5de50d692ead3a67cbedc,aeval-unsafe/s_split_30_000.smt2,chc-comp-2026/aeval-unsafe/s_split_30_000_001.yml,75fca4dd02495c83c009bf3bd48439bea072ffd94757b24b68c201a13f050e65,unsat
chc-comp-2026/quic3/data/standard_copyInit_true-unreach-call_ground_000.smt2,02c61cd5cb81474872d9acf66f98535e3694951ca7f75c9870b70b0d0f210390,chc-comp-2026,LIA-Lin-Arrays,family-balanced 1500-input expansion,chc-comp26-benchmarks-main.zip,912aa7b44471c9e1ed49ba0c2c034dcafa4300a821edaf3bf016618fd0e99b25,https://github.com/chc-comp/chc-comp26-benchmarks,b4fa7a708e5863bbcdb5de50d692ead3a67cbedc,quic3/data/standard_copyInit_true-unreach-call_ground_000.smt2,chc-comp-2026/quic3/data/standard_copyInit_true-unreach-call_ground_000.yml,62d028e7e43bc1b8d6a3c97c7271d0a3b97c935f1e8bf4b8e8d36ad12dfe2114,
chc-comp-2026/ADTRem/clam/goal59_000.smt2,ce9f01349fd579349d4545a5845722f5559466c5aa51608fd1c30af63184ca86,chc-comp-2026,ADT-LIA,family-balanced 1500-input expansion,chc-comp26-benchmarks-main.zip,912aa7b44471c9e1ed49ba0c2c034dcafa4300a821edaf3bf016618fd0e99b25,https://github.com/chc-comp/chc-comp26-benchmarks,b4fa7a708e5863bbcdb5de50d692ead3a67cbedc,ADTRem/clam/goal59_000.smt2,chc-comp-2026/ADTRem/clam/goal59_000_000.yml,1c90a50f7756ba565d7caa366cce61e4a8ce2a664321fe23abd0d92c6eedc51a,sat_validated
chc-comp-2026/solidity/unit_tests/blockchain_state/balance_zero.sol_1_000.smt2,465244ccfe60d77c34a1eab6d2e765f49758ed56b0de78110efed15a5a1b17a7,chc-comp-2026,ADT-LIA-Arrays,family-balanced 1500-input expansion,chc-comp26-benchmarks-main.zip,912aa7b44471c9e1ed49ba0c2c034dcafa4300a821edaf3bf016618fd0e99b25,https://github.com/chc-comp/chc-comp26-benchmarks,b4fa7a708e5863bbcdb5de50d692ead3a67cbedc,solidity/unit_tests/blockchain_state/balance_zero.sol_1_000.smt2,chc-comp-2026/solidity/unit_tests/blockchain_state/balance_zero.sol_1_000.yml,e812c292188b571b3884f90caf98586cfd4270940ba63a5cd4c790bd9a203d45,unsat
chc-comp-2026/eldarica-misc/BV/dillig/32.c-bv_000.smt2,d165da75a359194c97386fe8f55c0d17310cec515a4c9958649a22a537e5a2c6,chc-comp-2026,BV-Lin,family-balanced 1500-input expansion,chc-comp26-benchmarks-main.zip,912aa7b44471c9e1ed49ba0c2c034dcafa4300a821edaf3bf016618fd0e99b25,https://github.com/chc-comp/chc-comp26-benchmarks,b4fa7a708e5863bbcdb5de50d692ead3a67cbedc,eldarica-misc/BV/dillig/32.c-bv_000.smt2,chc-comp-2026/eldarica-misc/BV/dillig/32.c-bv_000.yml,6653b0c0006f226ed5e1e3909131552efcb7d054667486c43293c98c96a50907,sat
chc-comp-2026/hopv/lia/termination/zip02_000.smt2,d0e7e6d4eaeb5adcf353bb7dae42f8d17f78c9eea9d0d0d2d046211bdfcc6814,chc-comp-2026,LIA,family-balanced 1500-input expansion,chc-comp26-benchmarks-main.zip,912aa7b44471c9e1ed49ba0c2c034dcafa4300a821edaf3bf016618fd0e99b25,https://github.com/chc-comp/chc-comp26-benchmarks,b4fa7a708e5863bbcdb5de50d692ead3a67cbedc,hopv/lia/termination/zip02_000.smt2,chc-comp-2026/hopv/lia/termination/zip02_000.yml,f29d5e2971a7435c5155ed32fb17aa7896cb8095c16ba0f22d27ff37dde2006a,sat_validated
chc-comp-2026/llreve-bench/smt2/clausified/loop__loop_000.smt2,d438e14d603d8c8cd4facf6a138cfd1d2236973330e32e2868685fccd100aaf7,chc-comp-2026,LIA-Lin,family-balanced 1500-input expansion,chc-comp26-benchmarks-main.zip,912aa7b44471c9e1ed49ba0c2c034dcafa4300a821edaf3bf016618fd0e99b25,https://github.com/chc-comp/chc-comp26-benchmarks,b4fa7a708e5863bbcdb5de50d692ead3a67cbedc,llreve-bench/smt2/clausified/loop__loop_000.smt2,chc-comp-2026/llreve-bench/smt2/clausified/loop__loop_000_001.yml,bd6c1361c600bd876c041ee7a2608bd43a81df83107497316e69b655935293ac,sat_validated
chc-comp-2026/llreve-bench/unsolved/arrayOffByOne_000.smt2,1ecc8be378adf1b12d40d3cfd08fb48d63ef53a1b5845dae3288ae4cc2b66137,chc-comp-2026,LIA-Lin-Arrays,family-balanced 1500-input expansion,chc-comp26-benchmarks-main.zip,912aa7b44471c9e1ed49ba0c2c034dcafa4300a821edaf3bf016618fd0e99b25,https://github.com/chc-comp/chc-comp26-benchmarks,b4fa7a708e5863bbcdb5de50d692ead3a67cbedc,llreve-bench/unsolved/arrayOffByOne_000.smt2,chc-comp-2026/llreve-bench/unsolved/arrayOffByOne_000.yml,8b4347b4c2bce6bdf9fd1515fb117fce279466734472027d6796816df68f9823,
chc-comp-2026/tip-adt-lia/prod_prop_22_000.smt2,b42892e40598e47c1689a9f659d1cb7fc454f99b9919ef8eae183a3b8d7babc2,chc-comp-2026,ADT-LIA,family-balanced 1500-input expansion,chc-comp26-benchmarks-main.zip,912aa7b44471c9e1ed49ba0c2c034dcafa4300a821edaf3bf016618fd0e99b25,https://github.com/chc-comp/chc-comp26-benchmarks,b4fa7a708e5863bbcdb5de50d692ead3a67cbedc,tip-adt-lia/prod_prop_22_000.smt2,chc-comp-2026/tip-adt-lia/prod_prop_22_000.yml,c262d763750d8702285a55be3d2dad2948c80b9fff78c13a8afb4a27f0e82d3d,sat_validated
chc-comp-2026/solidity/unit_tests/typecast/string_literal_to_fixed_bytes_upcast.sol_0_000.smt2,9e3c7f27c17a0c5f92ec9e08947d6b531a825e49fa60d57522919378fc0a2f50,chc-comp-2026,ADT-LIA-Arrays,family-balanced 1500-input expansion,chc-comp26-benchmarks-main.zip,912aa7b44471c9e1ed49ba0c2c034dcafa4300a821edaf3bf016618fd0e99b25,https://github.com/chc-comp/chc-comp26-benchmarks,b4fa7a708e5863bbcdb5de50d692ead3a67cbedc,solidity/unit_tests/typecast/string_literal_to_fixed_bytes_upcast.sol_0_000.smt2,chc-comp-2026/solidity/unit_tests/typecast/string_literal_to_fixed_bytes_upcast.sol_0_000.yml,7551c4e650c6bc43253ca205606fedb89563a3fe29ea9e5ca875e3806a78e70a,unsat
chc-comp-2026/vmt-chc-benchmarks/bv/nest-if2.c_000.smt2,e069e99821b2520ed021477b8daea581f83db032509809e0c319c42b8d02a9db,chc-comp-2026,BV-Lin,family-balanced 1500-input expansion,chc-comp26-benchmarks-main.zip,912aa7b44471c9e1ed49ba0c2c034dcafa4300a821edaf3bf016618fd0e99b25,https://github.com/chc-comp/chc-comp26-benchmarks,b4fa7a708e5863bbcdb5de50d692ead3a67cbedc,vmt-chc-benchmarks/bv/nest-if2.c_000.smt2,chc-comp-2026/vmt-chc-benchmarks/bv/nest-if2.c_000_000.yml,a6ef7c20b51f229c5ba3c5415097cc1e21be41d1f72d91031d2d5439b86f3bfc,sat_validated
chc-comp-2026/llreve-bench/muz/rec__limit3_000.smt2,02d3cd077d49da089b3d7bb05a8bf7c56dfb404290a4b1f02e7c271fcaa59fa6,chc-comp-2026,LIA,family-balanced 1500-input expansion,chc-comp26-benchmarks-main.zip,912aa7b44471c9e1ed49ba0c2c034dcafa4300a821edaf3bf016618fd0e99b25,https://github.com/chc-comp/chc-comp26-benchmarks,b4fa7a708e5863bbcdb5de50d692ead3a67cbedc,llreve-bench/muz/rec__limit3_000.smt2,chc-comp-2026/llreve-bench/muz/rec__limit3_000_000.yml,a489ea7e775f2cbff6f098f6c895f4857a22be1bb161aba0be54cd8fc05c8faf,sat_validated
chc-comp-2026/vmt-chc-benchmarks/lustre/SYNAPSE_123_e3_302_000.smt2,02a6a5400a6efef1679a68392c377f0541403c732bf5d3509a87033bf74bec4a,chc-comp-2026,LIA-Lin,family-balanced 1500-input expansion,chc-comp26-benchmarks-main.zip,912aa7b44471c9e1ed49ba0c2c034dcafa4300a821edaf3bf016618fd0e99b25,https://github.com/chc-comp/chc-comp26-benchmarks,b4fa7a708e5863bbcdb5de50d692ead3a67cbedc,vmt-chc-benchmarks/lustre/SYNAPSE_123_e3_302_000.smt2,chc-comp-2026/vmt-chc-benchmarks/lustre/SYNAPSE_123_e3_302_000_001.yml,b17af712d41729b972b69b4986db9d9bd3f8c5401312bd81f5bfc1326f4e3ad4,unsat
chc-comp-2026/quic3/data/standard_find_true-unreach-call_ground_000.smt2,b8ce342a6d2e610eb320e41431b0be2b6a4428600f2fa850e2ef351d371a9b18,chc-comp-2026,LIA-Lin-Arrays,family-balanced 1500-input expansion,chc-comp26-benchmarks-main.zip,912aa7b44471c9e1ed49ba0c2c034dcafa4300a821edaf3bf016618fd0e99b25,https://github.com/chc-comp/chc-comp26-benchmarks,b4fa7a708e5863bbcdb5de50d692ead3a67cbedc,quic3/data/standard_find_true-unreach-call_ground_000.smt2,chc-comp-2026/quic3/data/standard_find_true-unreach-call_ground_000.yml,60194f4482f4e23223096a7fd581b85d3d61ac10daafe58d0308ea7177408ef8,
chc-comp-2026/adt-purified-benchmarks/6-lists-2-inc-some-1.Z3.0_000.smt2,57f97106f57cc53e9bc2f06f7fac95f2dc303745db81aef83b0ae0d4e934d9d2,chc-comp-2026,ADT-LIA,family-balanced 1500-input expansion,chc-comp26-benchmarks-main.zip,912aa7b44471c9e1ed49ba0c2c034dcafa4300a821edaf3bf016618fd0e99b25,https://github.com/chc-comp/chc-comp26-benchmarks,b4fa7a708e5863bbcdb5de50d692ead3a67cbedc,adt-purified-benchmarks/6-lists-2-inc-some-1.Z3.0_000.smt2,chc-comp-2026/adt-purified-benchmarks/6-lists-2-inc-some-1.Z3.0_000.yml,ee9cb2d13d2cfb75c231ff6cffd62e3f0f8c1ac8460323c61097d8014e8f85bc,unsat
chc-comp-2026/solidity/unit_tests/typecast/cast_smaller_3.sol_0_000.smt2,5c055306235ad330dee00fc73b9940a730beef338d5006ba8747134c49d2e971,chc-comp-2026,ADT-LIA-Arrays,family-balanced 1500-input expansion,chc-comp26-benchmarks-main.zip,912aa7b44471c9e1ed49ba0c2c034dcafa4300a821edaf3bf016618fd0e99b25,https://github.com/chc-comp/chc-comp26-benchmarks,b4fa7a708e5863bbcdb5de50d692ead3a67cbedc,solidity/unit_tests/typecast/cast_smaller_3.sol_0_000.smt2,chc-comp-2026/solidity/unit_tests/typecast/cast_smaller_3.sol_0_000.yml,df1035b6cfbd380dccd6894582af52f66c191ea3b66f0db06c596ac0a17b57ab,sat_validated
chc-comp-2026/eldarica-misc/BV/reve/002b-bv_000.smt2,eb9e7660d56cdbc04fb2afb5ffa35e200508d196beb2f7a8a30f640cde7071d2,chc-comp-2026,BV-Lin,family-balanced 1500-input expansion,chc-comp26-benchmarks-main.zip,912aa7b44471c9e1ed49ba0c2c034dcafa4300a821edaf3bf016618fd0e99b25,https://github.com/chc-comp/chc-comp26-benchmarks,b4fa7a708e5863bbcdb5de50d692ead3a67cbedc,eldarica-misc/BV/reve/002b-bv_000.smt2,chc-comp-2026/eldarica-misc/BV/reve/002b-bv_000.yml,088b548b84b701ca0dd5226d65ef14f48251acb06cf76458a06ac11ec9a4420c,unsat
chc-comp-2026/kind2-chc-benchmarks/data/MESI_3_e3_2669_000.smt2,9dbad440eb4d2a903bca983c6d5962ff837979b97f25fd59b5285531279c327a,chc-comp-2026,LIA,family-balanced 1500-input expansion,chc-comp26-benchmarks-main.zip,912aa7b44471c9e1ed49ba0c2c034dcafa4300a821edaf3bf016618fd0e99b25,https://github.com/chc-comp/chc-comp26-benchmarks,b4fa7a708e5863bbcdb5de50d692ead3a67cbedc,kind2-chc-benchmarks/data/MESI_3_e3_2669_000.smt2,chc-comp-2026/kind2-chc-benchmarks/data/MESI_3_e3_2669_000.yml,c884534b4c696c6a9fcf90877cd1a46ba9e29f52507c5afe0448022df8cff97e,sat_validated
chc-comp-2026/eldarica-misc/LIA/HOLA/27.c_000.smt2,9564415126dbcb70c8a5d02d5321a5ff08683e6c1c32f788c3810c60bc6ef07c,chc-comp-2026,LIA-Lin,family-balanced 1500-input expansion,chc-comp26-benchmarks-main.zip,912aa7b44471c9e1ed49ba0c2c034dcafa4300a821edaf3bf016618fd0e99b25,https://github.com/chc-comp/chc-comp26-benchmarks,b4fa7a708e5863bbcdb5de50d692ead3a67cbedc,eldarica-misc/LIA/HOLA/27.c_000.smt2,chc-comp-2026/eldarica-misc/LIA/HOLA/27.c_000.yml,72fe1d6c0dea213f2a0f18a3a16c8b03144dabfb1128c3c105af8d17e04dd0d1,sat_validated
chc-comp-2026/llreve-bench/muz/libc__memchr_1_000.smt2,8c977f3e725461d5dc4cefc3f7fd9041abd8eaa385f57afccae5ec93ac319586,chc-comp-2026,LIA-Lin-Arrays,family-balanced 1500-input expansion,chc-comp26-benchmarks-main.zip,912aa7b44471c9e1ed49ba0c2c034dcafa4300a821edaf3bf016618fd0e99b25,https://github.com/chc-comp/chc-comp26-benchmarks,b4fa7a708e5863bbcdb5de50d692ead3a67cbedc,llreve-bench/muz/libc__memchr_1_000.smt2,chc-comp-2026/llreve-bench/muz/libc__memchr_1_000_000.yml,5c183cb74d6f6200c25c727fcd348f80035813caeabbb5d4d7d4bc4f62d7c737,sat_validated
chc-comp-2026/rust-horn/trees-1-append-unsafe_000.smt2,80cfcf38f48b100d450abe38352bbe5c3ef8d2699a691151e0f752064ef0efb2,chc-comp-2026,ADT-LIA,family-balanced 1500-input expansion,chc-comp26-benchmarks-main.zip,912aa7b44471c9e1ed49ba0c2c034dcafa4300a821edaf3bf016618fd0e99b25,https://github.com/chc-comp/chc-comp26-benchmarks,b4fa7a708e5863bbcdb5de50d692ead3a67cbedc,rust-horn/trees-1-append-unsafe_000.smt2,chc-comp-2026/rust-horn/trees-1-append-unsafe_000.yml,485ed13d37eeb0c24eae4e6e49837387c5fbcec5354e613f6d4ebda31df69ff3,unsat
chc-comp-2026/solidity/unit_tests/functions/function_call_state_var_init.sol_0_000.smt2,9242d64c61407bb01b618023a0e3cbebe95764a3491e5069c04b98218ceae630,chc-comp-2026,ADT-LIA-Arrays,family-balanced 1500-input expansion,chc-comp26-benchmarks-main.zip,912aa7b44471c9e1ed49ba0c2c034dcafa4300a821edaf3bf016618fd0e99b25,https://github.com/chc-comp/chc-comp26-benchmarks,b4fa7a708e5863bbcdb5de50d692ead3a67cbedc,solidity/unit_tests/functions/function_call_state_var_init.sol_0_000.smt2,chc-comp-2026/solidity/unit_tests/functions/function_call_state_var_init.sol_0_000.yml,823bf436bafb77125f4aaa0e2498836f4723c24b0d7ab39a7ab8f66fedc29ea5,unsat
chc-comp-2026/vmt-chc-benchmarks/bv/nest-if3.c_000.smt2,463aa4e3c8e70ce8d341db17c0a0098ddd2addc275de8401edfc64a300bb9b98,chc-comp-2026,BV-Lin,family-balanced 1500-input expansion,chc-comp26-benchmarks-main.zip,912aa7b44471c9e1ed49ba0c2c034dcafa4300a821edaf3bf016618fd0e99b25,https://github.com/chc-comp/chc-comp26-benchmarks,b4fa7a708e5863bbcdb5de50d692ead3a67cbedc,vmt-chc-benchmarks/bv/nest-if3.c_000.smt2,chc-comp-2026/vmt-chc-benchmarks/bv/nest-if3.c_000_000.yml,45c20a5b11fe2a5201ccf02095d38f3c23ed41ad6a7bb51b72a9ff7e2f9ffa3b,sat_validated
chc-comp-2026/hcai-bench/svcomp/O3/O3_id2_b3_o2_false-unreach-call_000.smt2,8b0d5b575c59f728d9bd23a9fcdfa8677daba790c378353741dec3af8b1747dd,chc-comp-2026,LIA,family-balanced 1500-input expansion,chc-comp26-benchmarks-main.zip,912aa7b44471c9e1ed49ba0c2c034dcafa4300a821edaf3bf016618fd0e99b25,https://github.com/chc-comp/chc-comp26-benchmarks,b4fa7a708e5863bbcdb5de50d692ead3a67cbedc,hcai-bench/svcomp/O3/O3_id2_b3_o2_false-unreach-call_000.smt2,chc-comp-2026/hcai-bench/svcomp/O3/O3_id2_b3_o2_false-unreach-call_000.yml,52d55089d1cfc076431edf6882891b51a6f5eabb7e9e8db25f446dde5c8bf90e,unsat
chc-comp-2026/hcai-bench/svcomp/O3/O3_sum01_bug02_false-unreach-call_true-termination_000.smt2,d4537cfa84ce6a704326398d58c988e0d6253f87c4a0d3bd5571ada95b4012c7,chc-comp-2026,LIA-Lin,family-balanced 1500-input expansion,chc-comp26-benchmarks-main.zip,912aa7b44471c9e1ed49ba0c2c034dcafa4300a821edaf3bf016618fd0e99b25,https://github.com/chc-comp/chc-comp26-benchmarks,b4fa7a708e5863bbcdb5de50d692ead3a67cbedc,hcai-bench/svcomp/O3/O3_sum01_bug02_false-unreach-call_true-termination_000.smt2,chc-comp-2026/hcai-bench/svcomp/O3/O3_sum01_bug02_false-unreach-call_true-termination_000.yml,dceaf43c0d2cd5b1cc1fdb9d60add25c37a89dbec2e6435f1d652172e05487cc,unsat
chc-comp-2026/quic3/data/sanfoundry_02_true-unreach-call_ground_000.smt2,7e678a551c0369a2fe635131970e2b754a44fb759511c4258fdb890ebb764710,chc-comp-2026,LIA-Lin-Arrays,family-balanced 1500-input expansion,chc-comp26-benchmarks-main.zip,912aa7b44471c9e1ed49ba0c2c034dcafa4300a821edaf3bf016618fd0e99b25,https://github.com/chc-comp/chc-comp26-benchmarks,b4fa7a708e5863bbcdb5de50d692ead3a67cbedc,quic3/data/sanfoundry_02_true-unreach-call_ground_000.smt2,chc-comp-2026/quic3/data/sanfoundry_02_true-unreach-call_ground_000.yml,fdac2b646e07e95763b24014dc4a2c3a74362f1ddf6fbbec8c1989aa4a3c0f40,
chc-comp-2026/ringen-adt-benchmarks/false/regexp_find7_000.smt2,c961c6491c28e7a1622e25ec7fd953769740a552085877283a2514652625b1f1,chc-comp-2026,ADT-LIA,family-balanced 1500-input expansion,chc-comp26-benchmarks-main.zip,912aa7b44471c9e1ed49ba0c2c034dcafa4300a821edaf3bf016618fd0e99b25,https://github.com/chc-comp/chc-comp26-benchmarks,b4fa7a708e5863bbcdb5de50d692ead3a67cbedc,ringen-adt-benchmarks/false/regexp_find7_000.smt2,chc-comp-2026/ringen-adt-benchmarks/false/regexp_find7_000.yml,a8761f8ee993c239e1406b5754db4d037029f75a6983073b1e6ea25d77708317,
chc-comp-2026/solidity/unit_tests/inheritance/constructor_state_variable_init_function_call.sol_0_000.smt2,47f49f09d48c8aabf1befbd9e41cb4a82f59bf1fbec4902fd027503fa39fd64b,chc-comp-2026,ADT-LIA-Arrays,family-balanced 1500-input expansion,chc-comp26-benchmarks-main.zip,912aa7b44471c9e1ed49ba0c2c034dcafa4300a821edaf3bf016618fd0e99b25,https://github.com/chc-comp/chc-comp26-benchmarks,b4fa7a708e5863bbcdb5de50d692ead3a67cbedc,solidity/unit_tests/inheritance/constructor_state_variable_init_function_call.sol_0_000.smt2,chc-comp-2026/solidity/unit_tests/inheritance/constructor_state_variable_init_function_call.sol_0_000.yml,442d436fa8abf9239fb0d863c842c8f09a46d3a344ae586fd18411700f08752a,sat_validated
chc-comp-2026/eldarica-misc/BV/reve/014c-bv_000.smt2,7c923a5e9f256df4dbff3dedc2fa2b56cc9766c032f7c31a4a2e1995074a6922,chc-comp-2026,BV-Lin,family-balanced 1500-input expansion,chc-comp26-benchmarks-main.zip,912aa7b44471c9e1ed49ba0c2c034dcafa4300a821edaf3bf016618fd0e99b25,https://github.com/chc-comp/chc-comp26-benchmarks,b4fa7a708e5863bbcdb5de50d692ead3a67cbedc,eldarica-misc/BV/reve/014c-bv_000.smt2,chc-comp-2026/eldarica-misc/BV/reve/014c-bv_000.yml,e36d78f2061250535b41fa03f32f2647939759f6a91bb6be3aa9c32b9323de45,unsat
chc-comp-2026/synthesis/nay-horn/PLUS_mpg_guard3_000.smt2,7d69d2795535529ac3109f91bfeb9721a576f537a7ace4355c18184da601698b,chc-comp-2026,LIA,family-balanced 1500-input expansion,chc-comp26-benchmarks-main.zip,912aa7b44471c9e1ed49ba0c2c034dcafa4300a821edaf3bf016618fd0e99b25,https://github.com/chc-comp/chc-comp26-benchmarks,b4fa7a708e5863bbcdb5de50d692ead3a67cbedc,synthesis/nay-horn/PLUS_mpg_guard3_000.smt2,chc-comp-2026/synthesis/nay-horn/PLUS_mpg_guard3_000.yml,15d81edc05101bb8cb5473ca063f3e4c99faf4ea909f57cc55a4235167944a55,sat_validated
chc-comp-2026/aeval-benchmarks/multi-phase/s_split_21_000.smt2,e64e888568b3e10fa0e7a03721f6fa14b4b4d9069617f43210bf5adcda6c0e7b,chc-comp-2026,LIA-Lin,family-balanced 1500-input expansion,chc-comp26-benchmarks-main.zip,912aa7b44471c9e1ed49ba0c2c034dcafa4300a821edaf3bf016618fd0e99b25,https://github.com/chc-comp/chc-comp26-benchmarks,b4fa7a708e5863bbcdb5de50d692ead3a67cbedc,aeval-benchmarks/multi-phase/s_split_21_000.smt2,chc-comp-2026/aeval-benchmarks/multi-phase/s_split_21_000_000.yml,63763618b6be5f17970be64188a22725762caed6d1ed1120ab147ec2516ebee4,sat_validated
chc-comp-2026/llreve-bench/smt2/arrays/heap__memcpy_a.array_000.smt2,85568328bc79ce27dd6527f2b1d8278ca0353b22e7572def148205e134573fec,chc-comp-2026,LIA-Lin-Arrays,family-balanced 1500-input expansion,chc-comp26-benchmarks-main.zip,912aa7b44471c9e1ed49ba0c2c034dcafa4300a821edaf3bf016618fd0e99b25,https://github.com/chc-comp/chc-comp26-benchmarks,b4fa7a708e5863bbcdb5de50d692ead3a67cbedc,llreve-bench/smt2/arrays/heap__memcpy_a.array_000.smt2,chc-comp-2026/llreve-bench/smt2/arrays/heap__memcpy_a.array_000.yml,ebcf98ce5353b4f1a1901543aa16544bf9a3d0069f92dcc1c8c7372299974f1a,sat_validated
chc-comp-2026/ADTRem/clam/unsat-goal55_000.smt2,33ef0ec062f2bbac1f0235997c7dd69bf029a27e81b6a6cf56b04e94fe731cd8,chc-comp-2026,ADT-LIA,family-balanced 1500-input expansion,chc-comp26-benchmarks-main.zip,912aa7b44471c9e1ed49ba0c2c034dcafa4300a821edaf3bf016618fd0e99b25,https://github.com/chc-comp/chc-comp26-benchmarks,b4fa7a708e5863bbcdb5de50d692ead3a67cbedc,ADTRem/clam/unsat-goal55_000.smt2,chc-comp-2026/ADTRem/clam/unsat-goal55_000.yml,ac4fa24583153ddecd04b73bcaf647f7cb6f49e83f6e08dc19c9541230600213,unsat
chc-comp-2026/solidity/unit_tests/inheritance/constructor_state_variable_init_function_call.sol_2_000.smt2,656031a70dfab19fe2f5997d95f5817d933e4518570ae5294f2efbbd416aebac,chc-comp-2026,ADT-LIA-Arrays,family-balanced 1500-input expansion,chc-comp26-benchmarks-main.zip,912aa7b44471c9e1ed49ba0c2c034dcafa4300a821edaf3bf016618fd0e99b25,https://github.com/chc-comp/chc-comp26-benchmarks,b4fa7a708e5863bbcdb5de50d692ead3a67cbedc,solidity/unit_tests/inheritance/constructor_state_variable_init_function_call.sol_2_000.smt2,chc-comp-2026/solidity/unit_tests/inheritance/constructor_state_variable_init_function_call.sol_2_000.yml,cad6f8c75cb3a01fb2633cbd7da55508902d4d9abf492c0cc4517158f2db0ee0,sat_validated
chc-comp-2026/vmt-chc-benchmarks/bv/num_conversion_1_safe.c_000.smt2,aef3ef7f468e5a9747901e58566df0225902b989f80272742127a5a55162a692,chc-comp-2026,BV-Lin,family-balanced 1500-input expansion,chc-comp26-benchmarks-main.zip,912aa7b44471c9e1ed49ba0c2c034dcafa4300a821edaf3bf016618fd0e99b25,https://github.com/chc-comp/chc-comp26-benchmarks,b4fa7a708e5863bbcdb5de50d692ead3a67cbedc,vmt-chc-benchmarks/bv/num_conversion_1_safe.c_000.smt2,chc-comp-2026/vmt-chc-benchmarks/bv/num_conversion_1_safe.c_000.yml,0a6928a5bda30d7051c5d28b7f3737c3378b349631e287183b365dabd23c0a64,sat_validated
chc-comp-2026/hopv/lia/termination/binomial05_000.smt2,64b2201ea4662e0e434b954ce52dbce824586d00f6a6889f2061962179c0f23a,chc-comp-2026,LIA,family-balanced 1500-input expansion,chc-comp26-benchmarks-main.zip,912aa7b44471c9e1ed49ba0c2c034dcafa4300a821edaf3bf016618fd0e99b25,https://github.com/chc-comp/chc-comp26-benchmarks,b4fa7a708e5863bbcdb5de50d692ead3a67cbedc,hopv/lia/termination/binomial05_000.smt2,chc-comp-2026/hopv/lia/termination/binomial05_000.yml,cffb4c045dc1afa9e3939d00acda035ca39f8d79512bdf559aa0247ec37d68f8,sat_validated
chc-comp-2026/hopv/lia/fpice/inductive2_000.smt2,08c5eba4eb59f8708bee087aa34998659c9cab4735c46126036b3d2708132fe8,chc-comp-2026,LIA-Lin,family-balanced 1500-input expansion,chc-comp26-benchmarks-main.zip,912aa7b44471c9e1ed49ba0c2c034dcafa4300a821edaf3bf016618fd0e99b25,https://github.com/chc-comp/chc-comp26-benchmarks,b4fa7a708e5863bbcdb5de50d692ead3a67cbedc,hopv/lia/fpice/inductive2_000.smt2,chc-comp-2026/hopv/lia/fpice/inductive2_000.yml,fd595120e4be05f6aaec00c2e00ddaf81a758aeb99e91a699e1024da5b163d40,sat_validated
chc-comp-2026/llreve-bench/smt2/arrays/libc__strncmp_1.array_000.smt2,dcdee6ee5439f3a95c1fc191a5bd8555827823e981d912ff1b262658e919e176,chc-comp-2026,LIA-Lin-Arrays,family-balanced 1500-input expansion,chc-comp26-benchmarks-main.zip,912aa7b44471c9e1ed49ba0c2c034dcafa4300a821edaf3bf016618fd0e99b25,https://github.com/chc-comp/chc-comp26-benchmarks,b4fa7a708e5863bbcdb5de50d692ead3a67cbedc,llreve-bench/smt2/arrays/libc__strncmp_1.array_000.smt2,chc-comp-2026/llreve-bench/smt2/arrays/libc__strncmp_1.array_000.yml,40165c330a97c41c22d2afb04b42ba32efce7abce2dc96d3bb13e9522b14b3e5,sat_validated
chc-comp-2026/tip-adt-lia/tip2015_list_nat_PairUnpair_000.smt2,95ac708f1c1da04c5fc39de5eb26b7614d8da4e5ba1da96531daa636cb620528,chc-comp-2026,ADT-LIA,family-balanced 1500-input expansion,chc-comp26-benchmarks-main.zip,912aa7b44471c9e1ed49ba0c2c034dcafa4300a821edaf3bf016618fd0e99b25,https://github.com/chc-comp/chc-comp26-benchmarks,b4fa7a708e5863bbcdb5de50d692ead3a67cbedc,tip-adt-lia/tip2015_list_nat_PairUnpair_000.smt2,chc-comp-2026/tip-adt-lia/tip2015_list_nat_PairUnpair_000.yml,20c9fd6d072d1340f4f2e8d57711089852e95c29f170443d6a29c3f0bbf47741,
chc-comp-2026/solidity/unit_tests/functions/constructor_hierarchy_2.sol_1_000.smt2,0be18841a7a0bf7f48450677e9b266cde23d2601f5ecc70ebfdbddc09f07a970,chc-comp-2026,ADT-LIA-Arrays,family-balanced 1500-input expansion,chc-comp26-benchmarks-main.zip,912aa7b44471c9e1ed49ba0c2c034dcafa4300a821edaf3bf016618fd0e99b25,https://github.com/chc-comp/chc-comp26-benchmarks,b4fa7a708e5863bbcdb5de50d692ead3a67cbedc,solidity/unit_tests/functions/constructor_hierarchy_2.sol_1_000.smt2,chc-comp-2026/solidity/unit_tests/functions/constructor_hierarchy_2.sol_1_000.yml,518852983fd8be2cb11e4482bf66ab0090302267429a78508db28a33152d6ef3,unsat
chc-comp-2026/eldarica-misc/BV/dillig/17.c-bv_000.smt2,34132d8c7a00c68a103b437d2182186a95944444e134a150016ac74a45ee4f23,chc-comp-2026,BV-Lin,family-balanced 1500-input expansion,chc-comp26-benchmarks-main.zip,912aa7b44471c9e1ed49ba0c2c034dcafa4300a821edaf3bf016618fd0e99b25,https://github.com/chc-comp/chc-comp26-benchmarks,b4fa7a708e5863bbcdb5de50d692ead3a67cbedc,eldarica-misc/BV/dillig/17.c-bv_000.smt2,chc-comp-2026/eldarica-misc/BV/dillig/17.c-bv_000.yml,5f18fa22e2c8ca3ba54b622c5931c06ff0c8324d8d0416393ad85ee3023ff42a,unsat
chc-comp-2026/llreve-bench/muz/rec__triangular_000.smt2,ea9ace4c0aea2f798b7f7a6c3ece57827f49b0e9495d8f4a7ecf6173237f823c,chc-comp-2026,LIA,family-balanced 1500-input expansion,chc-comp26-benchmarks-main.zip,912aa7b44471c9e1ed49ba0c2c034dcafa4300a821edaf3bf016618fd0e99b25,https://github.com/chc-comp/chc-comp26-benchmarks,b4fa7a708e5863bbcdb5de50d692ead3a67cbedc,llreve-bench/muz/rec__triangular_000.smt2,chc-comp-2026/llreve-bench/muz/rec__triangular_000_000.yml,d826ef36013cba1fbf49e1bfa0139cf4443399d43323edefea9a07d5787fb8ef,sat_validated
chc-comp-2026/aeval-unsafe/s_split_03_000.smt2,df5a003ab19fe38dcc95707a7557503554f713b60e363e2515ae7a76a9532751,chc-comp-2026,LIA-Lin,family-balanced 1500-input expansion,chc-comp26-benchmarks-main.zip,912aa7b44471c9e1ed49ba0c2c034dcafa4300a821edaf3bf016618fd0e99b25,https://github.com/chc-comp/chc-comp26-benchmarks,b4fa7a708e5863bbcdb5de50d692ead3a67cbedc,aeval-unsafe/s_split_03_000.smt2,chc-comp-2026/aeval-unsafe/s_split_03_000_001.yml,ceed11dad981519738beb7040bb447f6fd706c44864bd2128213046ccee7dcb5,unsat
chc-comp-2026/llreve-bench/smt2/arrays/libc__stpcpy_1.array_000.smt2,4b9cb57287f325f1ab4dba8a985ed06e1a0724e3af9dc00f82768159cdb333f4,chc-comp-2026,LIA-Lin-Arrays,family-balanced 1500-input expansion,chc-comp26-benchmarks-main.zip,912aa7b44471c9e1ed49ba0c2c034dcafa4300a821edaf3bf016618fd0e99b25,https://github.com/chc-comp/chc-comp26-benchmarks,b4fa7a708e5863bbcdb5de50d692ead3a67cbedc,llreve-bench/smt2/arrays/libc__stpcpy_1.array_000.smt2,chc-comp-2026/llreve-bench/smt2/arrays/libc__stpcpy_1.array_000.yml,8bdb4a1aedf4adda8c86f022f8c60a86568d0320c0a80b13e908b9283321e0f8,sat_validated
chc-comp-2026/adt-purified-benchmarks/list_rev2_len.Z3.0_000.smt2,f49488727382ebb83305c17c29f3b60eccd06b29db5c369473a02d093a1d029a,chc-comp-2026,ADT-LIA,family-balanced 1500-input expansion,chc-comp26-benchmarks-main.zip,912aa7b44471c9e1ed49ba0c2c034dcafa4300a821edaf3bf016618fd0e99b25,https://github.com/chc-comp/chc-comp26-benchmarks,b4fa7a708e5863bbcdb5de50d692ead3a67cbedc,adt-purified-benchmarks/list_rev2_len.Z3.0_000.smt2,chc-comp-2026/adt-purified-benchmarks/list_rev2_len.Z3.0_000.yml,91b063e18e6bb7dcd3496ec94010325ad41ae3b571eec706f46cd486400ed9a6,sat
chc-comp-2026/solidity/unit_tests/types/fixed_bytes_access_7.sol_1_000.smt2,82bd4d79c5415f27fd19a3c3eaca02a2d6db5ce44798fa2b10e733158e8e07c3,chc-comp-2026,ADT-LIA-Arrays,family-balanced 1500-input expansion,chc-comp26-benchmarks-main.zip,912aa7b44471c9e1ed49ba0c2c034dcafa4300a821edaf3bf016618fd0e99b25,https://github.com/chc-comp/chc-comp26-benchmarks,b4fa7a708e5863bbcdb5de50d692ead3a67cbedc,solidity/unit_tests/types/fixed_bytes_access_7.sol_1_000.smt2,chc-comp-2026/solidity/unit_tests/types/fixed_bytes_access_7.sol_1_000.yml,85a3b2fdb63f5dd83ba9ba46b219b371892854028591ed1fe0bd0d251ac10955,unsat
chc-comp-2026/vmt-chc-benchmarks/bv/id_trans.c_000.smt2,a9a5b2d1b0b2db06941824fdf89eacada24b591638559509b85cd5bdd4e18ee8,chc-comp-2026,BV-Lin,family-balanced 1500-input expansion,chc-comp26-benchmarks-main.zip,912aa7b44471c9e1ed49ba0c2c034dcafa4300a821edaf3bf016618fd0e99b25,https://github.com/chc-comp/chc-comp26-benchmarks,b4fa7a708e5863bbcdb5de50d692ead3a67cbedc,vmt-chc-benchmarks/bv/id_trans.c_000.smt2,chc-comp-2026/vmt-chc-benchmarks/bv/id_trans.c_000.yml,bf3100c501a31ab826f67ed4ec912ea20f16cab249afa8e2e63d231587afde04,
chc-comp-2026/kind2-chc-benchmarks/data/FIREFLY_luke_1b_e3_671_e1_725_000.smt2,76cb2504e8e1b05682b5960284b33a7ff2ceb7993bbc79bb3ee9665bf9145cc3,chc-comp-2026,LIA,family-balanced 1500-input expansion,chc-comp26-benchmarks-main.zip,912aa7b44471c9e1ed49ba0c2c034dcafa4300a821edaf3bf016618fd0e99b25,https://github.com/chc-comp/chc-comp26-benchmarks,b4fa7a708e5863bbcdb5de50d692ead3a67cbedc,kind2-chc-benchmarks/data/FIREFLY_luke_1b_e3_671_e1_725_000.smt2,chc-comp-2026/kind2-chc-benchmarks/data/FIREFLY_luke_1b_e3_671_e1_725_000_000.yml,a12df9a115e7efde6af2efcf05c3627762d5ccdb3ea0a6dfebedb5f2a8cda860,unsat
chc-comp-2026/llreve-bench/smt2/clausified/loop__loop_unswitching_000.smt2,fcfc34069f38e9a48b64acd9e7d62f3a202368deb06f9c7d93a7f0e2006d202f,chc-comp-2026,LIA-Lin,family-balanced 1500-input expansion,chc-comp26-benchmarks-main.zip,912aa7b44471c9e1ed49ba0c2c034dcafa4300a821edaf3bf016618fd0e99b25,https://github.com/chc-comp/chc-comp26-benchmarks,b4fa7a708e5863bbcdb5de50d692ead3a67cbedc,llreve-bench/smt2/clausified/loop__loop_unswitching_000.smt2,chc-comp-2026/llreve-bench/smt2/clausified/loop__loop_unswitching_000_001.yml,ce03fa5e875a0a9588d88d808dcb646ea70136304325ad45e86d06e5df9555ca,sat_validated
