path,sha256,source,category,property,variant,input_bytes,assertion_count,builtin_constructor_collision,source_url,source_revision,selection_rationale,coverage_role,content_occurrences
extra-families/tricera-adt-arr/adt-arr/SyntaxSupportPointer01-1.c-valid-deref-pp.smt2,aca45ad1f626535f660298951c7d7a0c8629470709baf5f20f1933557eab0fb6,tricera-extra-family,ADT-LIA-Arrays,valid-deref,preprocessed,7722,21,false,https://github.com/chc-comp/tricera-adt-arr,0214c9fb4845013dc9ec5d1f8c4376efc6c6e365,full pinned adt-arr directory; duplicates and empty check-only inputs retained,substantive,1
extra-families/tricera-adt-arr/adt-arr/SyntaxSupportPointer01-1.c-valid-deref.smt2,e8493a14a3e40a7ed54f15b4e987c979074e82b8d65cf7a3ea12782c89ae3fd7,tricera-extra-family,ADT-LIA-Arrays,valid-deref,original,3845,11,false,https://github.com/chc-comp/tricera-adt-arr,0214c9fb4845013dc9ec5d1f8c4376efc6c6e365,full pinned adt-arr directory; duplicates and empty check-only inputs retained,substantive,1
extra-families/tricera-adt-arr/adt-arr/SyntaxSupportPointer01-1.c-valid-free-pp.smt2,8908a59d7c8499dfb758bd5b8ab1e0bb50eb2a38bf7a6998e019b37fd9d3693f,tricera-extra-family,ADT-LIA-Arrays,valid-free,preprocessed,3981,8,false,https://github.com/chc-comp/tricera-adt-arr,0214c9fb4845013dc9ec5d1f8c4376efc6c6e365,full pinned adt-arr directory; duplicates and empty check-only inputs retained,substantive,1
extra-families/tricera-adt-arr/adt-arr/SyntaxSupportPointer01-1.c-valid-free.smt2,d1edb08c198f3b3102b62b105594cb0df85e79237b5f2bac265e65b5f843ec80,tricera-extra-family,ADT-LIA-Arrays,valid-free,original,3072,5,false,https://github.com/chc-comp/tricera-adt-arr,0214c9fb4845013dc9ec5d1f8c4376efc6c6e365,full pinned adt-arr directory; duplicates and empty check-only inputs retained,substantive,1
extra-families/tricera-adt-arr/adt-arr/SyntaxSupportPointer01-1.c-valid-memtrack-pp.smt2,d2ae191d5969ed3fec72b6cefc03e53be7597a7950589d331322fca03fe014e1,tricera-extra-family,ADT-LIA-Arrays,valid-memtrack,preprocessed,5265,11,false,https://github.com/chc-comp/tricera-adt-arr,0214c9fb4845013dc9ec5d1f8c4376efc6c6e365,full pinned adt-arr directory; duplicates and empty check-only inputs retained,substantive,1
extra-families/tricera-adt-arr/adt-arr/SyntaxSupportPointer01-1.c-valid-memtrack.smt2,7e96a2e691d2cbe5cb7ce6ec54ff314f454efb2feaf51c89ef8c2ec40e7994df,tricera-extra-family,ADT-LIA-Arrays,valid-memtrack,original,3668,5,true,https://github.com/chc-comp/tricera-adt-arr,0214c9fb4845013dc9ec5d1f8c4376efc6c6e365,full pinned adt-arr directory; duplicates and empty check-only inputs retained,substantive,1
extra-families/tricera-adt-arr/adt-arr/alternating_list-1.i-unreach-call-pp.smt2,3d0e4eea7f6af948dfc93c5e52987e39cbc8beff6c3b709e47bd3f81ad32432e,tricera-extra-family,ADT-LIA-Arrays,unreach-call,preprocessed,17246,33,false,https://github.com/chc-comp/tricera-adt-arr,0214c9fb4845013dc9ec5d1f8c4376efc6c6e365,full pinned adt-arr directory; duplicates and empty check-only inputs retained,substantive,1
extra-families/tricera-adt-arr/adt-arr/alternating_list-1.i-unreach-call.smt2,2f047285ac64aa371a20ed14524c7e472d38cb4ee6ad9bf820022d12fad241f2,tricera-extra-family,ADT-LIA-Arrays,unreach-call,original,12613,17,false,https://github.com/chc-comp/tricera-adt-arr,0214c9fb4845013dc9ec5d1f8c4376efc6c6e365,full pinned adt-arr directory; duplicates and empty check-only inputs retained,substantive,1
extra-families/tricera-adt-arr/adt-arr/alternating_list-1.i-valid-deref-pp.smt2,fada2b95ecfd6c789b6fef1d6093374182e3ae8cd55e73b1b9a60acb46540aa8,tricera-extra-family,ADT-LIA-Arrays,valid-deref,preprocessed,24751,66,false,https://github.com/chc-comp/tricera-adt-arr,0214c9fb4845013dc9ec5d1f8c4376efc6c6e365,full pinned adt-arr directory; duplicates and empty check-only inputs retained,substantive,1
extra-families/tricera-adt-arr/adt-arr/alternating_list-1.i-valid-deref.smt2,314ed449487c1af02874a606843c29eb6c5105574cc39122aef867eded06b1b3,tricera-extra-family,ADT-LIA-Arrays,valid-deref,original,15484,38,false,https://github.com/chc-comp/tricera-adt-arr,0214c9fb4845013dc9ec5d1f8c4376efc6c6e365,full pinned adt-arr directory; duplicates and empty check-only inputs retained,substantive,1
extra-families/tricera-adt-arr/adt-arr/alternating_list-1.i-valid-free-pp.smt2,833714a0dc26dc3a19da0e80c714a9b91cac74fa348a5cfa536f34e317fce835,tricera-extra-family,ADT-LIA-Arrays,valid-free,preprocessed,21313,46,false,https://github.com/chc-comp/tricera-adt-arr,0214c9fb4845013dc9ec5d1f8c4376efc6c6e365,full pinned adt-arr directory; duplicates and empty check-only inputs retained,substantive,1
extra-families/tricera-adt-arr/adt-arr/alternating_list-1.i-valid-free.smt2,45b17e2913136881e263a5930614917217d95dc5e30e2d19d890cf84347dc495,tricera-extra-family,ADT-LIA-Arrays,valid-free,original,13493,18,false,https://github.com/chc-comp/tricera-adt-arr,0214c9fb4845013dc9ec5d1f8c4376efc6c6e365,full pinned adt-arr directory; duplicates and empty check-only inputs retained,substantive,1
extra-families/tricera-adt-arr/adt-arr/alternating_list-1.i-valid-memtrack.smt2,4388fd5c9f1a980fa60b2cce9c9e99a84d83520d6ea40b3ae957b3bd5459b2e0,tricera-extra-family,ADT-LIA-Arrays,valid-memtrack,original,15618,19,true,https://github.com/chc-comp/tricera-adt-arr,0214c9fb4845013dc9ec5d1f8c4376efc6c6e365,full pinned adt-arr directory; duplicates and empty check-only inputs retained,substantive,1
extra-families/tricera-adt-arr/adt-arr/alternating_list-2.i-unreach-call-pp.smt2,a13962d5116987d6729a9fe66484a564194a7709608b1ef28cad28c5083d48bb,tricera-extra-family,ADT-LIA-Arrays,unreach-call,preprocessed,17240,33,false,https://github.com/chc-comp/tricera-adt-arr,0214c9fb4845013dc9ec5d1f8c4376efc6c6e365,full pinned adt-arr directory; duplicates and empty check-only inputs retained,substantive,1
extra-families/tricera-adt-arr/adt-arr/alternating_list-2.i-unreach-call.smt2,a6a78c34fd2fecd4fc4e908e26cad9a8b77b9139ddae54bc775d4a14d85b9cc0,tricera-extra-family,ADT-LIA-Arrays,unreach-call,original,12615,17,false,https://github.com/chc-comp/tricera-adt-arr,0214c9fb4845013dc9ec5d1f8c4376efc6c6e365,full pinned adt-arr directory; duplicates and empty check-only inputs retained,substantive,1
extra-families/tricera-adt-arr/adt-arr/alternating_list-2.i-valid-memcleanup.smt2,04b840cfb9b07985ed41f59d971fdbd3ac404cec4d04b8a9d24c8c509d659dfc,tricera-extra-family,ADT-LIA-Arrays,valid-memcleanup,original,15616,19,true,https://github.com/chc-comp/tricera-adt-arr,0214c9fb4845013dc9ec5d1f8c4376efc6c6e365,full pinned adt-arr directory; duplicates and empty check-only inputs retained,substantive,1
extra-families/tricera-adt-arr/adt-arr/calendar.i-unreach-call-pp.smt2,a9f77e03ab02f3ed02c8a8847b948050c278ef410b9d5c9ef47afd6473d2bf2a,tricera-extra-family,ADT-LIA-Arrays,unreach-call,preprocessed,18127,44,false,https://github.com/chc-comp/tricera-adt-arr,0214c9fb4845013dc9ec5d1f8c4376efc6c6e365,full pinned adt-arr directory; duplicates and empty check-only inputs retained,substantive,1
extra-families/tricera-adt-arr/adt-arr/calendar.i-unreach-call.smt2,994f9d7c6f1951602a2bd52d07406e21df75c60398e50a716dd7651e1985a94b,tricera-extra-family,ADT-LIA-Arrays,unreach-call,original,8134,15,false,https://github.com/chc-comp/tricera-adt-arr,0214c9fb4845013dc9ec5d1f8c4376efc6c6e365,full pinned adt-arr directory; duplicates and empty check-only inputs retained,substantive,1
extra-families/tricera-adt-arr/adt-arr/cart.i-unreach-call-pp.smt2,6d30288c4f75733f3e86792c269685773f7d4c108bddaf70e3077271e0f4e74d,tricera-extra-family,ADT-LIA-Arrays,unreach-call,preprocessed,16129,32,false,https://github.com/chc-comp/tricera-adt-arr,0214c9fb4845013dc9ec5d1f8c4376efc6c6e365,full pinned adt-arr directory; duplicates and empty check-only inputs retained,substantive,1
extra-families/tricera-adt-arr/adt-arr/cart.i-unreach-call.smt2,149fc2a5f54d1369ca7cb9a7c3f796760b8bc4c23a793b069bb17e25081b0d05,tricera-extra-family,ADT-LIA-Arrays,unreach-call,original,7998,13,false,https://github.com/chc-comp/tricera-adt-arr,0214c9fb4845013dc9ec5d1f8c4376efc6c6e365,full pinned adt-arr directory; duplicates and empty check-only inputs retained,substantive,1
extra-families/tricera-adt-arr/adt-arr/dll-01-1.i-unreach-call-pp.smt2,52fe9e957a10610147bae863559836a348bd35d608be2c8392a513b1d79ffa10,tricera-extra-family,ADT-LIA-Arrays,unreach-call,preprocessed,65108,141,false,https://github.com/chc-comp/tricera-adt-arr,0214c9fb4845013dc9ec5d1f8c4376efc6c6e365,full pinned adt-arr directory; duplicates and empty check-only inputs retained,substantive,1
extra-families/tricera-adt-arr/adt-arr/dll-01-1.i-unreach-call.smt2,ead19d3d8430067db707a6a3d9f89a2b1f490eab000641dc544a42301b914bb6,tricera-extra-family,ADT-LIA-Arrays,unreach-call,original,24709,44,false,https://github.com/chc-comp/tricera-adt-arr,0214c9fb4845013dc9ec5d1f8c4376efc6c6e365,full pinned adt-arr directory; duplicates and empty check-only inputs retained,substantive,1
extra-families/tricera-adt-arr/adt-arr/dll-01-1.i-valid-memcleanup.smt2,7cd8a774a1da1fcdcf1f0db1f37a56c1327dc4ea4a5a01ad2f1eb0882065559b,tricera-extra-family,ADT-LIA-Arrays,valid-memcleanup,original,27144,34,true,https://github.com/chc-comp/tricera-adt-arr,0214c9fb4845013dc9ec5d1f8c4376efc6c6e365,full pinned adt-arr directory; duplicates and empty check-only inputs retained,substantive,1
extra-families/tricera-adt-arr/adt-arr/dll-01-2.i-unreach-call-pp.smt2,f2b2c14585008ea1b8155b263a0d61e5a6e9fe476d51fc7d78622201271b4317,tricera-extra-family,ADT-LIA-Arrays,unreach-call,preprocessed,66936,144,false,https://github.com/chc-comp/tricera-adt-arr,0214c9fb4845013dc9ec5d1f8c4376efc6c6e365,full pinned adt-arr directory; duplicates and empty check-only inputs retained,substantive,1
extra-families/tricera-adt-arr/adt-arr/dll-01-2.i-unreach-call.smt2,372def95beac31d2be088703ffab1c0d61677215607438d5fb62e45d0eb0e3af,tricera-extra-family,ADT-LIA-Arrays,unreach-call,original,24825,44,false,https://github.com/chc-comp/tricera-adt-arr,0214c9fb4845013dc9ec5d1f8c4376efc6c6e365,full pinned adt-arr directory; duplicates and empty check-only inputs retained,substantive,1
extra-families/tricera-adt-arr/adt-arr/dll-01-2.i-valid-deref-pp.smt2,27efc8242bec1b9b34ad1813b9cf04049948cd1cb01c364896e0adb7e6c189b2,tricera-extra-family,ADT-LIA-Arrays,valid-deref,preprocessed,294158,589,false,https://github.com/chc-comp/tricera-adt-arr,0214c9fb4845013dc9ec5d1f8c4376efc6c6e365,full pinned adt-arr directory; duplicates and empty check-only inputs retained,substantive,1
extra-families/tricera-adt-arr/adt-arr/dll-01-2.i-valid-deref.smt2,4f384a2a0a86a28423f334f16ace0bfd934a0308523b89519eed1251f8e757fe,tricera-extra-family,ADT-LIA-Arrays,valid-deref,original,26857,89,false,https://github.com/chc-comp/tricera-adt-arr,0214c9fb4845013dc9ec5d1f8c4376efc6c6e365,full pinned adt-arr directory; duplicates and empty check-only inputs retained,substantive,1
extra-families/tricera-adt-arr/adt-arr/dll-01-2.i-valid-free-pp.smt2,4d5f7c191c18f9bf1b036044a046a0c39568be5113282accd148c777c7613df0,tricera-extra-family,ADT-LIA-Arrays,valid-free,preprocessed,104041,200,false,https://github.com/chc-comp/tricera-adt-arr,0214c9fb4845013dc9ec5d1f8c4376efc6c6e365,full pinned adt-arr directory; duplicates and empty check-only inputs retained,substantive,1
extra-families/tricera-adt-arr/adt-arr/dll-01-2.i-valid-free.smt2,32296276a4f42bfafeeb536296475a17f9fdd2646c96e2cad83aaa03e4ea8189,tricera-extra-family,ADT-LIA-Arrays,valid-free,original,24055,21,false,https://github.com/chc-comp/tricera-adt-arr,0214c9fb4845013dc9ec5d1f8c4376efc6c6e365,full pinned adt-arr directory; duplicates and empty check-only inputs retained,substantive,1
extra-families/tricera-adt-arr/adt-arr/dll-01-2.i-valid-memtrack.smt2,b2cdda30c637f61aba5ef3ccaebf102d04bcd7d71c7f33f12502e73f7ce3f8b6,tricera-extra-family,ADT-LIA-Arrays,valid-memtrack,original,27264,34,true,https://github.com/chc-comp/tricera-adt-arr,0214c9fb4845013dc9ec5d1f8c4376efc6c6e365,full pinned adt-arr directory; duplicates and empty check-only inputs retained,substantive,1
extra-families/tricera-adt-arr/adt-arr/dll-backwards.i-valid-deref-pp.smt2,8f874e3401edd3f0287c562b3f1b9f43f2eb888b2c32f9a8b4af4a84c748f626,tricera-extra-family,ADT-LIA-Arrays,valid-deref,preprocessed,72654,170,false,https://github.com/chc-comp/tricera-adt-arr,0214c9fb4845013dc9ec5d1f8c4376efc6c6e365,full pinned adt-arr directory; duplicates and empty check-only inputs retained,substantive,1
extra-families/tricera-adt-arr/adt-arr/dll-backwards.i-valid-deref.smt2,152cc78acb75a073d9701464b4e0c55ec1bd69bc20ca70a476ffa1e66b654661,tricera-extra-family,ADT-LIA-Arrays,valid-deref,original,11682,34,false,https://github.com/chc-comp/tricera-adt-arr,0214c9fb4845013dc9ec5d1f8c4376efc6c6e365,full pinned adt-arr directory; duplicates and empty check-only inputs retained,substantive,1
extra-families/tricera-adt-arr/adt-arr/dll-backwards.i-valid-free-pp.smt2,afc2cc8b0d4db873c1bfed7caf9ffdecffa906c392d9659d19cd608a07c20d6c,tricera-extra-family,ADT-LIA-Arrays,valid-free,preprocessed,17533,39,false,https://github.com/chc-comp/tricera-adt-arr,0214c9fb4845013dc9ec5d1f8c4376efc6c6e365,full pinned adt-arr directory; duplicates and empty check-only inputs retained,substantive,1
extra-families/tricera-adt-arr/adt-arr/dll-backwards.i-valid-free.smt2,bf944641a29044580edbe590e6de15f8d8b6d9249764adb44971cbbb455f0841,tricera-extra-family,ADT-LIA-Arrays,valid-free,original,6291,10,false,https://github.com/chc-comp/tricera-adt-arr,0214c9fb4845013dc9ec5d1f8c4376efc6c6e365,full pinned adt-arr directory; duplicates and empty check-only inputs retained,substantive,1
extra-families/tricera-adt-arr/adt-arr/dll-backwards.i-valid-memtrack.smt2,f7e8acf48bbb79a5a503c63e79782526d926a7a90f4f67806fdf43d6c7cd8d0b,tricera-extra-family,ADT-LIA-Arrays,valid-memtrack,original,7511,11,true,https://github.com/chc-comp/tricera-adt-arr,0214c9fb4845013dc9ec5d1f8c4376efc6c6e365,full pinned adt-arr directory; duplicates and empty check-only inputs retained,substantive,1
extra-families/tricera-adt-arr/adt-arr/dll-circular-1.i-unreach-call-pp.smt2,c475e74d5cc6dbb7305d3c9f6687eb153f8e3c07202072da47b943ba2f7f8b8a,tricera-extra-family,ADT-LIA-Arrays,unreach-call,preprocessed,60132,122,false,https://github.com/chc-comp/tricera-adt-arr,0214c9fb4845013dc9ec5d1f8c4376efc6c6e365,full pinned adt-arr directory; duplicates and empty check-only inputs retained,substantive,1
extra-families/tricera-adt-arr/adt-arr/dll-circular-1.i-unreach-call.smt2,70d61f7c7925f9c300ce59211654c8a51115853b36540865c2234d7c8799b3f1,tricera-extra-family,ADT-LIA-Arrays,unreach-call,original,19219,19,false,https://github.com/chc-comp/tricera-adt-arr,0214c9fb4845013dc9ec5d1f8c4376efc6c6e365,full pinned adt-arr directory; duplicates and empty check-only inputs retained,substantive,1
extra-families/tricera-adt-arr/adt-arr/dll-circular-1.i-valid-memcleanup.smt2,9f0ca6de8ee244975e878cea7645955a246b925efe8ef1a4250e2afa982d60ba,tricera-extra-family,ADT-LIA-Arrays,valid-memcleanup,original,22640,19,true,https://github.com/chc-comp/tricera-adt-arr,0214c9fb4845013dc9ec5d1f8c4376efc6c6e365,full pinned adt-arr directory; duplicates and empty check-only inputs retained,substantive,1
extra-families/tricera-adt-arr/adt-arr/dll-circular-2.i-unreach-call-pp.smt2,0b3b35134385e5be046e400707e856f45cd182e5b917243f3398122c8cbf47aa,tricera-extra-family,ADT-LIA-Arrays,unreach-call,preprocessed,61741,124,false,https://github.com/chc-comp/tricera-adt-arr,0214c9fb4845013dc9ec5d1f8c4376efc6c6e365,full pinned adt-arr directory; duplicates and empty check-only inputs retained,substantive,1
extra-families/tricera-adt-arr/adt-arr/dll-circular-2.i-unreach-call.smt2,d02274612ed180ae201fb73c1b4e43cb23e81548c13d30c4f64965db26d15dc9,tricera-extra-family,ADT-LIA-Arrays,unreach-call,original,19580,19,false,https://github.com/chc-comp/tricera-adt-arr,0214c9fb4845013dc9ec5d1f8c4376efc6c6e365,full pinned adt-arr directory; duplicates and empty check-only inputs retained,substantive,1
extra-families/tricera-adt-arr/adt-arr/dll-circular-2.i-valid-deref-pp.smt2,7af834c74616b201815c1585af4f35830583cd61611ebdc247bd46115142ad1d,tricera-extra-family,ADT-LIA-Arrays,valid-deref,preprocessed,104882,249,false,https://github.com/chc-comp/tricera-adt-arr,0214c9fb4845013dc9ec5d1f8c4376efc6c6e365,full pinned adt-arr directory; duplicates and empty check-only inputs retained,substantive,1
extra-families/tricera-adt-arr/adt-arr/dll-circular-2.i-valid-deref.smt2,c32fb32181e6d7f7fde4984b62fff6757133e35670865a2a4f1501ab6f16d875,tricera-extra-family,ADT-LIA-Arrays,valid-deref,original,19005,56,false,https://github.com/chc-comp/tricera-adt-arr,0214c9fb4845013dc9ec5d1f8c4376efc6c6e365,full pinned adt-arr directory; duplicates and empty check-only inputs retained,substantive,1
extra-families/tricera-adt-arr/adt-arr/dll-circular-2.i-valid-free-pp.smt2,07e9fda667717533788743eea7f65c6049102a8c97c5376f44edc4dc52315a92,tricera-extra-family,ADT-LIA-Arrays,valid-free,preprocessed,55433,121,false,https://github.com/chc-comp/tricera-adt-arr,0214c9fb4845013dc9ec5d1f8c4376efc6c6e365,full pinned adt-arr directory; duplicates and empty check-only inputs retained,substantive,1
extra-families/tricera-adt-arr/adt-arr/dll-circular-2.i-valid-free.smt2,501e3d3cb404e4d0712be8679e3596f6bc440afd857cf9a90f8e38f688abd4cd,tricera-extra-family,ADT-LIA-Arrays,valid-free,original,17188,15,false,https://github.com/chc-comp/tricera-adt-arr,0214c9fb4845013dc9ec5d1f8c4376efc6c6e365,full pinned adt-arr directory; duplicates and empty check-only inputs retained,substantive,1
extra-families/tricera-adt-arr/adt-arr/dll-circular-2.i-valid-memtrack.smt2,ba8190fb6660d3f4fe255e9b62781bfc64a8be0321a7beaafea77fc505c59133,tricera-extra-family,ADT-LIA-Arrays,valid-memtrack,original,23105,19,true,https://github.com/chc-comp/tricera-adt-arr,0214c9fb4845013dc9ec5d1f8c4376efc6c6e365,full pinned adt-arr directory; duplicates and empty check-only inputs retained,substantive,1
extra-families/tricera-adt-arr/adt-arr/dll-fst-shared.i-valid-deref-pp.smt2,f426166eeefbe4942d204489070daab1687acecfadb60d8d8001779e9d573168,tricera-extra-family,ADT-LIA-Arrays,valid-deref,preprocessed,167831,352,false,https://github.com/chc-comp/tricera-adt-arr,0214c9fb4845013dc9ec5d1f8c4376efc6c6e365,full pinned adt-arr directory; duplicates and empty check-only inputs retained,substantive,1
extra-families/tricera-adt-arr/adt-arr/dll-fst-shared.i-valid-deref.smt2,03bd0af794a594633a5ffbdc55aae7a60add2be1722cb81d364689bb739bbc64,tricera-extra-family,ADT-LIA-Arrays,valid-deref,original,16681,50,false,https://github.com/chc-comp/tricera-adt-arr,0214c9fb4845013dc9ec5d1f8c4376efc6c6e365,full pinned adt-arr directory; duplicates and empty check-only inputs retained,substantive,1
extra-families/tricera-adt-arr/adt-arr/dll-fst-shared.i-valid-free-pp.smt2,994e7619275ebbfe5c0e7801e74956d673eb4fcc777cad9c65c37a3a6d4c38de,tricera-extra-family,ADT-LIA-Arrays,valid-free,preprocessed,26115,52,false,https://github.com/chc-comp/tricera-adt-arr,0214c9fb4845013dc9ec5d1f8c4376efc6c6e365,full pinned adt-arr directory; duplicates and empty check-only inputs retained,substantive,1
extra-families/tricera-adt-arr/adt-arr/dll-fst-shared.i-valid-free.smt2,009fbbce57bd647ec1c6c77639a92ccf7042374f24c28312759c22b941535c01,tricera-extra-family,ADT-LIA-Arrays,valid-free,original,8019,11,false,https://github.com/chc-comp/tricera-adt-arr,0214c9fb4845013dc9ec5d1f8c4376efc6c6e365,full pinned adt-arr directory; duplicates and empty check-only inputs retained,substantive,1
extra-families/tricera-adt-arr/adt-arr/dll-fst-shared.i-valid-memtrack.smt2,1e22bc709f70e6b0f3daf89041d8e0c8323ea3c299c070370b1021f91ae58413,tricera-extra-family,ADT-LIA-Arrays,valid-memtrack,original,8959,10,true,https://github.com/chc-comp/tricera-adt-arr,0214c9fb4845013dc9ec5d1f8c4376efc6c6e365,full pinned adt-arr directory; duplicates and empty check-only inputs retained,substantive,1
extra-families/tricera-adt-arr/adt-arr/dll-lst-shared.i-valid-deref-pp.smt2,b2c895fc0da9a9c10f2ed32a88dfb8daa8eb996c8f7e37639083e93d88e7e73e,tricera-extra-family,ADT-LIA-Arrays,valid-deref,preprocessed,167803,352,false,https://github.com/chc-comp/tricera-adt-arr,0214c9fb4845013dc9ec5d1f8c4376efc6c6e365,full pinned adt-arr directory; duplicates and empty check-only inputs retained,substantive,1
extra-families/tricera-adt-arr/adt-arr/dll-lst-shared.i-valid-deref.smt2,5a2d0e0646b88e6f4b97d1487137c65e2baea6d2d2f3e5c152ac295cb12b10c2,tricera-extra-family,ADT-LIA-Arrays,valid-deref,original,16681,50,false,https://github.com/chc-comp/tricera-adt-arr,0214c9fb4845013dc9ec5d1f8c4376efc6c6e365,full pinned adt-arr directory; duplicates and empty check-only inputs retained,substantive,1
extra-families/tricera-adt-arr/adt-arr/dll-lst-shared.i-valid-free-pp.smt2,607971fb8271361a3b2b0bede4e37b08f2f72766eaa4ad6d81d3876e851e0238,tricera-extra-family,ADT-LIA-Arrays,valid-free,preprocessed,26119,52,false,https://github.com/chc-comp/tricera-adt-arr,0214c9fb4845013dc9ec5d1f8c4376efc6c6e365,full pinned adt-arr directory; duplicates and empty check-only inputs retained,substantive,1
extra-families/tricera-adt-arr/adt-arr/dll-lst-shared.i-valid-free.smt2,f90836f5da093555ef11eab7be327f439ae77ab5dc657d038a126a9392597eab,tricera-extra-family,ADT-LIA-Arrays,valid-free,original,8019,11,false,https://github.com/chc-comp/tricera-adt-arr,0214c9fb4845013dc9ec5d1f8c4376efc6c6e365,full pinned adt-arr directory; duplicates and empty check-only inputs retained,substantive,1
extra-families/tricera-adt-arr/adt-arr/dll-lst-shared.i-valid-memtrack.smt2,b65ff5286bf29c85431959135a51fe4e211381abd8461df91192bfd8579c59d4,tricera-extra-family,ADT-LIA-Arrays,valid-memtrack,original,8959,10,true,https://github.com/chc-comp/tricera-adt-arr,0214c9fb4845013dc9ec5d1f8c4376efc6c6e365,full pinned adt-arr directory; duplicates and empty check-only inputs retained,substantive,1
extra-families/tricera-adt-arr/adt-arr/dll-middle-shared.i-valid-deref-pp.smt2,956919fdc9b1cd55e05d822b74dd99eccce86ab661c2a51da9579b891642b4e6,tricera-extra-family,ADT-LIA-Arrays,valid-deref,preprocessed,300608,558,false,https://github.com/chc-comp/tricera-adt-arr,0214c9fb4845013dc9ec5d1f8c4376efc6c6e365,full pinned adt-arr directory; duplicates and empty check-only inputs retained,substantive,1
extra-families/tricera-adt-arr/adt-arr/dll-middle-shared.i-valid-deref.smt2,5fdb7780ff8a24a990e2856d6e938baeb37195485c01dc274f51c6f324460e84,tricera-extra-family,ADT-LIA-Arrays,valid-deref,original,22596,65,false,https://github.com/chc-comp/tricera-adt-arr,0214c9fb4845013dc9ec5d1f8c4376efc6c6e365,full pinned adt-arr directory; duplicates and empty check-only inputs retained,substantive,1
extra-families/tricera-adt-arr/adt-arr/dll-middle-shared.i-valid-free-pp.smt2,4924bfc9b0c5ddc29f65e1f20b8c25fa5e27459da9680dab9a75a67a3b2b1a17,tricera-extra-family,ADT-LIA-Arrays,valid-free,preprocessed,39415,72,false,https://github.com/chc-comp/tricera-adt-arr,0214c9fb4845013dc9ec5d1f8c4376efc6c6e365,full pinned adt-arr directory; duplicates and empty check-only inputs retained,substantive,1
extra-families/tricera-adt-arr/adt-arr/dll-middle-shared.i-valid-free.smt2,e96fcef26d9752de38f0ca4180776a746df2a7788ea8965ba8584ab4e4f0c1e5,tricera-extra-family,ADT-LIA-Arrays,valid-free,original,10598,13,false,https://github.com/chc-comp/tricera-adt-arr,0214c9fb4845013dc9ec5d1f8c4376efc6c6e365,full pinned adt-arr directory; duplicates and empty check-only inputs retained,substantive,1
extra-families/tricera-adt-arr/adt-arr/dll-middle-shared.i-valid-memtrack.smt2,3dc400ba7d2e5bde6ced59e9a0ecb4c4e7844c977443836766a171912483c69f,tricera-extra-family,ADT-LIA-Arrays,valid-memtrack,original,11625,10,true,https://github.com/chc-comp/tricera-adt-arr,0214c9fb4845013dc9ec5d1f8c4376efc6c6e365,full pinned adt-arr directory; duplicates and empty check-only inputs retained,substantive,1
extra-families/tricera-adt-arr/adt-arr/dll-optional-1.i-unreach-call.smt2,706eca43cd73d0e8914c4cd65b56a731be325e4a4d35a86860e17645120c8357,tricera-extra-family,ADT-LIA-Arrays,unreach-call,original,18643,18,false,https://github.com/chc-comp/tricera-adt-arr,0214c9fb4845013dc9ec5d1f8c4376efc6c6e365,full pinned adt-arr directory; duplicates and empty check-only inputs retained,substantive,1
extra-families/tricera-adt-arr/adt-arr/dll-optional-1.i-valid-deref-pp.smt2,ede24686e7e671e446648811bf1ac7b91cff608afb078ecac47d1311e619c731,tricera-extra-family,ADT-LIA-Arrays,valid-deref,preprocessed,371476,715,false,https://github.com/chc-comp/tricera-adt-arr,0214c9fb4845013dc9ec5d1f8c4376efc6c6e365,full pinned adt-arr directory; duplicates and empty check-only inputs retained,substantive,1
extra-families/tricera-adt-arr/adt-arr/dll-optional-1.i-valid-deref.smt2,7f3eeadc0228d042f0fac3056ae9e3fe6db4f841ae44458e681ba83fb18b122d,tricera-extra-family,ADT-LIA-Arrays,valid-deref,original,28252,93,false,https://github.com/chc-comp/tricera-adt-arr,0214c9fb4845013dc9ec5d1f8c4376efc6c6e365,full pinned adt-arr directory; duplicates and empty check-only inputs retained,substantive,1
extra-families/tricera-adt-arr/adt-arr/dll-optional-1.i-valid-free.smt2,35369d2f215175173541b7a23089bf414f09911f96c8e7c47c0745c89c8d8509,tricera-extra-family,ADT-LIA-Arrays,valid-free,original,19518,20,false,https://github.com/chc-comp/tricera-adt-arr,0214c9fb4845013dc9ec5d1f8c4376efc6c6e365,full pinned adt-arr directory; duplicates and empty check-only inputs retained,substantive,1
extra-families/tricera-adt-arr/adt-arr/dll-optional-1.i-valid-memtrack.smt2,bbbf7f4ffd1af902df7472146b2428d98c68d6170a44d2bc6818c2158fee372f,tricera-extra-family,ADT-LIA-Arrays,valid-memtrack,original,22624,20,true,https://github.com/chc-comp/tricera-adt-arr,0214c9fb4845013dc9ec5d1f8c4376efc6c6e365,full pinned adt-arr directory; duplicates and empty check-only inputs retained,substantive,1
extra-families/tricera-adt-arr/adt-arr/dll-optional-2.i-unreach-call-pp.smt2,a58c4a6810791ae27b565022e2669ae01df81bf010924f945adeb2e8764993dd,tricera-extra-family,ADT-LIA-Arrays,unreach-call,preprocessed,71543,125,false,https://github.com/chc-comp/tricera-adt-arr,0214c9fb4845013dc9ec5d1f8c4376efc6c6e365,full pinned adt-arr directory; duplicates and empty check-only inputs retained,substantive,1
extra-families/tricera-adt-arr/adt-arr/dll-optional-2.i-unreach-call.smt2,6767f264da1d616d38d252975171fc6cb208cdf9e96752cad911782e6f37984e,tricera-extra-family,ADT-LIA-Arrays,unreach-call,original,16755,15,false,https://github.com/chc-comp/tricera-adt-arr,0214c9fb4845013dc9ec5d1f8c4376efc6c6e365,full pinned adt-arr directory; duplicates and empty check-only inputs retained,substantive,1
extra-families/tricera-adt-arr/adt-arr/dll-optional-2.i-valid-memcleanup.smt2,5d50b7513786e8d3c3f41c677045263c7fdf45168e9a65abbe7e22855b962892,tricera-extra-family,ADT-LIA-Arrays,valid-memcleanup,original,20430,17,true,https://github.com/chc-comp/tricera-adt-arr,0214c9fb4845013dc9ec5d1f8c4376efc6c6e365,full pinned adt-arr directory; duplicates and empty check-only inputs retained,substantive,1
extra-families/tricera-adt-arr/adt-arr/dll-queue-1.i-unreach-call-pp.smt2,39206e4de658618c5270e908e1463be64a6612c66b795674b7e921ecce431996,tricera-extra-family,ADT-LIA-Arrays,unreach-call,preprocessed,62622,138,false,https://github.com/chc-comp/tricera-adt-arr,0214c9fb4845013dc9ec5d1f8c4376efc6c6e365,full pinned adt-arr directory; duplicates and empty check-only inputs retained,substantive,1
extra-families/tricera-adt-arr/adt-arr/dll-queue-1.i-unreach-call.smt2,790ac7fe61e4ac5ea43fcc2a83b950571b13b56ea7e28ad8ff13f1eb40fd4ba3,tricera-extra-family,ADT-LIA-Arrays,unreach-call,original,25574,46,false,https://github.com/chc-comp/tricera-adt-arr,0214c9fb4845013dc9ec5d1f8c4376efc6c6e365,full pinned adt-arr directory; duplicates and empty check-only inputs retained,substantive,1
extra-families/tricera-adt-arr/adt-arr/dll-queue-1.i-valid-deref-pp.smt2,9663cd4de07c5764387f4690a461f8a3f6c9e1d1f07cba792b5c708c4124d39d,tricera-extra-family,ADT-LIA-Arrays,valid-deref,preprocessed,161216,372,false,https://github.com/chc-comp/tricera-adt-arr,0214c9fb4845013dc9ec5d1f8c4376efc6c6e365,full pinned adt-arr directory; duplicates and empty check-only inputs retained,substantive,1
extra-families/tricera-adt-arr/adt-arr/dll-queue-1.i-valid-deref.smt2,be7b9c6fbd88bc07026eaf4ca3c1edee9203c48f5c634411dc25cecabb028e07,tricera-extra-family,ADT-LIA-Arrays,valid-deref,original,25162,75,false,https://github.com/chc-comp/tricera-adt-arr,0214c9fb4845013dc9ec5d1f8c4376efc6c6e365,full pinned adt-arr directory; duplicates and empty check-only inputs retained,substantive,1
extra-families/tricera-adt-arr/adt-arr/dll-queue-1.i-valid-free-pp.smt2,e38768407d0ebe68de54df7cb78ac55ad2057e9e32d5bd49ed7bf3d0b41eef86,tricera-extra-family,ADT-LIA-Arrays,valid-free,preprocessed,50838,110,false,https://github.com/chc-comp/tricera-adt-arr,0214c9fb4845013dc9ec5d1f8c4376efc6c6e365,full pinned adt-arr directory; duplicates and empty check-only inputs retained,substantive,1
extra-families/tricera-adt-arr/adt-arr/dll-queue-1.i-valid-free.smt2,9d1a0c17d8d1af9fa644931d85ad54de4305aa0f9fbbba0199e7d6d202811989,tricera-extra-family,ADT-LIA-Arrays,valid-free,original,17909,18,false,https://github.com/chc-comp/tricera-adt-arr,0214c9fb4845013dc9ec5d1f8c4376efc6c6e365,full pinned adt-arr directory; duplicates and empty check-only inputs retained,substantive,1
extra-families/tricera-adt-arr/adt-arr/dll-queue-1.i-valid-memtrack.smt2,fd73d390aeab19edb1517c36d33d5588642efe88a279d26e28419aaaafbad035,tricera-extra-family,ADT-LIA-Arrays,valid-memtrack,original,26921,35,true,https://github.com/chc-comp/tricera-adt-arr,0214c9fb4845013dc9ec5d1f8c4376efc6c6e365,full pinned adt-arr directory; duplicates and empty check-only inputs retained,substantive,1
extra-families/tricera-adt-arr/adt-arr/dll-queue-2.i-unreach-call-pp.smt2,08a91bdabec4526c3c3277ad2b580a8ba1e53d75889160f07a5d442fe15420d2,tricera-extra-family,ADT-LIA-Arrays,unreach-call,preprocessed,62618,138,false,https://github.com/chc-comp/tricera-adt-arr,0214c9fb4845013dc9ec5d1f8c4376efc6c6e365,full pinned adt-arr directory; duplicates and empty check-only inputs retained,substantive,1
extra-families/tricera-adt-arr/adt-arr/dll-queue-2.i-unreach-call.smt2,985bc91bc46daa5404b1b013173906bff1d4049ca68a0212e00010395ee22282,tricera-extra-family,ADT-LIA-Arrays,unreach-call,original,25576,46,false,https://github.com/chc-comp/tricera-adt-arr,0214c9fb4845013dc9ec5d1f8c4376efc6c6e365,full pinned adt-arr directory; duplicates and empty check-only inputs retained,substantive,1
extra-families/tricera-adt-arr/adt-arr/dll-queue-2.i-valid-memcleanup.smt2,208a5d31b4f1676892713bdd8081e5f4df70442892cb5d2800145567cd77f17d,tricera-extra-family,ADT-LIA-Arrays,valid-memcleanup,original,26919,35,true,https://github.com/chc-comp/tricera-adt-arr,0214c9fb4845013dc9ec5d1f8c4376efc6c6e365,full pinned adt-arr directory; duplicates and empty check-only inputs retained,substantive,1
extra-families/tricera-adt-arr/adt-arr/dll-rb-cnstr_1-1.i-unreach-call-pp.smt2,a0d5b37bab5903388289e305e736208a8ea49d184e78edaa3883d1192bf7d046,tricera-extra-family,ADT-LIA-Arrays,unreach-call,preprocessed,44764,89,false,https://github.com/chc-comp/tricera-adt-arr,0214c9fb4845013dc9ec5d1f8c4376efc6c6e365,full pinned adt-arr directory; duplicates and empty check-only inputs retained,substantive,1
extra-families/tricera-adt-arr/adt-arr/dll-rb-cnstr_1-1.i-unreach-call.smt2,ab87cd8a1d708f4b618f6560a1bdb6cf9b5186a4e36d272a8e63b95831ff0287,tricera-extra-family,ADT-LIA-Arrays,unreach-call,original,13757,25,false,https://github.com/chc-comp/tricera-adt-arr,0214c9fb4845013dc9ec5d1f8c4376efc6c6e365,full pinned adt-arr directory; duplicates and empty check-only inputs retained,substantive,1
extra-families/tricera-adt-arr/adt-arr/dll-rb-cnstr_1-1.i-valid-deref-pp.smt2,7c11a570588f7258b08e38e59a3e449f2cabf6c86579a693e66432df0b1e3120,tricera-extra-family,ADT-LIA-Arrays,valid-deref,preprocessed,262159,540,false,https://github.com/chc-comp/tricera-adt-arr,0214c9fb4845013dc9ec5d1f8c4376efc6c6e365,full pinned adt-arr directory; duplicates and empty check-only inputs retained,substantive,1
extra-families/tricera-adt-arr/adt-arr/dll-rb-cnstr_1-1.i-valid-deref.smt2,4cc69fd6323962d61a73e37c60b2dc99e897037d92de0f4feb346ef7ab0f9861,tricera-extra-family,ADT-LIA-Arrays,valid-deref,original,21212,73,false,https://github.com/chc-comp/tricera-adt-arr,0214c9fb4845013dc9ec5d1f8c4376efc6c6e365,full pinned adt-arr directory; duplicates and empty check-only inputs retained,substantive,1
extra-families/tricera-adt-arr/adt-arr/dll-rb-cnstr_1-1.i-valid-free-pp.smt2,b9c1ab4dcd4dc45e6e0a3f2746fc2929d3d8d37e03bebcfe0500351cabd5c3ec,tricera-extra-family,ADT-LIA-Arrays,valid-free,preprocessed,47038,95,false,https://github.com/chc-comp/tricera-adt-arr,0214c9fb4845013dc9ec5d1f8c4376efc6c6e365,full pinned adt-arr directory; duplicates and empty check-only inputs retained,substantive,1
extra-families/tricera-adt-arr/adt-arr/dll-rb-cnstr_1-1.i-valid-free.smt2,b848c37952224a9c09a9e65621e5e4506e7e1f0f300c9424b776d44c737bb233,tricera-extra-family,ADT-LIA-Arrays,valid-free,original,11593,16,false,https://github.com/chc-comp/tricera-adt-arr,0214c9fb4845013dc9ec5d1f8c4376efc6c6e365,full pinned adt-arr directory; duplicates and empty check-only inputs retained,substantive,1
extra-families/tricera-adt-arr/adt-arr/dll-rb-cnstr_1-1.i-valid-memtrack.smt2,acabaf34b6c633e4773017055de4e4eabc8fa8edda079bfc13bd0a5a135989fb,tricera-extra-family,ADT-LIA-Arrays,valid-memtrack,original,15408,21,true,https://github.com/chc-comp/tricera-adt-arr,0214c9fb4845013dc9ec5d1f8c4376efc6c6e365,full pinned adt-arr directory; duplicates and empty check-only inputs retained,substantive,1
extra-families/tricera-adt-arr/adt-arr/dll-rb-cnstr_1-2.i-unreach-call-pp.smt2,c64a1c22b6170b905be21b1cd0077c91068fe29fb6db553d4987c1bdd7db6a28,tricera-extra-family,ADT-LIA-Arrays,unreach-call,preprocessed,43679,86,false,https://github.com/chc-comp/tricera-adt-arr,0214c9fb4845013dc9ec5d1f8c4376efc6c6e365,full pinned adt-arr directory; duplicates and empty check-only inputs retained,substantive,1
extra-families/tricera-adt-arr/adt-arr/dll-rb-cnstr_1-2.i-unreach-call.smt2,0c22be5f6df5ef11dfee3ef96999bf4e0e73e7f73f55cb0f15ad6e8790b2c672,tricera-extra-family,ADT-LIA-Arrays,unreach-call,original,12388,17,false,https://github.com/chc-comp/tricera-adt-arr,0214c9fb4845013dc9ec5d1f8c4376efc6c6e365,full pinned adt-arr directory; duplicates and empty check-only inputs retained,substantive,1
extra-families/tricera-adt-arr/adt-arr/dll-rb-cnstr_1-2.i-valid-deref-pp.smt2,45b4e5fe20d96a836cc1ec4d72f6a22300d2d6ab104e2f37de7fb5808612d70a,tricera-extra-family,ADT-LIA-Arrays,valid-deref,preprocessed,278483,520,false,https://github.com/chc-comp/tricera-adt-arr,0214c9fb4845013dc9ec5d1f8c4376efc6c6e365,full pinned adt-arr directory; duplicates and empty check-only inputs retained,substantive,1
extra-families/tricera-adt-arr/adt-arr/dll-rb-cnstr_1-2.i-valid-deref.smt2,57deb0b5844ddcb3ba21d45ccfefba39d13831ca40bd2829874f976a649c202c,tricera-extra-family,ADT-LIA-Arrays,valid-deref,original,20242,71,false,https://github.com/chc-comp/tricera-adt-arr,0214c9fb4845013dc9ec5d1f8c4376efc6c6e365,full pinned adt-arr directory; duplicates and empty check-only inputs retained,substantive,1
extra-families/tricera-adt-arr/adt-arr/dll-rb-cnstr_1-2.i-valid-free-pp.smt2,4bf6a62fa01dd64ef59af3b7332e2ecc0ba503af7623dc7b95ce248c635c7473,tricera-extra-family,ADT-LIA-Arrays,valid-free,preprocessed,44519,95,false,https://github.com/chc-comp/tricera-adt-arr,0214c9fb4845013dc9ec5d1f8c4376efc6c6e365,full pinned adt-arr directory; duplicates and empty check-only inputs retained,substantive,1
extra-families/tricera-adt-arr/adt-arr/dll-rb-cnstr_1-2.i-valid-free.smt2,7a01a6d2cff1ca029ad223efcfe11dc62872beaa3da76780fa08dbf037e91bc8,tricera-extra-family,ADT-LIA-Arrays,valid-free,original,11379,16,false,https://github.com/chc-comp/tricera-adt-arr,0214c9fb4845013dc9ec5d1f8c4376efc6c6e365,full pinned adt-arr directory; duplicates and empty check-only inputs retained,substantive,1
extra-families/tricera-adt-arr/adt-arr/dll-rb-cnstr_1-2.i-valid-memtrack.smt2,0d3a43df6eb8cd3559dfff542f12ef8f50801939acda1303b0d3c38eb9fac75c,tricera-extra-family,ADT-LIA-Arrays,valid-memtrack,original,14628,17,true,https://github.com/chc-comp/tricera-adt-arr,0214c9fb4845013dc9ec5d1f8c4376efc6c6e365,full pinned adt-arr directory; duplicates and empty check-only inputs retained,substantive,1
extra-families/tricera-adt-arr/adt-arr/dll-rb-sentinel-1.i-unreach-call.smt2,6032f0e074a1d81c121d0bf7b04f45e0d632de4b597f559f6e8673afdb7e0751,tricera-extra-family,ADT-LIA-Arrays,unreach-call,original,15710,25,false,https://github.com/chc-comp/tricera-adt-arr,0214c9fb4845013dc9ec5d1f8c4376efc6c6e365,full pinned adt-arr directory; duplicates and empty check-only inputs retained,substantive,1
extra-families/tricera-adt-arr/adt-arr/dll-rb-sentinel-1.i-valid-deref-pp.smt2,829bd87e6e47b08afbee70044b347275d5f220a62b0c1eb138274cbcdfdc6a88,tricera-extra-family,ADT-LIA-Arrays,valid-deref,preprocessed,336275,656,false,https://github.com/chc-comp/tricera-adt-arr,0214c9fb4845013dc9ec5d1f8c4376efc6c6e365,full pinned adt-arr directory; duplicates and empty check-only inputs retained,substantive,1
extra-families/tricera-adt-arr/adt-arr/dll-rb-sentinel-1.i-valid-deref.smt2,1b92319e08ed090b4770fd9573fedd10c73fab7ff533c8a2b0422c4baa1608d1,tricera-extra-family,ADT-LIA-Arrays,valid-deref,original,25027,82,false,https://github.com/chc-comp/tricera-adt-arr,0214c9fb4845013dc9ec5d1f8c4376efc6c6e365,full pinned adt-arr directory; duplicates and empty check-only inputs retained,substantive,1
extra-families/tricera-adt-arr/adt-arr/dll-rb-sentinel-1.i-valid-free.smt2,828e66bb21e1042cf8ff1ce91f015b6201bf32a1d04fb2a248547382b874a06b,tricera-extra-family,ADT-LIA-Arrays,valid-free,original,13568,16,false,https://github.com/chc-comp/tricera-adt-arr,0214c9fb4845013dc9ec5d1f8c4376efc6c6e365,full pinned adt-arr directory; duplicates and empty check-only inputs retained,substantive,1
extra-families/tricera-adt-arr/adt-arr/dll-rb-sentinel-1.i-valid-memtrack.smt2,03dbd329be6ecb2c732bd9a6a62b4b7e330338c22dbfc1b5c2ed852e0ee63e8d,tricera-extra-family,ADT-LIA-Arrays,valid-memtrack,original,17340,21,true,https://github.com/chc-comp/tricera-adt-arr,0214c9fb4845013dc9ec5d1f8c4376efc6c6e365,full pinned adt-arr directory; duplicates and empty check-only inputs retained,substantive,1
extra-families/tricera-adt-arr/adt-arr/dll-rb-sentinel-2.i-unreach-call.smt2,3687e69f10c733c746f218912790293b0e15bfa53f897dc8c482ba6d7fd4e932,tricera-extra-family,ADT-LIA-Arrays,unreach-call,original,15711,25,false,https://github.com/chc-comp/tricera-adt-arr,0214c9fb4845013dc9ec5d1f8c4376efc6c6e365,full pinned adt-arr directory; duplicates and empty check-only inputs retained,substantive,1
extra-families/tricera-adt-arr/adt-arr/dll-rb-sentinel-2.i-valid-deref-pp.smt2,f2752198ad9fef61127efee2efc5040f225a363980eb019a4b82bf0929535e7b,tricera-extra-family,ADT-LIA-Arrays,valid-deref,preprocessed,336200,656,false,https://github.com/chc-comp/tricera-adt-arr,0214c9fb4845013dc9ec5d1f8c4376efc6c6e365,full pinned adt-arr directory; duplicates and empty check-only inputs retained,substantive,1
extra-families/tricera-adt-arr/adt-arr/dll-rb-sentinel-2.i-valid-deref.smt2,7d1eb097d2d07695f5085a9cc73351a034004282ef6bb006f66ff0943ded167d,tricera-extra-family,ADT-LIA-Arrays,valid-deref,original,25029,82,false,https://github.com/chc-comp/tricera-adt-arr,0214c9fb4845013dc9ec5d1f8c4376efc6c6e365,full pinned adt-arr directory; duplicates and empty check-only inputs retained,substantive,1
extra-families/tricera-adt-arr/adt-arr/dll-rb-sentinel-2.i-valid-free.smt2,17357e63df647cff8c753f00ee0dea89520f43539bc83eb2dc6ec4d180d11e2b,tricera-extra-family,ADT-LIA-Arrays,valid-free,original,13957,18,false,https://github.com/chc-comp/tricera-adt-arr,0214c9fb4845013dc9ec5d1f8c4376efc6c6e365,full pinned adt-arr directory; duplicates and empty check-only inputs retained,substantive,1
extra-families/tricera-adt-arr/adt-arr/dll-rb-sentinel-2.i-valid-memtrack.smt2,bdb176f3ee2912151e48c99b85ed53a2d5c6645a62406e2ad5a6009dd0245b19,tricera-extra-family,ADT-LIA-Arrays,valid-memtrack,original,17597,21,true,https://github.com/chc-comp/tricera-adt-arr,0214c9fb4845013dc9ec5d1f8c4376efc6c6e365,full pinned adt-arr directory; duplicates and empty check-only inputs retained,substantive,1
extra-families/tricera-adt-arr/adt-arr/dll-reverse.i-unreach-call-pp.smt2,20016047b3d9a2603360ec492ca778be1ac3792ace705e2c7d94e885713b92bb,tricera-extra-family,ADT-LIA-Arrays,unreach-call,preprocessed,63787,128,false,https://github.com/chc-comp/tricera-adt-arr,0214c9fb4845013dc9ec5d1f8c4376efc6c6e365,full pinned adt-arr directory; duplicates and empty check-only inputs retained,substantive,1
extra-families/tricera-adt-arr/adt-arr/dll-reverse.i-unreach-call.smt2,5f74689f812eb9dfa9e596ae0cd5a63e58f129bfecad46b06588fc66a15528ec,tricera-extra-family,ADT-LIA-Arrays,unreach-call,original,19125,24,false,https://github.com/chc-comp/tricera-adt-arr,0214c9fb4845013dc9ec5d1f8c4376efc6c6e365,full pinned adt-arr directory; duplicates and empty check-only inputs retained,substantive,1
extra-families/tricera-adt-arr/adt-arr/dll-reverse.i-valid-deref-pp.smt2,fa442493a993b01ef4183151ae268a9b5482246cee0c8f1e8aa90bf889b4e339,tricera-extra-family,ADT-LIA-Arrays,valid-deref,preprocessed,231110,498,false,https://github.com/chc-comp/tricera-adt-arr,0214c9fb4845013dc9ec5d1f8c4376efc6c6e365,full pinned adt-arr directory; duplicates and empty check-only inputs retained,substantive,1
extra-families/tricera-adt-arr/adt-arr/dll-reverse.i-valid-deref.smt2,04a335b25c181241a48bdd160d194c65694259a492da3fcc523a3524d8624ab5,tricera-extra-family,ADT-LIA-Arrays,valid-deref,original,28860,87,false,https://github.com/chc-comp/tricera-adt-arr,0214c9fb4845013dc9ec5d1f8c4376efc6c6e365,full pinned adt-arr directory; duplicates and empty check-only inputs retained,substantive,1
extra-families/tricera-adt-arr/adt-arr/dll-reverse.i-valid-free-pp.smt2,cdb31a785bf8585557f3aba23fa8568255f170e982368cba1a325c4519a22c14,tricera-extra-family,ADT-LIA-Arrays,valid-free,preprocessed,56161,117,false,https://github.com/chc-comp/tricera-adt-arr,0214c9fb4845013dc9ec5d1f8c4376efc6c6e365,full pinned adt-arr directory; duplicates and empty check-only inputs retained,substantive,1
extra-families/tricera-adt-arr/adt-arr/dll-reverse.i-valid-free.smt2,c98fb4acb34253d99d4c43b63873bda6705afd73fc46baa49dd0cb63224f0e03,tricera-extra-family,ADT-LIA-Arrays,valid-free,original,19918,18,false,https://github.com/chc-comp/tricera-adt-arr,0214c9fb4845013dc9ec5d1f8c4376efc6c6e365,full pinned adt-arr directory; duplicates and empty check-only inputs retained,substantive,1
extra-families/tricera-adt-arr/adt-arr/dll-reverse.i-valid-memtrack.smt2,734df1f4f66a6359dd8ef710486ba549874f3d16a90821d755cbbd8c8b72829d,tricera-extra-family,ADT-LIA-Arrays,valid-memtrack,original,22134,24,true,https://github.com/chc-comp/tricera-adt-arr,0214c9fb4845013dc9ec5d1f8c4376efc6c6e365,full pinned adt-arr directory; duplicates and empty check-only inputs retained,substantive,1
extra-families/tricera-adt-arr/adt-arr/dll-simple-white-blue-1.i-unreach-call-pp.smt2,7dfd2b0c22608c5318eb3831f6166fa9590160d9b79f5df83c01916a9c42837c,tricera-extra-family,ADT-LIA-Arrays,unreach-call,preprocessed,46458,89,false,https://github.com/chc-comp/tricera-adt-arr,0214c9fb4845013dc9ec5d1f8c4376efc6c6e365,full pinned adt-arr directory; duplicates and empty check-only inputs retained,substantive,1
extra-families/tricera-adt-arr/adt-arr/dll-simple-white-blue-1.i-unreach-call.smt2,468cdfe2d4df8ed597a20051d33af8226f31d6d780b4f4af353d4173df577af6,tricera-extra-family,ADT-LIA-Arrays,unreach-call,original,17340,17,false,https://github.com/chc-comp/tricera-adt-arr,0214c9fb4845013dc9ec5d1f8c4376efc6c6e365,full pinned adt-arr directory; duplicates and empty check-only inputs retained,substantive,1
extra-families/tricera-adt-arr/adt-arr/dll-simple-white-blue-1.i-valid-memcleanup.smt2,c9886e26571e596cf867cba7178ceae946c8a121955d8916ed921fa4b5f63b8b,tricera-extra-family,ADT-LIA-Arrays,valid-memcleanup,original,20958,19,true,https://github.com/chc-comp/tricera-adt-arr,0214c9fb4845013dc9ec5d1f8c4376efc6c6e365,full pinned adt-arr directory; duplicates and empty check-only inputs retained,substantive,1
extra-families/tricera-adt-arr/adt-arr/dll-simple-white-blue-2.i-unreach-call-pp.smt2,a3056c037b3e536d7adf73d71024da5b41872ce97bc53f90731e9812f8c6d6d3,tricera-extra-family,ADT-LIA-Arrays,unreach-call,preprocessed,44646,85,false,https://github.com/chc-comp/tricera-adt-arr,0214c9fb4845013dc9ec5d1f8c4376efc6c6e365,full pinned adt-arr directory; duplicates and empty check-only inputs retained,substantive,1
extra-families/tricera-adt-arr/adt-arr/dll-simple-white-blue-2.i-unreach-call.smt2,ecb27e4b8cffac59b37775b57ac803da29dc523239eb299f05b7924de5faa4ae,tricera-extra-family,ADT-LIA-Arrays,unreach-call,original,16485,17,false,https://github.com/chc-comp/tricera-adt-arr,0214c9fb4845013dc9ec5d1f8c4376efc6c6e365,full pinned adt-arr directory; duplicates and empty check-only inputs retained,substantive,1
extra-families/tricera-adt-arr/adt-arr/dll-simple-white-blue-2.i-valid-deref-pp.smt2,5b4366b498eb5b8a27a5e57093dd1ccc96835149fe236d878c369db68f93213f,tricera-extra-family,ADT-LIA-Arrays,valid-deref,preprocessed,184221,414,false,https://github.com/chc-comp/tricera-adt-arr,0214c9fb4845013dc9ec5d1f8c4376efc6c6e365,full pinned adt-arr directory; duplicates and empty check-only inputs retained,substantive,1
extra-families/tricera-adt-arr/adt-arr/dll-simple-white-blue-2.i-valid-deref.smt2,07793c029e08b65caed40490cd25c5e9d1aa41957a8406b20010ed01377a67b4,tricera-extra-family,ADT-LIA-Arrays,valid-deref,original,23024,79,false,https://github.com/chc-comp/tricera-adt-arr,0214c9fb4845013dc9ec5d1f8c4376efc6c6e365,full pinned adt-arr directory; duplicates and empty check-only inputs retained,substantive,1
extra-families/tricera-adt-arr/adt-arr/dll-simple-white-blue-2.i-valid-free-pp.smt2,9df89d87ae0f076728e4c22cee46abf8566a9f3d746890f0ce1d907c17a6e6a1,tricera-extra-family,ADT-LIA-Arrays,valid-free,preprocessed,44500,90,false,https://github.com/chc-comp/tricera-adt-arr,0214c9fb4845013dc9ec5d1f8c4376efc6c6e365,full pinned adt-arr directory; duplicates and empty check-only inputs retained,substantive,1
extra-families/tricera-adt-arr/adt-arr/dll-simple-white-blue-2.i-valid-free.smt2,78ececd6814505cc6b5498cc644764f4818707b6364cc991d64f187e4ea2656a,tricera-extra-family,ADT-LIA-Arrays,valid-free,original,16412,16,false,https://github.com/chc-comp/tricera-adt-arr,0214c9fb4845013dc9ec5d1f8c4376efc6c6e365,full pinned adt-arr directory; duplicates and empty check-only inputs retained,substantive,1
extra-families/tricera-adt-arr/adt-arr/dll-simple-white-blue-2.i-valid-memtrack.smt2,cbbd2fd80c39f0482157361528848018d694b64437b9b5db2adde6f8c28bbc7f,tricera-extra-family,ADT-LIA-Arrays,valid-memtrack,original,19966,19,true,https://github.com/chc-comp/tricera-adt-arr,0214c9fb4845013dc9ec5d1f8c4376efc6c6e365,full pinned adt-arr directory; duplicates and empty check-only inputs retained,substantive,1
extra-families/tricera-adt-arr/adt-arr/dll-sorted-1.i-unreach-call-pp.smt2,96e1ab3c1abffd17c18b7459d7176630a88f63c2f4f7e6c35ff9665b34fa799c,tricera-extra-family,ADT-LIA-Arrays,unreach-call,preprocessed,94941,185,false,https://github.com/chc-comp/tricera-adt-arr,0214c9fb4845013dc9ec5d1f8c4376efc6c6e365,full pinned adt-arr directory; duplicates and empty check-only inputs retained,substantive,1
extra-families/tricera-adt-arr/adt-arr/dll-sorted-1.i-unreach-call.smt2,c2f4c0c6a8ecd4f3c799ac76a2dea62d6ab944550dd368dfd74379c1792d2ab5,tricera-extra-family,ADT-LIA-Arrays,unreach-call,original,32447,32,false,https://github.com/chc-comp/tricera-adt-arr,0214c9fb4845013dc9ec5d1f8c4376efc6c6e365,full pinned adt-arr directory; duplicates and empty check-only inputs retained,substantive,1
extra-families/tricera-adt-arr/adt-arr/dll-sorted-1.i-valid-memcleanup.smt2,a06b87ae85561b498ed1f90f8a961a1e049d0476275b8bd772fe1b9514596980,tricera-extra-family,ADT-LIA-Arrays,valid-memcleanup,original,36514,29,true,https://github.com/chc-comp/tricera-adt-arr,0214c9fb4845013dc9ec5d1f8c4376efc6c6e365,full pinned adt-arr directory; duplicates and empty check-only inputs retained,substantive,1
extra-families/tricera-adt-arr/adt-arr/dll-sorted-2.i-unreach-call-pp.smt2,b2256f1d834b2d62a2dc55578125fde4d7240f4b0c0fad3791be05a37fcc3676,tricera-extra-family,ADT-LIA-Arrays,unreach-call,preprocessed,94939,185,false,https://github.com/chc-comp/tricera-adt-arr,0214c9fb4845013dc9ec5d1f8c4376efc6c6e365,full pinned adt-arr directory; duplicates and empty check-only inputs retained,substantive,1
extra-families/tricera-adt-arr/adt-arr/dll-sorted-2.i-unreach-call.smt2,f698ff2c6ddb010f210fc38c94bbabaaf035654b46690e462856ed86c29f41c6,tricera-extra-family,ADT-LIA-Arrays,unreach-call,original,32445,32,false,https://github.com/chc-comp/tricera-adt-arr,0214c9fb4845013dc9ec5d1f8c4376efc6c6e365,full pinned adt-arr directory; duplicates and empty check-only inputs retained,substantive,1
extra-families/tricera-adt-arr/adt-arr/dll-sorted-2.i-valid-deref-pp.smt2,c49af1a536e63f12dd57136ab456d6aaadc02718877b1f693f617f1330474536,tricera-extra-family,ADT-LIA-Arrays,valid-deref,preprocessed,234037,515,false,https://github.com/chc-comp/tricera-adt-arr,0214c9fb4845013dc9ec5d1f8c4376efc6c6e365,full pinned adt-arr directory; duplicates and empty check-only inputs retained,substantive,1
extra-families/tricera-adt-arr/adt-arr/dll-sorted-2.i-valid-deref.smt2,2e470951775a1ccfff6389cdd20a22c524750194eabb8145551215aa7ea460ba,tricera-extra-family,ADT-LIA-Arrays,valid-deref,original,32970,97,false,https://github.com/chc-comp/tricera-adt-arr,0214c9fb4845013dc9ec5d1f8c4376efc6c6e365,full pinned adt-arr directory; duplicates and empty check-only inputs retained,substantive,1
extra-families/tricera-adt-arr/adt-arr/dll-sorted-2.i-valid-free-pp.smt2,4553d9e376d4a77077c661362bc284656fc2a21e611b9e3927458d1f2ad95083,tricera-extra-family,ADT-LIA-Arrays,valid-free,preprocessed,89909,183,false,https://github.com/chc-comp/tricera-adt-arr,0214c9fb4845013dc9ec5d1f8c4376efc6c6e365,full pinned adt-arr directory; duplicates and empty check-only inputs retained,substantive,1
extra-families/tricera-adt-arr/adt-arr/dll-sorted-2.i-valid-free.smt2,682b2b3f41d121b0174a2c47718329ada0f3099975ca4949ae17c3977f245c2d,tricera-extra-family,ADT-LIA-Arrays,valid-free,original,26946,21,false,https://github.com/chc-comp/tricera-adt-arr,0214c9fb4845013dc9ec5d1f8c4376efc6c6e365,full pinned adt-arr directory; duplicates and empty check-only inputs retained,substantive,1
extra-families/tricera-adt-arr/adt-arr/dll-sorted-2.i-valid-memtrack.smt2,28d25c3b4c28557528eefb106d11f53d92cb60061e21ca747b9fb4fa1d4950d5,tricera-extra-family,ADT-LIA-Arrays,valid-memtrack,original,36516,29,true,https://github.com/chc-comp/tricera-adt-arr,0214c9fb4845013dc9ec5d1f8c4376efc6c6e365,full pinned adt-arr directory; duplicates and empty check-only inputs retained,substantive,1
extra-families/tricera-adt-arr/adt-arr/dll-token-1.i-unreach-call-pp.smt2,2fc126b0eea16959c532f2dfcc536246347a50f6187d226d1a6fd2e38524b185,tricera-extra-family,ADT-LIA-Arrays,unreach-call,preprocessed,32549,64,false,https://github.com/chc-comp/tricera-adt-arr,0214c9fb4845013dc9ec5d1f8c4376efc6c6e365,full pinned adt-arr directory; duplicates and empty check-only inputs retained,substantive,1
extra-families/tricera-adt-arr/adt-arr/dll-token-1.i-unreach-call.smt2,e845ca6e238c5e5317ebe72cf582418ab85021c212ad22be030280901d9e5e71,tricera-extra-family,ADT-LIA-Arrays,unreach-call,original,12034,19,false,https://github.com/chc-comp/tricera-adt-arr,0214c9fb4845013dc9ec5d1f8c4376efc6c6e365,full pinned adt-arr directory; duplicates and empty check-only inputs retained,substantive,1
extra-families/tricera-adt-arr/adt-arr/dll-token-1.i-valid-deref-pp.smt2,9cae0a965975f5c0b8479366870d061276dbc9c5d3426b34fe6d90a2d7495964,tricera-extra-family,ADT-LIA-Arrays,valid-deref,preprocessed,133114,288,false,https://github.com/chc-comp/tricera-adt-arr,0214c9fb4845013dc9ec5d1f8c4376efc6c6e365,full pinned adt-arr directory; duplicates and empty check-only inputs retained,substantive,1
extra-families/tricera-adt-arr/adt-arr/dll-token-1.i-valid-deref.smt2,600fc514f9dd4e3909cbb5ee6507f2e6e7f6cd48d325dc2a53b62d7fb135f91c,tricera-extra-family,ADT-LIA-Arrays,valid-deref,original,17418,60,false,https://github.com/chc-comp/tricera-adt-arr,0214c9fb4845013dc9ec5d1f8c4376efc6c6e365,full pinned adt-arr directory; duplicates and empty check-only inputs retained,substantive,1
extra-families/tricera-adt-arr/adt-arr/dll-token-1.i-valid-free-pp.smt2,a1fa729cfd2d033d04a5641c1201541546800870ef82ae3f5be41319a40270ab,tricera-extra-family,ADT-LIA-Arrays,valid-free,preprocessed,33445,75,false,https://github.com/chc-comp/tricera-adt-arr,0214c9fb4845013dc9ec5d1f8c4376efc6c6e365,full pinned adt-arr directory; duplicates and empty check-only inputs retained,substantive,1
extra-families/tricera-adt-arr/adt-arr/dll-token-1.i-valid-free.smt2,4b19efbb434f12e0efacfca2520baafd425b0ff55457415566822490001fb984,tricera-extra-family,ADT-LIA-Arrays,valid-free,original,9147,13,false,https://github.com/chc-comp/tricera-adt-arr,0214c9fb4845013dc9ec5d1f8c4376efc6c6e365,full pinned adt-arr directory; duplicates and empty check-only inputs retained,substantive,1
extra-families/tricera-adt-arr/adt-arr/dll-token-1.i-valid-memtrack.smt2,a83e807da35c69e992340582861c0853559fae77f6c19754499d7a44de41131d,tricera-extra-family,ADT-LIA-Arrays,valid-memtrack,original,14158,16,true,https://github.com/chc-comp/tricera-adt-arr,0214c9fb4845013dc9ec5d1f8c4376efc6c6e365,full pinned adt-arr directory; duplicates and empty check-only inputs retained,substantive,1
extra-families/tricera-adt-arr/adt-arr/dll-token-2.i-unreach-call-pp.smt2,05339f67af63ca3a1867f3c61ec3ed714bbc7e2739e7ebb55a1508bf5e17bfcf,tricera-extra-family,ADT-LIA-Arrays,unreach-call,preprocessed,32472,64,false,https://github.com/chc-comp/tricera-adt-arr,0214c9fb4845013dc9ec5d1f8c4376efc6c6e365,full pinned adt-arr directory; duplicates and empty check-only inputs retained,substantive,1
extra-families/tricera-adt-arr/adt-arr/dll-token-2.i-unreach-call.smt2,3408bad995063e3da47b27d20a08adac722929a815c1be0411285ba34d82ea94,tricera-extra-family,ADT-LIA-Arrays,unreach-call,original,12036,19,false,https://github.com/chc-comp/tricera-adt-arr,0214c9fb4845013dc9ec5d1f8c4376efc6c6e365,full pinned adt-arr directory; duplicates and empty check-only inputs retained,substantive,1
extra-families/tricera-adt-arr/adt-arr/dll-token-2.i-valid-memcleanup.smt2,20927f66612cdc1b3b8018072280d2d18e75ecd3f5de85755233ceb82124c05c,tricera-extra-family,ADT-LIA-Arrays,valid-memcleanup,original,14156,16,true,https://github.com/chc-comp/tricera-adt-arr,0214c9fb4845013dc9ec5d1f8c4376efc6c6e365,full pinned adt-arr directory; duplicates and empty check-only inputs retained,substantive,1
extra-families/tricera-adt-arr/adt-arr/dll.i-valid-deref-pp.smt2,10d4a5ca91054f81362d7c94b213c343539b732d247b9f22adbd47fa4376e2aa,tricera-extra-family,ADT-LIA-Arrays,valid-deref,preprocessed,70925,164,false,https://github.com/chc-comp/tricera-adt-arr,0214c9fb4845013dc9ec5d1f8c4376efc6c6e365,full pinned adt-arr directory; duplicates and empty check-only inputs retained,substantive,1
extra-families/tricera-adt-arr/adt-arr/dll.i-valid-deref.smt2,4c201acdb7adccc54b0012dee18f336bd4ec39cf8a0c05677579160ef8bc630b,tricera-extra-family,ADT-LIA-Arrays,valid-deref,original,11018,32,false,https://github.com/chc-comp/tricera-adt-arr,0214c9fb4845013dc9ec5d1f8c4376efc6c6e365,full pinned adt-arr directory; duplicates and empty check-only inputs retained,substantive,1
extra-families/tricera-adt-arr/adt-arr/dll.i-valid-free-pp.smt2,4fd57ab0cf8964a061429c57d5730518becfdf5fe13a1e299ae3ac31ad9c99df,tricera-extra-family,ADT-LIA-Arrays,valid-free,preprocessed,16142,35,false,https://github.com/chc-comp/tricera-adt-arr,0214c9fb4845013dc9ec5d1f8c4376efc6c6e365,full pinned adt-arr directory; duplicates and empty check-only inputs retained,substantive,1
extra-families/tricera-adt-arr/adt-arr/dll.i-valid-free.smt2,cdb0acf8bdf979db7435cd9ed9e12837536033447ca1616015f63947974bb0e1,tricera-extra-family,ADT-LIA-Arrays,valid-free,original,5473,8,false,https://github.com/chc-comp/tricera-adt-arr,0214c9fb4845013dc9ec5d1f8c4376efc6c6e365,full pinned adt-arr directory; duplicates and empty check-only inputs retained,substantive,1
extra-families/tricera-adt-arr/adt-arr/dll.i-valid-memtrack.smt2,c98f0871de0d75b7ecee5d17675689652b0e9e60bc0166c2e66ece820cc9ebe2,tricera-extra-family,ADT-LIA-Arrays,valid-memtrack,original,6572,9,true,https://github.com/chc-comp/tricera-adt-arr,0214c9fb4845013dc9ec5d1f8c4376efc6c6e365,full pinned adt-arr directory; duplicates and empty check-only inputs retained,substantive,1
extra-families/tricera-adt-arr/adt-arr/dll2c_remove_all.i-unreach-call.smt2,fa01eb12308ea14fc7f65751328dbde8faa7280fc97d64117eff93c6786f1e33,tricera-extra-family,ADT-LIA-Arrays,unreach-call,original,15366,13,false,https://github.com/chc-comp/tricera-adt-arr,0214c9fb4845013dc9ec5d1f8c4376efc6c6e365,full pinned adt-arr directory; duplicates and empty check-only inputs retained,substantive,1
extra-families/tricera-adt-arr/adt-arr/dll2c_remove_all.i-valid-deref.smt2,7ef284c8ead6bf4c88eea2a9d8d02ca5697475a5a5a4fdc45b83011493d1c882,tricera-extra-family,ADT-LIA-Arrays,valid-deref,original,22323,50,false,https://github.com/chc-comp/tricera-adt-arr,0214c9fb4845013dc9ec5d1f8c4376efc6c6e365,full pinned adt-arr directory; duplicates and empty check-only inputs retained,substantive,1
extra-families/tricera-adt-arr/adt-arr/dll2c_remove_all.i-valid-free.smt2,6570fad98281dad9e721275339d7ed99ce28d345f225d14afba607621c9dade8,tricera-extra-family,ADT-LIA-Arrays,valid-free,original,15711,15,false,https://github.com/chc-comp/tricera-adt-arr,0214c9fb4845013dc9ec5d1f8c4376efc6c6e365,full pinned adt-arr directory; duplicates and empty check-only inputs retained,substantive,1
extra-families/tricera-adt-arr/adt-arr/dll2c_remove_all.i-valid-memtrack.smt2,ba9533adddecb000f0e08ff1fe09b772e570ba4e4edd377fe051222f40f72dab,tricera-extra-family,ADT-LIA-Arrays,valid-memtrack,original,17730,15,true,https://github.com/chc-comp/tricera-adt-arr,0214c9fb4845013dc9ec5d1f8c4376efc6c6e365,full pinned adt-arr directory; duplicates and empty check-only inputs retained,substantive,1
extra-families/tricera-adt-arr/adt-arr/dll2c_remove_all_reverse.i-unreach-call.smt2,7931ee8762441d8488cf830ff0e94a848f08d03575ed838e704a8a66ffa8be73,tricera-extra-family,ADT-LIA-Arrays,unreach-call,original,15293,13,false,https://github.com/chc-comp/tricera-adt-arr,0214c9fb4845013dc9ec5d1f8c4376efc6c6e365,full pinned adt-arr directory; duplicates and empty check-only inputs retained,substantive,1
extra-families/tricera-adt-arr/adt-arr/dll2c_remove_all_reverse.i-valid-deref.smt2,9ab9f615c9f4b8ac33f22d40ef75614354f6cbdfd758f9419bfee03944e410b2,tricera-extra-family,ADT-LIA-Arrays,valid-deref,original,22231,50,false,https://github.com/chc-comp/tricera-adt-arr,0214c9fb4845013dc9ec5d1f8c4376efc6c6e365,full pinned adt-arr directory; duplicates and empty check-only inputs retained,substantive,1
extra-families/tricera-adt-arr/adt-arr/dll2c_remove_all_reverse.i-valid-free.smt2,6ae2bd3dd6d3390370455b460e10dfe140c88be2f587f097ca9fc152de77147e,tricera-extra-family,ADT-LIA-Arrays,valid-free,original,15647,15,false,https://github.com/chc-comp/tricera-adt-arr,0214c9fb4845013dc9ec5d1f8c4376efc6c6e365,full pinned adt-arr directory; duplicates and empty check-only inputs retained,substantive,1
extra-families/tricera-adt-arr/adt-arr/dll2c_remove_all_reverse.i-valid-memtrack.smt2,faaf1f84b1e99b9e0d4ce0c331f03b3dc513f1a230d5093d6240637b70e73156,tricera-extra-family,ADT-LIA-Arrays,valid-memtrack,original,17658,15,true,https://github.com/chc-comp/tricera-adt-arr,0214c9fb4845013dc9ec5d1f8c4376efc6c6e365,full pinned adt-arr directory; duplicates and empty check-only inputs retained,substantive,1
extra-families/tricera-adt-arr/adt-arr/dll2n_remove_all.i-unreach-call-pp.smt2,b633856042d1f54f179be6adcc0817452b6fe769cd45e54a5fd0f5f02fbf9a96,tricera-extra-family,ADT-LIA-Arrays,unreach-call,preprocessed,19202,41,false,https://github.com/chc-comp/tricera-adt-arr,0214c9fb4845013dc9ec5d1f8c4376efc6c6e365,full pinned adt-arr directory; duplicates and empty check-only inputs retained,substantive,1
extra-families/tricera-adt-arr/adt-arr/dll2n_remove_all.i-unreach-call.smt2,76209e7f3065ca00028e055fef1fcff997cd5c4c07146596487f6dfb00578a6f,tricera-extra-family,ADT-LIA-Arrays,unreach-call,original,9708,11,false,https://github.com/chc-comp/tricera-adt-arr,0214c9fb4845013dc9ec5d1f8c4376efc6c6e365,full pinned adt-arr directory; duplicates and empty check-only inputs retained,substantive,1
extra-families/tricera-adt-arr/adt-arr/dll2n_remove_all.i-valid-deref-pp.smt2,a28b336bf7e5465e94ecdf23d1d16c9a73b76ccc92bdacdff4a1ae4760f7732e,tricera-extra-family,ADT-LIA-Arrays,valid-deref,preprocessed,52256,110,false,https://github.com/chc-comp/tricera-adt-arr,0214c9fb4845013dc9ec5d1f8c4376efc6c6e365,full pinned adt-arr directory; duplicates and empty check-only inputs retained,substantive,1
extra-families/tricera-adt-arr/adt-arr/dll2n_remove_all.i-valid-deref.smt2,e13439ed07d383c108395f81187233699f57f8aea70b8d498f1c40448c15ccf9,tricera-extra-family,ADT-LIA-Arrays,valid-deref,original,12146,25,false,https://github.com/chc-comp/tricera-adt-arr,0214c9fb4845013dc9ec5d1f8c4376efc6c6e365,full pinned adt-arr directory; duplicates and empty check-only inputs retained,substantive,1
extra-families/tricera-adt-arr/adt-arr/dll2n_remove_all.i-valid-free-pp.smt2,2a4b80e46f7281fad218b41bbca1be0cab0327705a7dfd2608d66a3f55b166aa,tricera-extra-family,ADT-LIA-Arrays,valid-free,preprocessed,22471,48,false,https://github.com/chc-comp/tricera-adt-arr,0214c9fb4845013dc9ec5d1f8c4376efc6c6e365,full pinned adt-arr directory; duplicates and empty check-only inputs retained,substantive,1
extra-families/tricera-adt-arr/adt-arr/dll2n_remove_all.i-valid-free.smt2,8726b834e72a6ba7b98e1e8e3cb63610a2049f15e712da0555e895afbca29d7b,tricera-extra-family,ADT-LIA-Arrays,valid-free,original,10390,11,false,https://github.com/chc-comp/tricera-adt-arr,0214c9fb4845013dc9ec5d1f8c4376efc6c6e365,full pinned adt-arr directory; duplicates and empty check-only inputs retained,substantive,1
extra-families/tricera-adt-arr/adt-arr/dll2n_remove_all.i-valid-memtrack.smt2,73b76db5cc7c2b19b86f421ce0a37b00338f38f59e0291446065c76447344edd,tricera-extra-family,ADT-LIA-Arrays,valid-memtrack,original,11361,13,true,https://github.com/chc-comp/tricera-adt-arr,0214c9fb4845013dc9ec5d1f8c4376efc6c6e365,full pinned adt-arr directory; duplicates and empty check-only inputs retained,substantive,1
extra-families/tricera-adt-arr/adt-arr/dll2n_remove_all_reverse.i-unreach-call-pp.smt2,f153ca34114f50ececdd37525bd74efcaef1e20ac636ce03616a3bfd4a4dfaba,tricera-extra-family,ADT-LIA-Arrays,unreach-call,preprocessed,21296,45,false,https://github.com/chc-comp/tricera-adt-arr,0214c9fb4845013dc9ec5d1f8c4376efc6c6e365,full pinned adt-arr directory; duplicates and empty check-only inputs retained,substantive,1
extra-families/tricera-adt-arr/adt-arr/dll2n_remove_all_reverse.i-unreach-call.smt2,e4eeacf2a22557d98e612000d4f9d15e214a317a6813246b3d7f94df6c9da735,tricera-extra-family,ADT-LIA-Arrays,unreach-call,original,10658,13,false,https://github.com/chc-comp/tricera-adt-arr,0214c9fb4845013dc9ec5d1f8c4376efc6c6e365,full pinned adt-arr directory; duplicates and empty check-only inputs retained,substantive,1
extra-families/tricera-adt-arr/adt-arr/dll2n_remove_all_reverse.i-valid-deref-pp.smt2,962a54f70eb2a40bbb3926cbbe63710eadb864c46149a5cb26edebb8dcaeeef8,tricera-extra-family,ADT-LIA-Arrays,valid-deref,preprocessed,55864,118,false,https://github.com/chc-comp/tricera-adt-arr,0214c9fb4845013dc9ec5d1f8c4376efc6c6e365,full pinned adt-arr directory; duplicates and empty check-only inputs retained,substantive,1
extra-families/tricera-adt-arr/adt-arr/dll2n_remove_all_reverse.i-valid-deref.smt2,fe4c0a86b7601a42282e16036435b9d6092139117fb6cfb0afb98834b0ede89a,tricera-extra-family,ADT-LIA-Arrays,valid-deref,original,13983,30,false,https://github.com/chc-comp/tricera-adt-arr,0214c9fb4845013dc9ec5d1f8c4376efc6c6e365,full pinned adt-arr directory; duplicates and empty check-only inputs retained,substantive,1
extra-families/tricera-adt-arr/adt-arr/dll2n_remove_all_reverse.i-valid-free-pp.smt2,086cd817b550cd1de48f8371b08a7d97ebd988fa9e0fd116fd82ebceac737252,tricera-extra-family,ADT-LIA-Arrays,valid-free,preprocessed,24995,53,false,https://github.com/chc-comp/tricera-adt-arr,0214c9fb4845013dc9ec5d1f8c4376efc6c6e365,full pinned adt-arr directory; duplicates and empty check-only inputs retained,substantive,1
extra-families/tricera-adt-arr/adt-arr/dll2n_remove_all_reverse.i-valid-free.smt2,6a7718a91e26fc074a8f7175157066640aa162d9fad6cb7d86075442fcd7ae1c,tricera-extra-family,ADT-LIA-Arrays,valid-free,original,11035,15,false,https://github.com/chc-comp/tricera-adt-arr,0214c9fb4845013dc9ec5d1f8c4376efc6c6e365,full pinned adt-arr directory; duplicates and empty check-only inputs retained,substantive,1
extra-families/tricera-adt-arr/adt-arr/dll2n_remove_all_reverse.i-valid-memtrack.smt2,a1211959402dd49d9f1bc52f8e059bc3f0dffda05bacb8864fd7ab386578cb81,tricera-extra-family,ADT-LIA-Arrays,valid-memtrack,original,12400,15,true,https://github.com/chc-comp/tricera-adt-arr,0214c9fb4845013dc9ec5d1f8c4376efc6c6e365,full pinned adt-arr directory; duplicates and empty check-only inputs retained,substantive,1
extra-families/tricera-adt-arr/adt-arr/dll_circular_traversal-1.i-valid-deref-pp.smt2,ad1161d22690598630e2de0815768cbb0e2b0f5951e18397f1ed0f517e75be8e,tricera-extra-family,ADT-LIA-Arrays,valid-deref,preprocessed,69791,155,false,https://github.com/chc-comp/tricera-adt-arr,0214c9fb4845013dc9ec5d1f8c4376efc6c6e365,full pinned adt-arr directory; duplicates and empty check-only inputs retained,substantive,1
extra-families/tricera-adt-arr/adt-arr/dll_circular_traversal-1.i-valid-deref.smt2,4897ff81f9a6dacd86546e7e8ea37d367c20f5828f9c5401ad1b8c29b9296721,tricera-extra-family,ADT-LIA-Arrays,valid-deref,original,18571,46,false,https://github.com/chc-comp/tricera-adt-arr,0214c9fb4845013dc9ec5d1f8c4376efc6c6e365,full pinned adt-arr directory; duplicates and empty check-only inputs retained,substantive,1
extra-families/tricera-adt-arr/adt-arr/dll_circular_traversal-1.i-valid-free.smt2,1740eb73fc87454eac2058d74fba21fb0141dcdc2062bf4227e80fcaba4900e9,tricera-extra-family,ADT-LIA-Arrays,valid-free,original,11729,12,false,https://github.com/chc-comp/tricera-adt-arr,0214c9fb4845013dc9ec5d1f8c4376efc6c6e365,full pinned adt-arr directory; duplicates and empty check-only inputs retained,substantive,1
extra-families/tricera-adt-arr/adt-arr/dll_circular_traversal-1.i-valid-memtrack.smt2,b1568467637c65128c2d7953c6db3e3cb39a7abeb8d1cfd203c2bd8878cec33d,tricera-extra-family,ADT-LIA-Arrays,valid-memtrack,original,14523,15,true,https://github.com/chc-comp/tricera-adt-arr,0214c9fb4845013dc9ec5d1f8c4376efc6c6e365,full pinned adt-arr directory; duplicates and empty check-only inputs retained,substantive,1
extra-families/tricera-adt-arr/adt-arr/dll_circular_traversal-2.i-unreach-call-pp.smt2,c66b9076d51c154908273a8196e54fd113d4eab96b344b8e386186f2c72eac92,tricera-extra-family,ADT-LIA-Arrays,unreach-call,preprocessed,24750,53,false,https://github.com/chc-comp/tricera-adt-arr,0214c9fb4845013dc9ec5d1f8c4376efc6c6e365,full pinned adt-arr directory; duplicates and empty check-only inputs retained,substantive,1
extra-families/tricera-adt-arr/adt-arr/dll_circular_traversal-2.i-unreach-call.smt2,b730185b597acfedaaf876e2d022b8f868d42fd1acf38bd8b96c2d037fb8395b,tricera-extra-family,ADT-LIA-Arrays,unreach-call,original,12371,14,false,https://github.com/chc-comp/tricera-adt-arr,0214c9fb4845013dc9ec5d1f8c4376efc6c6e365,full pinned adt-arr directory; duplicates and empty check-only inputs retained,substantive,1
extra-families/tricera-adt-arr/adt-arr/dll_circular_traversal-2.i-valid-deref-pp.smt2,2f40cd4f565e54d79f795aa393034dedb53e7d9e9417edc1feda24e15e0d2f23,tricera-extra-family,ADT-LIA-Arrays,valid-deref,preprocessed,76722,173,false,https://github.com/chc-comp/tricera-adt-arr,0214c9fb4845013dc9ec5d1f8c4376efc6c6e365,full pinned adt-arr directory; duplicates and empty check-only inputs retained,substantive,1
extra-families/tricera-adt-arr/adt-arr/dll_circular_traversal-2.i-valid-deref.smt2,c4b10d9e724b0eb42bcc3855e688f1f32740380faaf03db7ae793419a818bcb1,tricera-extra-family,ADT-LIA-Arrays,valid-deref,original,19607,49,false,https://github.com/chc-comp/tricera-adt-arr,0214c9fb4845013dc9ec5d1f8c4376efc6c6e365,full pinned adt-arr directory; duplicates and empty check-only inputs retained,substantive,1
extra-families/tricera-adt-arr/adt-arr/dll_circular_traversal-2.i-valid-free.smt2,72c36ff244015ff3cb82fc55dad24f488591898e663ad1f36191f44b59296163,tricera-extra-family,ADT-LIA-Arrays,valid-free,original,12064,12,false,https://github.com/chc-comp/tricera-adt-arr,0214c9fb4845013dc9ec5d1f8c4376efc6c6e365,full pinned adt-arr directory; duplicates and empty check-only inputs retained,substantive,1
extra-families/tricera-adt-arr/adt-arr/dll_circular_traversal-2.i-valid-memtrack.smt2,c1180a0fb162c6e5419ea58b668bbe71ad29f54965492768e3e723f4fb043a4d,tricera-extra-family,ADT-LIA-Arrays,valid-memtrack,original,14954,16,true,https://github.com/chc-comp/tricera-adt-arr,0214c9fb4845013dc9ec5d1f8c4376efc6c6e365,full pinned adt-arr directory; duplicates and empty check-only inputs retained,substantive,1
extra-families/tricera-adt-arr/adt-arr/dll_nondet_free_order-1.i-valid-deref-pp.smt2,8f498303c25ca40ecd9757593422c01724791590d483e039b4b6141e2d4f7c34,tricera-extra-family,ADT-LIA-Arrays,valid-deref,preprocessed,38887,82,false,https://github.com/chc-comp/tricera-adt-arr,0214c9fb4845013dc9ec5d1f8c4376efc6c6e365,full pinned adt-arr directory; duplicates and empty check-only inputs retained,substantive,1
extra-families/tricera-adt-arr/adt-arr/dll_nondet_free_order-1.i-valid-deref.smt2,1056a29104d3e0f5278d87aa1dc9bea2436837b3ff9c7fdd3e6883f2fd9d372b,tricera-extra-family,ADT-LIA-Arrays,valid-deref,original,10287,29,false,https://github.com/chc-comp/tricera-adt-arr,0214c9fb4845013dc9ec5d1f8c4376efc6c6e365,full pinned adt-arr directory; duplicates and empty check-only inputs retained,substantive,1
extra-families/tricera-adt-arr/adt-arr/dll_nondet_free_order-1.i-valid-free-pp.smt2,a922eba661581a81c6caf8c19d9c814ed6bc3bceb4874d3bb595e7c3e2b381d6,tricera-extra-family,ADT-LIA-Arrays,valid-free,preprocessed,85957,182,false,https://github.com/chc-comp/tricera-adt-arr,0214c9fb4845013dc9ec5d1f8c4376efc6c6e365,full pinned adt-arr directory; duplicates and empty check-only inputs retained,substantive,1
extra-families/tricera-adt-arr/adt-arr/dll_nondet_free_order-1.i-valid-free.smt2,948505c5e92450f9cf68dc94670f43f01ce9fad1a70d1af6080eab978ed2ad11,tricera-extra-family,ADT-LIA-Arrays,valid-free,original,17326,37,false,https://github.com/chc-comp/tricera-adt-arr,0214c9fb4845013dc9ec5d1f8c4376efc6c6e365,full pinned adt-arr directory; duplicates and empty check-only inputs retained,substantive,1
extra-families/tricera-adt-arr/adt-arr/dll_nondet_free_order-1.i-valid-memtrack.smt2,23245e0afd2097b2961cd1f76c8d6bf4ce07d7b5fb11d6021c2d050b9d979df6,tricera-extra-family,ADT-LIA-Arrays,valid-memtrack,original,21658,14,true,https://github.com/chc-comp/tricera-adt-arr,0214c9fb4845013dc9ec5d1f8c4376efc6c6e365,full pinned adt-arr directory; duplicates and empty check-only inputs retained,substantive,1
extra-families/tricera-adt-arr/adt-arr/dll_nondet_free_order-2.i-valid-deref-pp.smt2,d1030ee8d976b3de4d260f11c08032cb52e75a5fcfc0a84853ed67454f8b2de7,tricera-extra-family,ADT-LIA-Arrays,valid-deref,preprocessed,38893,82,false,https://github.com/chc-comp/tricera-adt-arr,0214c9fb4845013dc9ec5d1f8c4376efc6c6e365,full pinned adt-arr directory; duplicates and empty check-only inputs retained,substantive,1
extra-families/tricera-adt-arr/adt-arr/dll_nondet_free_order-2.i-valid-deref.smt2,ed52e63b245bed1bddee3773a9c39c8e3b5af26eecf52da5f6c9b22068727b0b,tricera-extra-family,ADT-LIA-Arrays,valid-deref,original,10287,29,false,https://github.com/chc-comp/tricera-adt-arr,0214c9fb4845013dc9ec5d1f8c4376efc6c6e365,full pinned adt-arr directory; duplicates and empty check-only inputs retained,substantive,1
extra-families/tricera-adt-arr/adt-arr/dll_nondet_free_order-2.i-valid-free-pp.smt2,e7daa1a7ea20fb6be7e1d68dc53ec4ef9ff399048099bbaf40ba09ba9bfb4ed3,tricera-extra-family,ADT-LIA-Arrays,valid-free,preprocessed,80108,170,false,https://github.com/chc-comp/tricera-adt-arr,0214c9fb4845013dc9ec5d1f8c4376efc6c6e365,full pinned adt-arr directory; duplicates and empty check-only inputs retained,substantive,1
extra-families/tricera-adt-arr/adt-arr/dll_nondet_free_order-2.i-valid-free.smt2,3e1973a42c87d23604dc4580cbd0940a4a3130999d479b8626ec352746c2e664,tricera-extra-family,ADT-LIA-Arrays,valid-free,original,16814,35,false,https://github.com/chc-comp/tricera-adt-arr,0214c9fb4845013dc9ec5d1f8c4376efc6c6e365,full pinned adt-arr directory; duplicates and empty check-only inputs retained,substantive,1
extra-families/tricera-adt-arr/adt-arr/dll_nondet_free_order-2.i-valid-memtrack.smt2,202ca5dcdc14252a13d78289fa0198f2ecf6bba55628e211344d0ee1d91531ff,tricera-extra-family,ADT-LIA-Arrays,valid-memtrack,original,21317,14,true,https://github.com/chc-comp/tricera-adt-arr,0214c9fb4845013dc9ec5d1f8c4376efc6c6e365,full pinned adt-arr directory; duplicates and empty check-only inputs retained,substantive,1
extra-families/tricera-adt-arr/adt-arr/dll_nullified-1.i-unreach-call-pp.smt2,dc30bce4a2fbd01fbf3e86e06713972a07b62d4c0e6a027ef63e04aa960641b8,tricera-extra-family,ADT-LIA-Arrays,unreach-call,preprocessed,57038,109,false,https://github.com/chc-comp/tricera-adt-arr,0214c9fb4845013dc9ec5d1f8c4376efc6c6e365,full pinned adt-arr directory; duplicates and empty check-only inputs retained,substantive,1
extra-families/tricera-adt-arr/adt-arr/dll_nullified-1.i-unreach-call.smt2,3858fe3a68ab218451488dedc1f3a6218d08b3a521b06954154f0ec8e02f6364,tricera-extra-family,ADT-LIA-Arrays,unreach-call,original,20843,21,false,https://github.com/chc-comp/tricera-adt-arr,0214c9fb4845013dc9ec5d1f8c4376efc6c6e365,full pinned adt-arr directory; duplicates and empty check-only inputs retained,substantive,1
extra-families/tricera-adt-arr/adt-arr/dll_nullified-1.i-valid-memcleanup.smt2,85bc8c992a44d4185c7bd1d6a58fe6517f027b3713dec14cfed28e7dcce86643,tricera-extra-family,ADT-LIA-Arrays,valid-memcleanup,original,23847,23,true,https://github.com/chc-comp/tricera-adt-arr,0214c9fb4845013dc9ec5d1f8c4376efc6c6e365,full pinned adt-arr directory; duplicates and empty check-only inputs retained,substantive,1
extra-families/tricera-adt-arr/adt-arr/dll_nullified-2.i-unreach-call-pp.smt2,81df39e5cc6d748219679faf9276d8a5fc48e948bf82cfbd549825dd9faff054,tricera-extra-family,ADT-LIA-Arrays,unreach-call,preprocessed,34241,68,false,https://github.com/chc-comp/tricera-adt-arr,0214c9fb4845013dc9ec5d1f8c4376efc6c6e365,full pinned adt-arr directory; duplicates and empty check-only inputs retained,substantive,1
extra-families/tricera-adt-arr/adt-arr/dll_nullified-2.i-unreach-call.smt2,e43ff477a2420745e8cf2eee2c4ad107c58a5b4881cb5e31cdf7568e10a01884,tricera-extra-family,ADT-LIA-Arrays,unreach-call,original,15397,19,false,https://github.com/chc-comp/tricera-adt-arr,0214c9fb4845013dc9ec5d1f8c4376efc6c6e365,full pinned adt-arr directory; duplicates and empty check-only inputs retained,substantive,1
extra-families/tricera-adt-arr/adt-arr/dll_nullified-2.i-valid-deref-pp.smt2,513395ab504bd638ed1629cdce7b0971586ca5fc35b4cd433da50b10cfaeee1b,tricera-extra-family,ADT-LIA-Arrays,valid-deref,preprocessed,107517,199,false,https://github.com/chc-comp/tricera-adt-arr,0214c9fb4845013dc9ec5d1f8c4376efc6c6e365,full pinned adt-arr directory; duplicates and empty check-only inputs retained,substantive,1
extra-families/tricera-adt-arr/adt-arr/dll_nullified-2.i-valid-deref.smt2,06340bb51b274aaf39aa1101f4aa69355e70335260fd7c48c9c844437b9d6031,tricera-extra-family,ADT-LIA-Arrays,valid-deref,original,16226,46,false,https://github.com/chc-comp/tricera-adt-arr,0214c9fb4845013dc9ec5d1f8c4376efc6c6e365,full pinned adt-arr directory; duplicates and empty check-only inputs retained,substantive,1
extra-families/tricera-adt-arr/adt-arr/dll_nullified-2.i-valid-free-pp.smt2,990abd270c390fe65fc16d386002c583a90f192180d92bbd1e41e5ba26e1fd73,tricera-extra-family,ADT-LIA-Arrays,valid-free,preprocessed,28102,52,false,https://github.com/chc-comp/tricera-adt-arr,0214c9fb4845013dc9ec5d1f8c4376efc6c6e365,full pinned adt-arr directory; duplicates and empty check-only inputs retained,substantive,1
extra-families/tricera-adt-arr/adt-arr/dll_nullified-2.i-valid-free.smt2,4832fb297e7c210729e1dc724fdb28c4cf54f4c5749d41823420ca48f3ba73ee,tricera-extra-family,ADT-LIA-Arrays,valid-free,original,12843,11,false,https://github.com/chc-comp/tricera-adt-arr,0214c9fb4845013dc9ec5d1f8c4376efc6c6e365,full pinned adt-arr directory; duplicates and empty check-only inputs retained,substantive,1
extra-families/tricera-adt-arr/adt-arr/dll_nullified-2.i-valid-memtrack.smt2,790f6563b0da04771ce5a14c2a97e95c970d9a0bdd57a2f13f548382e93b4adc,tricera-extra-family,ADT-LIA-Arrays,valid-memtrack,original,17708,21,true,https://github.com/chc-comp/tricera-adt-arr,0214c9fb4845013dc9ec5d1f8c4376efc6c6e365,full pinned adt-arr directory; duplicates and empty check-only inputs retained,substantive,1
extra-families/tricera-adt-arr/adt-arr/hash_fun.i-unreach-call-pp.smt2,4fa5669999471d1c45f3e37cfd723a3a7228905a8feb2a4bb34399e06e9b1bfd,tricera-extra-family,ADT-LIA-Arrays,unreach-call,preprocessed,10254,23,false,https://github.com/chc-comp/tricera-adt-arr,0214c9fb4845013dc9ec5d1f8c4376efc6c6e365,full pinned adt-arr directory; duplicates and empty check-only inputs retained,substantive,1
extra-families/tricera-adt-arr/adt-arr/hash_fun.i-unreach-call.smt2,7ab429963cf2f26b840252591de77a1aaff5a165c95d2fe2e8aad826c5327371,tricera-extra-family,ADT-LIA-Arrays,unreach-call,original,6868,11,false,https://github.com/chc-comp/tricera-adt-arr,0214c9fb4845013dc9ec5d1f8c4376efc6c6e365,full pinned adt-arr directory; duplicates and empty check-only inputs retained,substantive,1
extra-families/tricera-adt-arr/adt-arr/length_test03-1.i-valid-deref-pp.smt2,645319f5d0d6853365bed107558557360bb5f12bf241a3a69fa92709012c1117,tricera-extra-family,ADT-LIA-Arrays,valid-deref,preprocessed,338602,665,false,https://github.com/chc-comp/tricera-adt-arr,0214c9fb4845013dc9ec5d1f8c4376efc6c6e365,full pinned adt-arr directory; duplicates and empty check-only inputs retained,substantive,1
extra-families/tricera-adt-arr/adt-arr/length_test03-1.i-valid-deref.smt2,b6ccaafb1a8e80cb97776a314294762a7d49878a3a803bf873add33c6a5c84ae,tricera-extra-family,ADT-LIA-Arrays,valid-deref,original,45885,104,false,https://github.com/chc-comp/tricera-adt-arr,0214c9fb4845013dc9ec5d1f8c4376efc6c6e365,full pinned adt-arr directory; duplicates and empty check-only inputs retained,substantive,1
extra-families/tricera-adt-arr/adt-arr/length_test03-1.i-valid-free-pp.smt2,b055afb69c6826b706af0351e94c41c2d8772f1023239d3fa6d0f39d4ac02205,tricera-extra-family,ADT-LIA-Arrays,valid-free,preprocessed,90566,175,false,https://github.com/chc-comp/tricera-adt-arr,0214c9fb4845013dc9ec5d1f8c4376efc6c6e365,full pinned adt-arr directory; duplicates and empty check-only inputs retained,substantive,1
extra-families/tricera-adt-arr/adt-arr/length_test03-1.i-valid-free.smt2,372832c019d2bb5622c7ad81ab5fca6cecd881738419dd06ee94f8ed6681aae5,tricera-extra-family,ADT-LIA-Arrays,valid-free,original,38066,21,false,https://github.com/chc-comp/tricera-adt-arr,0214c9fb4845013dc9ec5d1f8c4376efc6c6e365,full pinned adt-arr directory; duplicates and empty check-only inputs retained,substantive,1
extra-families/tricera-adt-arr/adt-arr/length_test03-1.i-valid-memtrack.smt2,d09c81b577bb944e8ad36bf3acad01e77fdffdc2e90e0b49a51b6c36c103b236,tricera-extra-family,ADT-LIA-Arrays,valid-memtrack,original,38333,16,true,https://github.com/chc-comp/tricera-adt-arr,0214c9fb4845013dc9ec5d1f8c4376efc6c6e365,full pinned adt-arr directory; duplicates and empty check-only inputs retained,substantive,1
extra-families/tricera-adt-arr/adt-arr/length_test03-2.i-valid-deref-pp.smt2,e3befede104593406817134b4c9b614c19fd444598b33753ecbebede6c1d8c7f,tricera-extra-family,ADT-LIA-Arrays,valid-deref,preprocessed,338705,665,false,https://github.com/chc-comp/tricera-adt-arr,0214c9fb4845013dc9ec5d1f8c4376efc6c6e365,full pinned adt-arr directory; duplicates and empty check-only inputs retained,substantive,1
extra-families/tricera-adt-arr/adt-arr/length_test03-2.i-valid-deref.smt2,4317fa3109c60532d42b59e0acca1fc8683d7d97d2b428fa76c8868cb4eaa7a7,tricera-extra-family,ADT-LIA-Arrays,valid-deref,original,44136,104,false,https://github.com/chc-comp/tricera-adt-arr,0214c9fb4845013dc9ec5d1f8c4376efc6c6e365,full pinned adt-arr directory; duplicates and empty check-only inputs retained,substantive,1
extra-families/tricera-adt-arr/adt-arr/length_test03-2.i-valid-free-pp.smt2,62b92c0211a4e1d93969174adaad828a70feacee1479f341d3ed8fe90a0fb6b2,tricera-extra-family,ADT-LIA-Arrays,valid-free,preprocessed,90587,175,false,https://github.com/chc-comp/tricera-adt-arr,0214c9fb4845013dc9ec5d1f8c4376efc6c6e365,full pinned adt-arr directory; duplicates and empty check-only inputs retained,substantive,1
extra-families/tricera-adt-arr/adt-arr/length_test03-2.i-valid-free.smt2,a95772675ef3e026dd4ca14745ba0c80d1a9144543a44967315b24822ff30641,tricera-extra-family,ADT-LIA-Arrays,valid-free,original,36100,21,false,https://github.com/chc-comp/tricera-adt-arr,0214c9fb4845013dc9ec5d1f8c4376efc6c6e365,full pinned adt-arr directory; duplicates and empty check-only inputs retained,substantive,1
extra-families/tricera-adt-arr/adt-arr/length_test03-2.i-valid-memtrack.smt2,16c3c326814e1763708994ab56812f84ae9133ee244a8486b0e49c282f8d6abc,tricera-extra-family,ADT-LIA-Arrays,valid-memtrack,original,36706,16,true,https://github.com/chc-comp/tricera-adt-arr,0214c9fb4845013dc9ec5d1f8c4376efc6c6e365,full pinned adt-arr directory; duplicates and empty check-only inputs retained,substantive,1
extra-families/tricera-adt-arr/adt-arr/list-1.i-unreach-call-pp.smt2,a21eefd2d3f4586ce2cfe93ff8954300ccf8ae169199fd7f2edb564d25d5af5d,tricera-extra-family,ADT-LIA-Arrays,unreach-call,preprocessed,16537,33,false,https://github.com/chc-comp/tricera-adt-arr,0214c9fb4845013dc9ec5d1f8c4376efc6c6e365,full pinned adt-arr directory; duplicates and empty check-only inputs retained,substantive,1
extra-families/tricera-adt-arr/adt-arr/list-1.i-unreach-call.smt2,1633897fbe541447d01ea85dfb5448239500aefe14918f1b45d8a7c0192dfbee,tricera-extra-family,ADT-LIA-Arrays,unreach-call,original,9817,17,false,https://github.com/chc-comp/tricera-adt-arr,0214c9fb4845013dc9ec5d1f8c4376efc6c6e365,full pinned adt-arr directory; duplicates and empty check-only inputs retained,substantive,1
extra-families/tricera-adt-arr/adt-arr/list-1.i-valid-deref-pp.smt2,72df7ed23fc3076dcf37cd6ed91568cf668376dee0a3abad09175876c9ea9795,tricera-extra-family,ADT-LIA-Arrays,valid-deref,preprocessed,51281,105,false,https://github.com/chc-comp/tricera-adt-arr,0214c9fb4845013dc9ec5d1f8c4376efc6c6e365,full pinned adt-arr directory; duplicates and empty check-only inputs retained,substantive,1
extra-families/tricera-adt-arr/adt-arr/list-1.i-valid-deref.smt2,414373a28c4213ae1e63b9aa591fc1c3dcf65f48a665cac2919d602f7eaf1084,tricera-extra-family,ADT-LIA-Arrays,valid-deref,original,14782,42,false,https://github.com/chc-comp/tricera-adt-arr,0214c9fb4845013dc9ec5d1f8c4376efc6c6e365,full pinned adt-arr directory; duplicates and empty check-only inputs retained,substantive,1
extra-families/tricera-adt-arr/adt-arr/list-1.i-valid-free-pp.smt2,f81a9e158829f0c17f3dffca97347599b524c403c24bc4def4359d187000e6a9,tricera-extra-family,ADT-LIA-Arrays,valid-free,preprocessed,139,0,false,https://github.com/chc-comp/tricera-adt-arr,0214c9fb4845013dc9ec5d1f8c4376efc6c6e365,full pinned adt-arr directory; duplicates and empty check-only inputs retained,empty-check-only,5
extra-families/tricera-adt-arr/adt-arr/list-1.i-valid-free.smt2,d26a92f2e6c1a1a5350c0eaf5b5a8ed6502e49a61b5665f8d9a61e7a3a8daa5e,tricera-extra-family,ADT-LIA-Arrays,valid-free,original,9048,15,false,https://github.com/chc-comp/tricera-adt-arr,0214c9fb4845013dc9ec5d1f8c4376efc6c6e365,full pinned adt-arr directory; duplicates and empty check-only inputs retained,substantive,1
extra-families/tricera-adt-arr/adt-arr/list-1.i-valid-memtrack.smt2,40dfd38b06fd3d96d87be2bcc0580022ddf238fb07dfec809ec80ef978ec1b19,tricera-extra-family,ADT-LIA-Arrays,valid-memtrack,original,12463,19,true,https://github.com/chc-comp/tricera-adt-arr,0214c9fb4845013dc9ec5d1f8c4376efc6c6e365,full pinned adt-arr directory; duplicates and empty check-only inputs retained,substantive,1
extra-families/tricera-adt-arr/adt-arr/list-2.i-unreach-call-pp.smt2,144e67fc1731d26a371183f6d542d3642e1348ec819aa80eba8aa49247aefb81,tricera-extra-family,ADT-LIA-Arrays,unreach-call,preprocessed,16531,33,false,https://github.com/chc-comp/tricera-adt-arr,0214c9fb4845013dc9ec5d1f8c4376efc6c6e365,full pinned adt-arr directory; duplicates and empty check-only inputs retained,substantive,1
extra-families/tricera-adt-arr/adt-arr/list-2.i-unreach-call.smt2,3eacd9b9ad0fd94f26beb0cca331f2d0779000449f8fb0148297fcae80538676,tricera-extra-family,ADT-LIA-Arrays,unreach-call,original,9819,17,false,https://github.com/chc-comp/tricera-adt-arr,0214c9fb4845013dc9ec5d1f8c4376efc6c6e365,full pinned adt-arr directory; duplicates and empty check-only inputs retained,substantive,1
extra-families/tricera-adt-arr/adt-arr/list-2.i-valid-memcleanup.smt2,8b76faebcecbf8b280b669a27c48b5d1ec32bf27bd5b283e4d240930ebe76936,tricera-extra-family,ADT-LIA-Arrays,valid-memcleanup,original,12463,19,true,https://github.com/chc-comp/tricera-adt-arr,0214c9fb4845013dc9ec5d1f8c4376efc6c6e365,full pinned adt-arr directory; duplicates and empty check-only inputs retained,substantive,1
extra-families/tricera-adt-arr/adt-arr/list-ext.i-unreach-call-pp.smt2,8cd324b963610a4d47db05345cf713df41d6ec5614dfc25458686ff25ec1f96b,tricera-extra-family,ADT-LIA-Arrays,unreach-call,preprocessed,23413,46,false,https://github.com/chc-comp/tricera-adt-arr,0214c9fb4845013dc9ec5d1f8c4376efc6c6e365,full pinned adt-arr directory; duplicates and empty check-only inputs retained,substantive,1
extra-families/tricera-adt-arr/adt-arr/list-ext.i-unreach-call.smt2,788128efb76913c5525f0c4c8b0c18c968616240f69a905e1ec90e48c2a6a802,tricera-extra-family,ADT-LIA-Arrays,unreach-call,original,15849,21,false,https://github.com/chc-comp/tricera-adt-arr,0214c9fb4845013dc9ec5d1f8c4376efc6c6e365,full pinned adt-arr directory; duplicates and empty check-only inputs retained,substantive,1
extra-families/tricera-adt-arr/adt-arr/list-ext.i-valid-deref-pp.smt2,c1a694729797f2298795f765bd0d3b3d968a88acd66715e512fe5af2b9555f63,tricera-extra-family,ADT-LIA-Arrays,valid-deref,preprocessed,56222,121,false,https://github.com/chc-comp/tricera-adt-arr,0214c9fb4845013dc9ec5d1f8c4376efc6c6e365,full pinned adt-arr directory; duplicates and empty check-only inputs retained,substantive,1
extra-families/tricera-adt-arr/adt-arr/list-ext.i-valid-deref.smt2,cdad508361767290988a0987045d211c49e783681bc927f288a16ffd4950177d,tricera-extra-family,ADT-LIA-Arrays,valid-deref,original,21491,52,false,https://github.com/chc-comp/tricera-adt-arr,0214c9fb4845013dc9ec5d1f8c4376efc6c6e365,full pinned adt-arr directory; duplicates and empty check-only inputs retained,substantive,1
extra-families/tricera-adt-arr/adt-arr/list-ext.i-valid-free-pp.smt2,3c98ac29e050e4e58c85a1c317c97ce94288608d0ddc4539e504fcbef2cb28a4,tricera-extra-family,ADT-LIA-Arrays,valid-free,preprocessed,28214,60,false,https://github.com/chc-comp/tricera-adt-arr,0214c9fb4845013dc9ec5d1f8c4376efc6c6e365,full pinned adt-arr directory; duplicates and empty check-only inputs retained,substantive,1
extra-families/tricera-adt-arr/adt-arr/list-ext.i-valid-free.smt2,fd2654f04b1ad975a0ef60c8e3b82ad6d183032856cb811420686ca48db4f66b,tricera-extra-family,ADT-LIA-Arrays,valid-free,original,17700,23,false,https://github.com/chc-comp/tricera-adt-arr,0214c9fb4845013dc9ec5d1f8c4376efc6c6e365,full pinned adt-arr directory; duplicates and empty check-only inputs retained,substantive,1
extra-families/tricera-adt-arr/adt-arr/list-ext.i-valid-memtrack.smt2,3df7995a951155e561823479032cc24a562d9573483e2a59b02c550537125233,tricera-extra-family,ADT-LIA-Arrays,valid-memtrack,original,19094,23,true,https://github.com/chc-comp/tricera-adt-arr,0214c9fb4845013dc9ec5d1f8c4376efc6c6e365,full pinned adt-arr directory; duplicates and empty check-only inputs retained,substantive,1
extra-families/tricera-adt-arr/adt-arr/list-ext_1.i-valid-deref-pp.smt2,268a64b26031092afb86435f4438582e48ebad9c74ebfe35dd7fbad370facec6,tricera-extra-family,ADT-LIA-Arrays,valid-deref,preprocessed,56209,121,false,https://github.com/chc-comp/tricera-adt-arr,0214c9fb4845013dc9ec5d1f8c4376efc6c6e365,full pinned adt-arr directory; duplicates and empty check-only inputs retained,substantive,1
extra-families/tricera-adt-arr/adt-arr/list-ext_1.i-valid-deref.smt2,a7fe7db29535774163120fadfcfe0b032f7fd5b1da108ca26bd3656706b4e28f,tricera-extra-family,ADT-LIA-Arrays,valid-deref,original,21485,52,false,https://github.com/chc-comp/tricera-adt-arr,0214c9fb4845013dc9ec5d1f8c4376efc6c6e365,full pinned adt-arr directory; duplicates and empty check-only inputs retained,substantive,1
extra-families/tricera-adt-arr/adt-arr/list-ext_1.i-valid-free-pp.smt2,22a5ae8e8add1c67b2543be1d305f9d744085206507c0d31e6b7ad46e48a1b0d,tricera-extra-family,ADT-LIA-Arrays,valid-free,preprocessed,28149,60,false,https://github.com/chc-comp/tricera-adt-arr,0214c9fb4845013dc9ec5d1f8c4376efc6c6e365,full pinned adt-arr directory; duplicates and empty check-only inputs retained,substantive,1
extra-families/tricera-adt-arr/adt-arr/list-ext_1.i-valid-free.smt2,aafef7538336ce04cc0494b616fd5645f807b09f1be9a0ea3d2b719a53647838,tricera-extra-family,ADT-LIA-Arrays,valid-free,original,17688,23,false,https://github.com/chc-comp/tricera-adt-arr,0214c9fb4845013dc9ec5d1f8c4376efc6c6e365,full pinned adt-arr directory; duplicates and empty check-only inputs retained,substantive,1
extra-families/tricera-adt-arr/adt-arr/list-ext_1.i-valid-memtrack.smt2,6d8a83d9cd3f9145797f00ebdc43305c0ab11411a93f5b890b9c991d373899b0,tricera-extra-family,ADT-LIA-Arrays,valid-memtrack,original,19082,23,true,https://github.com/chc-comp/tricera-adt-arr,0214c9fb4845013dc9ec5d1f8c4376efc6c6e365,full pinned adt-arr directory; duplicates and empty check-only inputs retained,substantive,1
extra-families/tricera-adt-arr/adt-arr/list-ext_flag_1.i-valid-deref-pp.smt2,0d959fd19107ab851382fbe7ff7ee92c88c47634b8e2c65df133a8759e5ade1d,tricera-extra-family,ADT-LIA-Arrays,valid-deref,preprocessed,49020,112,false,https://github.com/chc-comp/tricera-adt-arr,0214c9fb4845013dc9ec5d1f8c4376efc6c6e365,full pinned adt-arr directory; duplicates and empty check-only inputs retained,substantive,1
extra-families/tricera-adt-arr/adt-arr/list-ext_flag_1.i-valid-deref.smt2,ac0bb3f5b09412d2fbc086534f9c3a10ec7eb644794939240241d59b20a7df6f,tricera-extra-family,ADT-LIA-Arrays,valid-deref,original,19569,51,false,https://github.com/chc-comp/tricera-adt-arr,0214c9fb4845013dc9ec5d1f8c4376efc6c6e365,full pinned adt-arr directory; duplicates and empty check-only inputs retained,substantive,1
extra-families/tricera-adt-arr/adt-arr/list-ext_flag_1.i-valid-free-pp.smt2,c6f3210a59b6fedef3acf7870fd45aba10526750b2020b33ca73f590e46146c8,tricera-extra-family,ADT-LIA-Arrays,valid-free,preprocessed,32284,62,false,https://github.com/chc-comp/tricera-adt-arr,0214c9fb4845013dc9ec5d1f8c4376efc6c6e365,full pinned adt-arr directory; duplicates and empty check-only inputs retained,substantive,1
extra-families/tricera-adt-arr/adt-arr/list-ext_flag_1.i-valid-free.smt2,ed6a28f0e2bedaae167613ef594c253d92bef09e78d0f7895b79b8b9a7c903cb,tricera-extra-family,ADT-LIA-Arrays,valid-free,original,17490,19,false,https://github.com/chc-comp/tricera-adt-arr,0214c9fb4845013dc9ec5d1f8c4376efc6c6e365,full pinned adt-arr directory; duplicates and empty check-only inputs retained,substantive,1
extra-families/tricera-adt-arr/adt-arr/list-ext_flag_1.i-valid-memtrack.smt2,2c43fb55b78d405aca8c1e94f8737246a384970fbcba0aa4ffae73664d4b0200,tricera-extra-family,ADT-LIA-Arrays,valid-memtrack,original,20745,21,true,https://github.com/chc-comp/tricera-adt-arr,0214c9fb4845013dc9ec5d1f8c4376efc6c6e365,full pinned adt-arr directory; duplicates and empty check-only inputs retained,substantive,1
extra-families/tricera-adt-arr/adt-arr/list_and_tree_cnstr-1.i-unreach-call.smt2,a53a18b8cce692dd58a44c67ee3950592316cd92b7537bb17c7c230538af37ff,tricera-extra-family,ADT-LIA-Arrays,unreach-call,original,31432,39,false,https://github.com/chc-comp/tricera-adt-arr,0214c9fb4845013dc9ec5d1f8c4376efc6c6e365,full pinned adt-arr directory; duplicates and empty check-only inputs retained,substantive,1
extra-families/tricera-adt-arr/adt-arr/list_and_tree_cnstr-2.i-unreach-call.smt2,2fe2300b0f1f724568eb549c045b206a1b8313f61bbd9c6772374176763bc1ef,tricera-extra-family,ADT-LIA-Arrays,unreach-call,original,31430,39,false,https://github.com/chc-comp/tricera-adt-arr,0214c9fb4845013dc9ec5d1f8c4376efc6c6e365,full pinned adt-arr directory; duplicates and empty check-only inputs retained,substantive,1
extra-families/tricera-adt-arr/adt-arr/list_flag-1.i-unreach-call-pp.smt2,818cd9b23dce643769a4752b925b7d69c3a4572e9a98907bca02389111cdc494,tricera-extra-family,ADT-LIA-Arrays,unreach-call,preprocessed,18290,37,false,https://github.com/chc-comp/tricera-adt-arr,0214c9fb4845013dc9ec5d1f8c4376efc6c6e365,full pinned adt-arr directory; duplicates and empty check-only inputs retained,substantive,1
extra-families/tricera-adt-arr/adt-arr/list_flag-1.i-unreach-call.smt2,25b1dd39f3d3ff704ddcc60bdfd6157cb4cfe615f93c77cfb8123b81486eed0f,tricera-extra-family,ADT-LIA-Arrays,unreach-call,original,11601,16,false,https://github.com/chc-comp/tricera-adt-arr,0214c9fb4845013dc9ec5d1f8c4376efc6c6e365,full pinned adt-arr directory; duplicates and empty check-only inputs retained,substantive,1
extra-families/tricera-adt-arr/adt-arr/list_flag-1.i-valid-memcleanup.smt2,953e7115b964de87fc7c813b626c446647a7198cdfed8c5e8954a42bfa00a528,tricera-extra-family,ADT-LIA-Arrays,valid-memcleanup,original,15047,19,true,https://github.com/chc-comp/tricera-adt-arr,0214c9fb4845013dc9ec5d1f8c4376efc6c6e365,full pinned adt-arr directory; duplicates and empty check-only inputs retained,substantive,1
extra-families/tricera-adt-arr/adt-arr/list_flag-2.i-unreach-call-pp.smt2,35b39b17faf62240f24e8abc2a75e205d1c6a47b3c9f2c3a7badc7ea6d56c3f3,tricera-extra-family,ADT-LIA-Arrays,unreach-call,preprocessed,18294,37,false,https://github.com/chc-comp/tricera-adt-arr,0214c9fb4845013dc9ec5d1f8c4376efc6c6e365,full pinned adt-arr directory; duplicates and empty check-only inputs retained,substantive,1
extra-families/tricera-adt-arr/adt-arr/list_flag-2.i-unreach-call.smt2,3e0115248c12bc2b637723bc295d8bec03e9b5fc53bf25d9a80667ea2b7a1800,tricera-extra-family,ADT-LIA-Arrays,unreach-call,original,11599,16,false,https://github.com/chc-comp/tricera-adt-arr,0214c9fb4845013dc9ec5d1f8c4376efc6c6e365,full pinned adt-arr directory; duplicates and empty check-only inputs retained,substantive,1
extra-families/tricera-adt-arr/adt-arr/list_flag-2.i-valid-deref-pp.smt2,c11d7c2a31a82f94cbeade9785c2c703230ecb4843e616df7196d4afe9b8f9e1,tricera-extra-family,ADT-LIA-Arrays,valid-deref,preprocessed,25066,64,false,https://github.com/chc-comp/tricera-adt-arr,0214c9fb4845013dc9ec5d1f8c4376efc6c6e365,full pinned adt-arr directory; duplicates and empty check-only inputs retained,substantive,1
extra-families/tricera-adt-arr/adt-arr/list_flag-2.i-valid-deref.smt2,e7c7760b4bbe3de64fe2f74603430e2650a7716eddfb631dee225015add72dba,tricera-extra-family,ADT-LIA-Arrays,valid-deref,original,14930,36,false,https://github.com/chc-comp/tricera-adt-arr,0214c9fb4845013dc9ec5d1f8c4376efc6c6e365,full pinned adt-arr directory; duplicates and empty check-only inputs retained,substantive,1
extra-families/tricera-adt-arr/adt-arr/list_flag-2.i-valid-free-pp.smt2,f81a9e158829f0c17f3dffca97347599b524c403c24bc4def4359d187000e6a9,tricera-extra-family,ADT-LIA-Arrays,valid-free,preprocessed,139,0,false,https://github.com/chc-comp/tricera-adt-arr,0214c9fb4845013dc9ec5d1f8c4376efc6c6e365,full pinned adt-arr directory; duplicates and empty check-only inputs retained,empty-check-only,5
extra-families/tricera-adt-arr/adt-arr/list_flag-2.i-valid-free.smt2,10a5cdb48b522ada6e4d776aad89886324e29813ecac16f34b3cd63d04e43e8c,tricera-extra-family,ADT-LIA-Arrays,valid-free,original,10024,13,false,https://github.com/chc-comp/tricera-adt-arr,0214c9fb4845013dc9ec5d1f8c4376efc6c6e365,full pinned adt-arr directory; duplicates and empty check-only inputs retained,substantive,1
extra-families/tricera-adt-arr/adt-arr/list_flag-2.i-valid-memtrack.smt2,63ae218240a215bd381f2a791336be598543b18b7e3292ce49a9564779028e53,tricera-extra-family,ADT-LIA-Arrays,valid-memtrack,original,15047,19,true,https://github.com/chc-comp/tricera-adt-arr,0214c9fb4845013dc9ec5d1f8c4376efc6c6e365,full pinned adt-arr directory; duplicates and empty check-only inputs retained,substantive,1
extra-families/tricera-adt-arr/adt-arr/list_search-1.i-unreach-call-pp.smt2,76eeb1f1e23048e24bd0b4aedfb7be4b18720a2f3fc74297aefda5646a7beb2e,tricera-extra-family,ADT-LIA-Arrays,unreach-call,preprocessed,56435,114,false,https://github.com/chc-comp/tricera-adt-arr,0214c9fb4845013dc9ec5d1f8c4376efc6c6e365,full pinned adt-arr directory; duplicates and empty check-only inputs retained,substantive,1
extra-families/tricera-adt-arr/adt-arr/list_search-1.i-unreach-call.smt2,c6574df79ef2db0e0642bcbbb975a05b8cc918e159f68ec3767230a1686639d4,tricera-extra-family,ADT-LIA-Arrays,unreach-call,original,29123,16,false,https://github.com/chc-comp/tricera-adt-arr,0214c9fb4845013dc9ec5d1f8c4376efc6c6e365,full pinned adt-arr directory; duplicates and empty check-only inputs retained,substantive,1
extra-families/tricera-adt-arr/adt-arr/list_search-1.i-valid-memcleanup.smt2,f76568a1a081dd085f24407a05a8a40091e5cf0dcf77d164da24de337b99a7e3,tricera-extra-family,ADT-LIA-Arrays,valid-memcleanup,original,34022,18,true,https://github.com/chc-comp/tricera-adt-arr,0214c9fb4845013dc9ec5d1f8c4376efc6c6e365,full pinned adt-arr directory; duplicates and empty check-only inputs retained,substantive,1
extra-families/tricera-adt-arr/adt-arr/list_search-2.i-unreach-call-pp.smt2,54d390564f3b71591a4182ecb91fb19181b19ff1f12c17b9b2b12c2993813760,tricera-extra-family,ADT-LIA-Arrays,unreach-call,preprocessed,50156,99,false,https://github.com/chc-comp/tricera-adt-arr,0214c9fb4845013dc9ec5d1f8c4376efc6c6e365,full pinned adt-arr directory; duplicates and empty check-only inputs retained,substantive,1
extra-families/tricera-adt-arr/adt-arr/list_search-2.i-unreach-call.smt2,f4cbc45b6be9de094ccadeb05144ca57bd9aac6eb1faabfcad7199493ffea628,tricera-extra-family,ADT-LIA-Arrays,unreach-call,original,37580,22,false,https://github.com/chc-comp/tricera-adt-arr,0214c9fb4845013dc9ec5d1f8c4376efc6c6e365,full pinned adt-arr directory; duplicates and empty check-only inputs retained,substantive,1
extra-families/tricera-adt-arr/adt-arr/list_search-2.i-valid-memcleanup.smt2,dca9b34a8269d5eb2703c7693475ab3bbf83cfe26b70c24be5da05e91508ab42,tricera-extra-family,ADT-LIA-Arrays,valid-memcleanup,original,43297,24,true,https://github.com/chc-comp/tricera-adt-arr,0214c9fb4845013dc9ec5d1f8c4376efc6c6e365,full pinned adt-arr directory; duplicates and empty check-only inputs retained,substantive,1
extra-families/tricera-adt-arr/adt-arr/lockfree-3.0.i-valid-deref-pp.smt2,2accd6ece715a6a1b4413fd117c753ac4ac4982b42545fbdeca9c692eefe3474,tricera-extra-family,ADT-LIA-Arrays,valid-deref,preprocessed,34136,83,false,https://github.com/chc-comp/tricera-adt-arr,0214c9fb4845013dc9ec5d1f8c4376efc6c6e365,full pinned adt-arr directory; duplicates and empty check-only inputs retained,substantive,1
extra-families/tricera-adt-arr/adt-arr/lockfree-3.0.i-valid-deref.smt2,222a8abdc175ea7518487066503cfc5cfd4d5a0bb7017c5930c75527b5ff90d8,tricera-extra-family,ADT-LIA-Arrays,valid-deref,original,23601,46,false,https://github.com/chc-comp/tricera-adt-arr,0214c9fb4845013dc9ec5d1f8c4376efc6c6e365,full pinned adt-arr directory; duplicates and empty check-only inputs retained,substantive,1
extra-families/tricera-adt-arr/adt-arr/lockfree-3.0.i-valid-free-pp.smt2,3d23689e2ad35405a572729befb96c5aa0aed9d6536055f430f8ab43d27fe4b6,tricera-extra-family,ADT-LIA-Arrays,valid-free,preprocessed,21586,49,false,https://github.com/chc-comp/tricera-adt-arr,0214c9fb4845013dc9ec5d1f8c4376efc6c6e365,full pinned adt-arr directory; duplicates and empty check-only inputs retained,substantive,1
extra-families/tricera-adt-arr/adt-arr/lockfree-3.0.i-valid-free.smt2,e9af52073f35afcb852de2ee7d83cb598dd7fa64d4a7b33d99d1dc317d406fea,tricera-extra-family,ADT-LIA-Arrays,valid-free,original,17304,27,false,https://github.com/chc-comp/tricera-adt-arr,0214c9fb4845013dc9ec5d1f8c4376efc6c6e365,full pinned adt-arr directory; duplicates and empty check-only inputs retained,substantive,1
extra-families/tricera-adt-arr/adt-arr/lockfree-3.0.i-valid-memtrack.smt2,5eec9d9f964b275b1f80af43f7ce093765b11e396a70f292ef5ba0d308c67b5f,tricera-extra-family,ADT-LIA-Arrays,valid-memtrack,original,19354,28,true,https://github.com/chc-comp/tricera-adt-arr,0214c9fb4845013dc9ec5d1f8c4376efc6c6e365,full pinned adt-arr directory; duplicates and empty check-only inputs retained,substantive,1
extra-families/tricera-adt-arr/adt-arr/min_max.i-unreach-call-pp.smt2,3642342fb0d0b3bf20867f704197ce422f337e299aec26ba196ad39993ce7365,tricera-extra-family,ADT-LIA-Arrays,unreach-call,preprocessed,27035,51,false,https://github.com/chc-comp/tricera-adt-arr,0214c9fb4845013dc9ec5d1f8c4376efc6c6e365,full pinned adt-arr directory; duplicates and empty check-only inputs retained,substantive,1
extra-families/tricera-adt-arr/adt-arr/min_max.i-unreach-call.smt2,e0a51b0a85e63e2a3e315aab5decb7990d30c1499795d03b512640310f9f463f,tricera-extra-family,ADT-LIA-Arrays,unreach-call,original,12205,15,false,https://github.com/chc-comp/tricera-adt-arr,0214c9fb4845013dc9ec5d1f8c4376efc6c6e365,full pinned adt-arr directory; duplicates and empty check-only inputs retained,substantive,1
extra-families/tricera-adt-arr/adt-arr/packet_filter.i-unreach-call-pp.smt2,33c7d56789620af446daf6e457f6990284a5ee3eade747a13ffd32fc74368ed5,tricera-extra-family,ADT-LIA-Arrays,unreach-call,preprocessed,26161,46,false,https://github.com/chc-comp/tricera-adt-arr,0214c9fb4845013dc9ec5d1f8c4376efc6c6e365,full pinned adt-arr directory; duplicates and empty check-only inputs retained,substantive,1
extra-families/tricera-adt-arr/adt-arr/packet_filter.i-unreach-call.smt2,4b60b68d3b34e0fe9fa8d33d25480354a4d51c744bd68d1600857e0a38126c62,tricera-extra-family,ADT-LIA-Arrays,unreach-call,original,26081,22,false,https://github.com/chc-comp/tricera-adt-arr,0214c9fb4845013dc9ec5d1f8c4376efc6c6e365,full pinned adt-arr directory; duplicates and empty check-only inputs retained,substantive,1
extra-families/tricera-adt-arr/adt-arr/process_queue.i-unreach-call-pp.smt2,146d2c6f7bf39fc7615eff1b6037fa26df896b576c10f5ec6c6378f42d564dd5,tricera-extra-family,ADT-LIA-Arrays,unreach-call,preprocessed,21193,38,false,https://github.com/chc-comp/tricera-adt-arr,0214c9fb4845013dc9ec5d1f8c4376efc6c6e365,full pinned adt-arr directory; duplicates and empty check-only inputs retained,substantive,1
extra-families/tricera-adt-arr/adt-arr/process_queue.i-unreach-call.smt2,b2d27fff54112a4770dbdae179d1900c3d22cbcba273c0412152222980660bc7,tricera-extra-family,ADT-LIA-Arrays,unreach-call,original,12939,16,false,https://github.com/chc-comp/tricera-adt-arr,0214c9fb4845013dc9ec5d1f8c4376efc6c6e365,full pinned adt-arr directory; duplicates and empty check-only inputs retained,substantive,1
extra-families/tricera-adt-arr/adt-arr/quick_sort_split.i-unreach-call-pp.smt2,14de122222acdcbc24b2d2a88b2b2057a4c4f2f7192d3aca67d31ce796a65738,tricera-extra-family,ADT-LIA-Arrays,unreach-call,preprocessed,21342,46,false,https://github.com/chc-comp/tricera-adt-arr,0214c9fb4845013dc9ec5d1f8c4376efc6c6e365,full pinned adt-arr directory; duplicates and empty check-only inputs retained,substantive,1
extra-families/tricera-adt-arr/adt-arr/quick_sort_split.i-unreach-call.smt2,6da86aa396fe2b9e8bcdf840e2ea3082e3c9ad9bc98279f35838aebd0ff8176a,tricera-extra-family,ADT-LIA-Arrays,unreach-call,original,12151,17,false,https://github.com/chc-comp/tricera-adt-arr,0214c9fb4845013dc9ec5d1f8c4376efc6c6e365,full pinned adt-arr directory; duplicates and empty check-only inputs retained,substantive,1
extra-families/tricera-adt-arr/adt-arr/rec_malloc_ex3.i-valid-deref.smt2,52ff638d5eeada1861ce72ffe1feb8e6d42d0bc2cd567fef8c9f91d925c1b986,tricera-extra-family,ADT-LIA-Arrays,valid-deref,original,6936,23,false,https://github.com/chc-comp/tricera-adt-arr,0214c9fb4845013dc9ec5d1f8c4376efc6c6e365,full pinned adt-arr directory; duplicates and empty check-only inputs retained,substantive,1
extra-families/tricera-adt-arr/adt-arr/rec_malloc_ex3.i-valid-free-pp.smt2,ede0db79ad81c63a043c68074720ddbfbe83776d995ee197484a6d09d88979a4,tricera-extra-family,ADT-LIA-Arrays,valid-free,preprocessed,8464,22,false,https://github.com/chc-comp/tricera-adt-arr,0214c9fb4845013dc9ec5d1f8c4376efc6c6e365,full pinned adt-arr directory; duplicates and empty check-only inputs retained,substantive,1
extra-families/tricera-adt-arr/adt-arr/rec_malloc_ex3.i-valid-free.smt2,6798d59f86aee61bf8bd4373412971f0789fdf659b12bd2263187ee8c4d8bfce,tricera-extra-family,ADT-LIA-Arrays,valid-free,original,5965,17,false,https://github.com/chc-comp/tricera-adt-arr,0214c9fb4845013dc9ec5d1f8c4376efc6c6e365,full pinned adt-arr directory; duplicates and empty check-only inputs retained,substantive,1
extra-families/tricera-adt-arr/adt-arr/rec_malloc_ex3.i-valid-memtrack.smt2,706dd8eb48a0d0f38eab6426c1cae33e179668853c4609391faba126d1d26fd4,tricera-extra-family,ADT-LIA-Arrays,valid-memtrack,original,7647,19,true,https://github.com/chc-comp/tricera-adt-arr,0214c9fb4845013dc9ec5d1f8c4376efc6c6e365,full pinned adt-arr directory; duplicates and empty check-only inputs retained,substantive,1
extra-families/tricera-adt-arr/adt-arr/running_example.i-unreach-call-pp.smt2,943e3746e8afe1470aa1f90e7a885f8141a5e6ab556a299a72714bd9613582e3,tricera-extra-family,ADT-LIA-Arrays,unreach-call,preprocessed,24618,51,false,https://github.com/chc-comp/tricera-adt-arr,0214c9fb4845013dc9ec5d1f8c4376efc6c6e365,full pinned adt-arr directory; duplicates and empty check-only inputs retained,substantive,1
extra-families/tricera-adt-arr/adt-arr/running_example.i-unreach-call.smt2,66298a57c77a69367c6682cbbb8cde806dff696ee68ff3ae9632580b6813ac63,tricera-extra-family,ADT-LIA-Arrays,unreach-call,original,12473,13,false,https://github.com/chc-comp/tricera-adt-arr,0214c9fb4845013dc9ec5d1f8c4376efc6c6e365,full pinned adt-arr directory; duplicates and empty check-only inputs retained,substantive,1
extra-families/tricera-adt-arr/adt-arr/shared_mem1.i-unreach-call-pp.smt2,64d2ad3d0c57a25fd66af3a6b4935bb250ed9fddcb65f7b9097e1f6f65a1db9d,tricera-extra-family,ADT-LIA-Arrays,unreach-call,preprocessed,26698,58,false,https://github.com/chc-comp/tricera-adt-arr,0214c9fb4845013dc9ec5d1f8c4376efc6c6e365,full pinned adt-arr directory; duplicates and empty check-only inputs retained,substantive,1
extra-families/tricera-adt-arr/adt-arr/shared_mem1.i-unreach-call.smt2,bf68175fab3a58ebff3b3ffc5d72fdb68bc47407b6355b741ac02511172214e8,tricera-extra-family,ADT-LIA-Arrays,unreach-call,original,11203,12,false,https://github.com/chc-comp/tricera-adt-arr,0214c9fb4845013dc9ec5d1f8c4376efc6c6e365,full pinned adt-arr directory; duplicates and empty check-only inputs retained,substantive,1
extra-families/tricera-adt-arr/adt-arr/shared_mem2.i-unreach-call-pp.smt2,053ab4799c753ffb1cf57f9d49829d56f9bed0dde1a1085733efb12bcf2bc640,tricera-extra-family,ADT-LIA-Arrays,unreach-call,preprocessed,23854,47,false,https://github.com/chc-comp/tricera-adt-arr,0214c9fb4845013dc9ec5d1f8c4376efc6c6e365,full pinned adt-arr directory; duplicates and empty check-only inputs retained,substantive,1
extra-families/tricera-adt-arr/adt-arr/shared_mem2.i-unreach-call.smt2,beff876b48f98c35ee5785eaaa8372b3d16c5d716643430f53f0e55cde28a9d9,tricera-extra-family,ADT-LIA-Arrays,unreach-call,original,9586,9,false,https://github.com/chc-comp/tricera-adt-arr,0214c9fb4845013dc9ec5d1f8c4376efc6c6e365,full pinned adt-arr directory; duplicates and empty check-only inputs retained,substantive,1
extra-families/tricera-adt-arr/adt-arr/simple-1.i-unreach-call-pp.smt2,afc7ef446a2b627cb35e737cd13661ef164b5be7ab095b72c612c9e2e188e35a,tricera-extra-family,ADT-LIA-Arrays,unreach-call,preprocessed,12979,25,false,https://github.com/chc-comp/tricera-adt-arr,0214c9fb4845013dc9ec5d1f8c4376efc6c6e365,full pinned adt-arr directory; duplicates and empty check-only inputs retained,substantive,1
extra-families/tricera-adt-arr/adt-arr/simple-1.i-unreach-call.smt2,067b766d9f6ffc4be3fc3856a51dbce465d40f2a3913d811b1c707c3a1d4d5a0,tricera-extra-family,ADT-LIA-Arrays,unreach-call,original,6721,11,false,https://github.com/chc-comp/tricera-adt-arr,0214c9fb4845013dc9ec5d1f8c4376efc6c6e365,full pinned adt-arr directory; duplicates and empty check-only inputs retained,substantive,1
extra-families/tricera-adt-arr/adt-arr/simple-1.i-valid-memcleanup.smt2,50e07c0bb8043514166c14a76e33c09188b662e9bab3d48f5533cc50103d3a95,tricera-extra-family,ADT-LIA-Arrays,valid-memcleanup,original,8203,13,true,https://github.com/chc-comp/tricera-adt-arr,0214c9fb4845013dc9ec5d1f8c4376efc6c6e365,full pinned adt-arr directory; duplicates and empty check-only inputs retained,substantive,1
extra-families/tricera-adt-arr/adt-arr/simple-2.i-unreach-call-pp.smt2,491995333fcaf60d44e6bb1f1f407210e77caa68acbd1201b6108d319728c091,tricera-extra-family,ADT-LIA-Arrays,unreach-call,preprocessed,11838,22,false,https://github.com/chc-comp/tricera-adt-arr,0214c9fb4845013dc9ec5d1f8c4376efc6c6e365,full pinned adt-arr directory; duplicates and empty check-only inputs retained,substantive,1
extra-families/tricera-adt-arr/adt-arr/simple-2.i-unreach-call.smt2,07bb069b39b8a24b53029694e5f471f19354c6d8b84de440f36d0e850796c320,tricera-extra-family,ADT-LIA-Arrays,unreach-call,original,6635,11,false,https://github.com/chc-comp/tricera-adt-arr,0214c9fb4845013dc9ec5d1f8c4376efc6c6e365,full pinned adt-arr directory; duplicates and empty check-only inputs retained,substantive,1
extra-families/tricera-adt-arr/adt-arr/simple-2.i-valid-deref-pp.smt2,b4b27ece8e895e440a850003241ba3f9a67660767a9f2d80978bd61796955eec,tricera-extra-family,ADT-LIA-Arrays,valid-deref,preprocessed,36247,74,false,https://github.com/chc-comp/tricera-adt-arr,0214c9fb4845013dc9ec5d1f8c4376efc6c6e365,full pinned adt-arr directory; duplicates and empty check-only inputs retained,substantive,1
extra-families/tricera-adt-arr/adt-arr/simple-2.i-valid-deref.smt2,7f58a73f99e5dcc66c1cb1def38983c7b4e5e6e8d94a55a67836f16f8c3b8ff6,tricera-extra-family,ADT-LIA-Arrays,valid-deref,original,9628,26,false,https://github.com/chc-comp/tricera-adt-arr,0214c9fb4845013dc9ec5d1f8c4376efc6c6e365,full pinned adt-arr directory; duplicates and empty check-only inputs retained,substantive,1
extra-families/tricera-adt-arr/adt-arr/simple-2.i-valid-free-pp.smt2,f81a9e158829f0c17f3dffca97347599b524c403c24bc4def4359d187000e6a9,tricera-extra-family,ADT-LIA-Arrays,valid-free,preprocessed,139,0,false,https://github.com/chc-comp/tricera-adt-arr,0214c9fb4845013dc9ec5d1f8c4376efc6c6e365,full pinned adt-arr directory; duplicates and empty check-only inputs retained,empty-check-only,5
extra-families/tricera-adt-arr/adt-arr/simple-2.i-valid-free.smt2,63a8fdf8abc279a0fcf7a49bd723777d85137496b5d2b4fe9dd5fc656ac2c9b9,tricera-extra-family,ADT-LIA-Arrays,valid-free,original,6066,9,false,https://github.com/chc-comp/tricera-adt-arr,0214c9fb4845013dc9ec5d1f8c4376efc6c6e365,full pinned adt-arr directory; duplicates and empty check-only inputs retained,substantive,1
extra-families/tricera-adt-arr/adt-arr/simple-2.i-valid-memtrack.smt2,7b29387776014a749c261dfd98f04da1e66ea6d0c10887b0a00ff0a7333601f4,tricera-extra-family,ADT-LIA-Arrays,valid-memtrack,original,8119,13,true,https://github.com/chc-comp/tricera-adt-arr,0214c9fb4845013dc9ec5d1f8c4376efc6c6e365,full pinned adt-arr directory; duplicates and empty check-only inputs retained,substantive,1
extra-families/tricera-adt-arr/adt-arr/simple-ext.i-unreach-call-pp.smt2,b48808fc629697dcb1ed4001864492c09bccdb9919ce2fe36925b8de476f98af,tricera-extra-family,ADT-LIA-Arrays,unreach-call,preprocessed,15487,29,false,https://github.com/chc-comp/tricera-adt-arr,0214c9fb4845013dc9ec5d1f8c4376efc6c6e365,full pinned adt-arr directory; duplicates and empty check-only inputs retained,substantive,1
extra-families/tricera-adt-arr/adt-arr/simple-ext.i-unreach-call.smt2,290a08687301842ba2e82b9bb767f73b869c29f67494a5a91390ffa6e7e330c3,tricera-extra-family,ADT-LIA-Arrays,unreach-call,original,9125,14,false,https://github.com/chc-comp/tricera-adt-arr,0214c9fb4845013dc9ec5d1f8c4376efc6c6e365,full pinned adt-arr directory; duplicates and empty check-only inputs retained,substantive,1
extra-families/tricera-adt-arr/adt-arr/simple-ext.i-valid-memcleanup.smt2,762c133ca181f158680fe03b6a0b0432d47cc03ee26d33bfe4a40178d808fbd8,tricera-extra-family,ADT-LIA-Arrays,valid-memcleanup,original,10883,16,true,https://github.com/chc-comp/tricera-adt-arr,0214c9fb4845013dc9ec5d1f8c4376efc6c6e365,full pinned adt-arr directory; duplicates and empty check-only inputs retained,substantive,1
extra-families/tricera-adt-arr/adt-arr/simple-ext_1.i-valid-deref-pp.smt2,5d5c5918aee180ab4519933387200fa697ca0bdb1e769862a2d8f463eeffb3a1,tricera-extra-family,ADT-LIA-Arrays,valid-deref,preprocessed,33766,73,false,https://github.com/chc-comp/tricera-adt-arr,0214c9fb4845013dc9ec5d1f8c4376efc6c6e365,full pinned adt-arr directory; duplicates and empty check-only inputs retained,substantive,1
extra-families/tricera-adt-arr/adt-arr/simple-ext_1.i-valid-deref.smt2,0c3e2d5e0816b6c8d3d12fbf054a948c46c05ca80bdce4e05409d4b6e3bd28cd,tricera-extra-family,ADT-LIA-Arrays,valid-deref,original,12426,31,false,https://github.com/chc-comp/tricera-adt-arr,0214c9fb4845013dc9ec5d1f8c4376efc6c6e365,full pinned adt-arr directory; duplicates and empty check-only inputs retained,substantive,1
extra-families/tricera-adt-arr/adt-arr/simple-ext_1.i-valid-free-pp.smt2,263fe57c5aeb9ff1dbcfb3510b6ee974833ac14807c96cfced7789f136809fe2,tricera-extra-family,ADT-LIA-Arrays,valid-free,preprocessed,17038,34,false,https://github.com/chc-comp/tricera-adt-arr,0214c9fb4845013dc9ec5d1f8c4376efc6c6e365,full pinned adt-arr directory; duplicates and empty check-only inputs retained,substantive,1
extra-families/tricera-adt-arr/adt-arr/simple-ext_1.i-valid-free.smt2,576e3571bffb3ff2bad2522a65c8ed1f52a883ced7f7773c1d94dbf9ef74b972,tricera-extra-family,ADT-LIA-Arrays,valid-free,original,8891,13,false,https://github.com/chc-comp/tricera-adt-arr,0214c9fb4845013dc9ec5d1f8c4376efc6c6e365,full pinned adt-arr directory; duplicates and empty check-only inputs retained,substantive,1
extra-families/tricera-adt-arr/adt-arr/simple-ext_1.i-valid-memtrack.smt2,594f778e8e49c9496789630a47350c904c953c6c4b440ad5c7cd04d3323037ff,tricera-extra-family,ADT-LIA-Arrays,valid-memtrack,original,10856,16,true,https://github.com/chc-comp/tricera-adt-arr,0214c9fb4845013dc9ec5d1f8c4376efc6c6e365,full pinned adt-arr directory; duplicates and empty check-only inputs retained,substantive,1
extra-families/tricera-adt-arr/adt-arr/simple_and_skiplist_2lvl-1.i-unreach-call-pp.smt2,d2955e869d82c1291695f96558f32fc83a20d82455cfbbb6ec9f0e7e6a588d32,tricera-extra-family,ADT-LIA-Arrays,unreach-call,preprocessed,13184,25,false,https://github.com/chc-comp/tricera-adt-arr,0214c9fb4845013dc9ec5d1f8c4376efc6c6e365,full pinned adt-arr directory; duplicates and empty check-only inputs retained,substantive,1
extra-families/tricera-adt-arr/adt-arr/simple_and_skiplist_2lvl-1.i-unreach-call.smt2,c9eed1699b0226d4bfa9e960dfb6f96a39560279e672f65d2834cb4812fc1cb9,tricera-extra-family,ADT-LIA-Arrays,unreach-call,original,31547,23,false,https://github.com/chc-comp/tricera-adt-arr,0214c9fb4845013dc9ec5d1f8c4376efc6c6e365,full pinned adt-arr directory; duplicates and empty check-only inputs retained,substantive,1
extra-families/tricera-adt-arr/adt-arr/simple_and_skiplist_2lvl-2.i-unreach-call-pp.smt2,7f3953120100ad3fdfad61fb18b42a368209a2d5163b7cd6b12b02d875ed7101,tricera-extra-family,ADT-LIA-Arrays,unreach-call,preprocessed,12043,22,false,https://github.com/chc-comp/tricera-adt-arr,0214c9fb4845013dc9ec5d1f8c4376efc6c6e365,full pinned adt-arr directory; duplicates and empty check-only inputs retained,substantive,1
extra-families/tricera-adt-arr/adt-arr/simple_and_skiplist_2lvl-2.i-unreach-call.smt2,b2eaeb3a846eae3c0946a0de003fcf361d9c572bcd35fec8e6da4f26459becf9,tricera-extra-family,ADT-LIA-Arrays,unreach-call,original,31461,23,false,https://github.com/chc-comp/tricera-adt-arr,0214c9fb4845013dc9ec5d1f8c4376efc6c6e365,full pinned adt-arr directory; duplicates and empty check-only inputs retained,substantive,1
extra-families/tricera-adt-arr/adt-arr/simple_built_from_end.i-unreach-call-pp.smt2,7440ac74b12fea4906964477b4f4b45b2509405393495f42cc599671432e37fa,tricera-extra-family,ADT-LIA-Arrays,unreach-call,preprocessed,6953,14,false,https://github.com/chc-comp/tricera-adt-arr,0214c9fb4845013dc9ec5d1f8c4376efc6c6e365,full pinned adt-arr directory; duplicates and empty check-only inputs retained,substantive,1
extra-families/tricera-adt-arr/adt-arr/simple_built_from_end.i-unreach-call.smt2,cd0fa23361a9d54a5e345dfe9c4a448a7ebc73eb887ec41015e2e1b037453cf1,tricera-extra-family,ADT-LIA-Arrays,unreach-call,original,4632,8,false,https://github.com/chc-comp/tricera-adt-arr,0214c9fb4845013dc9ec5d1f8c4376efc6c6e365,full pinned adt-arr directory; duplicates and empty check-only inputs retained,substantive,1
extra-families/tricera-adt-arr/adt-arr/simple_built_from_end.i-valid-deref-pp.smt2,dc51a47b9f1c3d9f208a2b9959cfde92ab380a4ced96c23c236712bc5e3a99ca,tricera-extra-family,ADT-LIA-Arrays,valid-deref,preprocessed,15416,34,false,https://github.com/chc-comp/tricera-adt-arr,0214c9fb4845013dc9ec5d1f8c4376efc6c6e365,full pinned adt-arr directory; duplicates and empty check-only inputs retained,substantive,1
extra-families/tricera-adt-arr/adt-arr/simple_built_from_end.i-valid-deref.smt2,3f42165036251164bfb046cbefa0c09e60af125ccfd4a040a3b681d24bbe9c38,tricera-extra-family,ADT-LIA-Arrays,valid-deref,original,5673,15,false,https://github.com/chc-comp/tricera-adt-arr,0214c9fb4845013dc9ec5d1f8c4376efc6c6e365,full pinned adt-arr directory; duplicates and empty check-only inputs retained,substantive,1
extra-families/tricera-adt-arr/adt-arr/simple_built_from_end.i-valid-free-pp.smt2,f81a9e158829f0c17f3dffca97347599b524c403c24bc4def4359d187000e6a9,tricera-extra-family,ADT-LIA-Arrays,valid-free,preprocessed,139,0,false,https://github.com/chc-comp/tricera-adt-arr,0214c9fb4845013dc9ec5d1f8c4376efc6c6e365,full pinned adt-arr directory; duplicates and empty check-only inputs retained,empty-check-only,5
extra-families/tricera-adt-arr/adt-arr/simple_built_from_end.i-valid-free.smt2,a935f6c7c84037fd799630a9a5852473e9f6c1349d6cb7d9f019443da790881e,tricera-extra-family,ADT-LIA-Arrays,valid-free,original,4145,6,false,https://github.com/chc-comp/tricera-adt-arr,0214c9fb4845013dc9ec5d1f8c4376efc6c6e365,full pinned adt-arr directory; duplicates and empty check-only inputs retained,substantive,1
extra-families/tricera-adt-arr/adt-arr/simple_built_from_end.i-valid-memtrack.smt2,065255a96405a968361072a65552bd9b0e36775d5799eeae3e8ae8f36e0e2320,tricera-extra-family,ADT-LIA-Arrays,valid-memtrack,original,5607,10,true,https://github.com/chc-comp/tricera-adt-arr,0214c9fb4845013dc9ec5d1f8c4376efc6c6e365,full pinned adt-arr directory; duplicates and empty check-only inputs retained,substantive,1
extra-families/tricera-adt-arr/adt-arr/simple_search_value-1.i-unreach-call-pp.smt2,47e2f81bb37896f8cfb55c96ac816630cd03da02c81fb527f84d73b854e02e37,tricera-extra-family,ADT-LIA-Arrays,unreach-call,preprocessed,19277,35,false,https://github.com/chc-comp/tricera-adt-arr,0214c9fb4845013dc9ec5d1f8c4376efc6c6e365,full pinned adt-arr directory; duplicates and empty check-only inputs retained,substantive,1
extra-families/tricera-adt-arr/adt-arr/simple_search_value-1.i-unreach-call.smt2,9f11a9623dce6a31c794b462a037c0bdda86c40ddc65de0c60a88c84a66dc4f1,tricera-extra-family,ADT-LIA-Arrays,unreach-call,original,13616,16,false,https://github.com/chc-comp/tricera-adt-arr,0214c9fb4845013dc9ec5d1f8c4376efc6c6e365,full pinned adt-arr directory; duplicates and empty check-only inputs retained,substantive,1
extra-families/tricera-adt-arr/adt-arr/simple_search_value-2.i-unreach-call-pp.smt2,6909b6c75bbddecce7b1b922f31181c4b732ae21fe40099abbd6fe8251772182,tricera-extra-family,ADT-LIA-Arrays,unreach-call,preprocessed,19277,35,false,https://github.com/chc-comp/tricera-adt-arr,0214c9fb4845013dc9ec5d1f8c4376efc6c6e365,full pinned adt-arr directory; duplicates and empty check-only inputs retained,substantive,1
extra-families/tricera-adt-arr/adt-arr/simple_search_value-2.i-unreach-call.smt2,9a4afd213c0f96f43b29194da9732f14b1b5a2a871d2db05f236bd9e1c77f3c8,tricera-extra-family,ADT-LIA-Arrays,unreach-call,original,13622,16,false,https://github.com/chc-comp/tricera-adt-arr,0214c9fb4845013dc9ec5d1f8c4376efc6c6e365,full pinned adt-arr directory; duplicates and empty check-only inputs retained,substantive,1
extra-families/tricera-adt-arr/adt-arr/skiplist_2lvl.i-valid-deref-pp.smt2,955d4d02c212b12e7dbb5770389cc0658ede79a29790e5d7ce9a68a0d738e9fb,tricera-extra-family,ADT-LIA-Arrays,valid-deref,preprocessed,231766,507,false,https://github.com/chc-comp/tricera-adt-arr,0214c9fb4845013dc9ec5d1f8c4376efc6c6e365,full pinned adt-arr directory; duplicates and empty check-only inputs retained,substantive,1
extra-families/tricera-adt-arr/adt-arr/skiplist_2lvl.i-valid-deref.smt2,49ac93d0e61800597e5168dbaba49a607bd746672c6f40825f0452d0a344a6d3,tricera-extra-family,ADT-LIA-Arrays,valid-deref,original,26087,73,false,https://github.com/chc-comp/tricera-adt-arr,0214c9fb4845013dc9ec5d1f8c4376efc6c6e365,full pinned adt-arr directory; duplicates and empty check-only inputs retained,substantive,1
extra-families/tricera-adt-arr/adt-arr/skiplist_2lvl.i-valid-free-pp.smt2,77e8501a3aae04fd21896c546cd055ee44ddbb1d7a4a01ca847f3c38cb6a457c,tricera-extra-family,ADT-LIA-Arrays,valid-free,preprocessed,68960,154,false,https://github.com/chc-comp/tricera-adt-arr,0214c9fb4845013dc9ec5d1f8c4376efc6c6e365,full pinned adt-arr directory; duplicates and empty check-only inputs retained,substantive,1
extra-families/tricera-adt-arr/adt-arr/skiplist_2lvl.i-valid-free.smt2,dca1ca8fe672af11b0b513129ebd6efb445493940589ae840b4c49594a715a9e,tricera-extra-family,ADT-LIA-Arrays,valid-free,original,21657,17,false,https://github.com/chc-comp/tricera-adt-arr,0214c9fb4845013dc9ec5d1f8c4376efc6c6e365,full pinned adt-arr directory; duplicates and empty check-only inputs retained,substantive,1
extra-families/tricera-adt-arr/adt-arr/skiplist_2lvl.i-valid-memtrack.smt2,993008121cfa5069aa5d37972c44cad6930a010a6df7805a86466dd23a0635b6,tricera-extra-family,ADT-LIA-Arrays,valid-memtrack,original,23830,15,true,https://github.com/chc-comp/tricera-adt-arr,0214c9fb4845013dc9ec5d1f8c4376efc6c6e365,full pinned adt-arr directory; duplicates and empty check-only inputs retained,substantive,1
extra-families/tricera-adt-arr/adt-arr/skiplist_3lvl.i-valid-deref-pp.smt2,6cb579dcef3ad33e5e18b0445f5f814b4a1fc93fb15231eecf3e6c478a7de883,tricera-extra-family,ADT-LIA-Arrays,valid-deref,preprocessed,431189,883,false,https://github.com/chc-comp/tricera-adt-arr,0214c9fb4845013dc9ec5d1f8c4376efc6c6e365,full pinned adt-arr directory; duplicates and empty check-only inputs retained,substantive,1
extra-families/tricera-adt-arr/adt-arr/skiplist_3lvl.i-valid-deref.smt2,2d76ffe3b029cb5e98c1a6037c9a0a7ddc55bb26222bdb3af65fc44c5f8924d1,tricera-extra-family,ADT-LIA-Arrays,valid-deref,original,37857,98,false,https://github.com/chc-comp/tricera-adt-arr,0214c9fb4845013dc9ec5d1f8c4376efc6c6e365,full pinned adt-arr directory; duplicates and empty check-only inputs retained,substantive,1
extra-families/tricera-adt-arr/adt-arr/skiplist_3lvl.i-valid-free-pp.smt2,73ac1cf59f7789c565156014583f7205a2a2c1a55d9fbb1b28aca0fc57a89498,tricera-extra-family,ADT-LIA-Arrays,valid-free,preprocessed,117041,242,false,https://github.com/chc-comp/tricera-adt-arr,0214c9fb4845013dc9ec5d1f8c4376efc6c6e365,full pinned adt-arr directory; duplicates and empty check-only inputs retained,substantive,1
extra-families/tricera-adt-arr/adt-arr/skiplist_3lvl.i-valid-free.smt2,07ec76914cec732f5ee5e83868da1ff904a670fcf3dbde0aae538664a74363bf,tricera-extra-family,ADT-LIA-Arrays,valid-free,original,37610,22,false,https://github.com/chc-comp/tricera-adt-arr,0214c9fb4845013dc9ec5d1f8c4376efc6c6e365,full pinned adt-arr directory; duplicates and empty check-only inputs retained,substantive,1
extra-families/tricera-adt-arr/adt-arr/skiplist_3lvl.i-valid-memtrack.smt2,d20d5ff86e9f169b94fb56c4ddad0632bccf05cf9afd7e9e540648ae573d73c8,tricera-extra-family,ADT-LIA-Arrays,valid-memtrack,original,41348,20,true,https://github.com/chc-comp/tricera-adt-arr,0214c9fb4845013dc9ec5d1f8c4376efc6c6e365,full pinned adt-arr directory; duplicates and empty check-only inputs retained,substantive,1
extra-families/tricera-adt-arr/adt-arr/sll-01-1.i-unreach-call-pp.smt2,6ffb4f15ac6f6bcb6c683bed402cc5ecad4457f96ad4ab3fc1495266d68c301e,tricera-extra-family,ADT-LIA-Arrays,unreach-call,preprocessed,51759,120,false,https://github.com/chc-comp/tricera-adt-arr,0214c9fb4845013dc9ec5d1f8c4376efc6c6e365,full pinned adt-arr directory; duplicates and empty check-only inputs retained,substantive,1
extra-families/tricera-adt-arr/adt-arr/sll-01-1.i-unreach-call.smt2,e8b35decd0076c8a963bf668063c8b181856b84b726da7d52631031248a885ce,tricera-extra-family,ADT-LIA-Arrays,unreach-call,original,21801,44,false,https://github.com/chc-comp/tricera-adt-arr,0214c9fb4845013dc9ec5d1f8c4376efc6c6e365,full pinned adt-arr directory; duplicates and empty check-only inputs retained,substantive,1
extra-families/tricera-adt-arr/adt-arr/sll-01-1.i-valid-deref-pp.smt2,190d52cfb1c8e422805d3776cec5e0262e6b8dc73ca19dd963f299442fbfe7dd,tricera-extra-family,ADT-LIA-Arrays,valid-deref,preprocessed,197154,427,false,https://github.com/chc-comp/tricera-adt-arr,0214c9fb4845013dc9ec5d1f8c4376efc6c6e365,full pinned adt-arr directory; duplicates and empty check-only inputs retained,substantive,1
extra-families/tricera-adt-arr/adt-arr/sll-01-1.i-valid-deref.smt2,8bd28c2d58b8cc52ff838a6b60d5a92106091a5a4ce0391bacd7255cbf3fd755,tricera-extra-family,ADT-LIA-Arrays,valid-deref,original,23704,79,false,https://github.com/chc-comp/tricera-adt-arr,0214c9fb4845013dc9ec5d1f8c4376efc6c6e365,full pinned adt-arr directory; duplicates and empty check-only inputs retained,substantive,1
extra-families/tricera-adt-arr/adt-arr/sll-01-1.i-valid-free-pp.smt2,362fa741da85067dc2d325c00ece78c19d5bdc7ef8d5e6f3745cf0c8cd0645c6,tricera-extra-family,ADT-LIA-Arrays,valid-free,preprocessed,79713,165,false,https://github.com/chc-comp/tricera-adt-arr,0214c9fb4845013dc9ec5d1f8c4376efc6c6e365,full pinned adt-arr directory; duplicates and empty check-only inputs retained,substantive,1
extra-families/tricera-adt-arr/adt-arr/sll-01-1.i-valid-free.smt2,99303803d874509b524b50ac6b7a9507afa5ee0cd66da8006e4917a4d32befa8,tricera-extra-family,ADT-LIA-Arrays,valid-free,original,20285,21,false,https://github.com/chc-comp/tricera-adt-arr,0214c9fb4845013dc9ec5d1f8c4376efc6c6e365,full pinned adt-arr directory; duplicates and empty check-only inputs retained,substantive,1
extra-families/tricera-adt-arr/adt-arr/sll-01-1.i-valid-memtrack.smt2,b745786bc7f98c99fd324ebe57e0b1a2a43c3f9f967de530cee08413ee8c1460,tricera-extra-family,ADT-LIA-Arrays,valid-memtrack,original,23970,34,true,https://github.com/chc-comp/tricera-adt-arr,0214c9fb4845013dc9ec5d1f8c4376efc6c6e365,full pinned adt-arr directory; duplicates and empty check-only inputs retained,substantive,1
extra-families/tricera-adt-arr/adt-arr/sll-01-2.i-unreach-call-pp.smt2,1eadf8a29041dacbbcb947bcc197dda658594e9b7e633c700bf2659abac9df25,tricera-extra-family,ADT-LIA-Arrays,unreach-call,preprocessed,53601,124,false,https://github.com/chc-comp/tricera-adt-arr,0214c9fb4845013dc9ec5d1f8c4376efc6c6e365,full pinned adt-arr directory; duplicates and empty check-only inputs retained,substantive,1
extra-families/tricera-adt-arr/adt-arr/sll-01-2.i-unreach-call.smt2,12487541945b9bb49980d628efdaf845a5544919faf709e9f04c75916570bd32,tricera-extra-family,ADT-LIA-Arrays,unreach-call,original,22654,45,false,https://github.com/chc-comp/tricera-adt-arr,0214c9fb4845013dc9ec5d1f8c4376efc6c6e365,full pinned adt-arr directory; duplicates and empty check-only inputs retained,substantive,1
extra-families/tricera-adt-arr/adt-arr/sll-01-2.i-valid-deref-pp.smt2,8f9aef078a3f4dfadc2eac5d9ee5e896a8f3e85ff2e2efc82d0d7075387f6850,tricera-extra-family,ADT-LIA-Arrays,valid-deref,preprocessed,200201,435,false,https://github.com/chc-comp/tricera-adt-arr,0214c9fb4845013dc9ec5d1f8c4376efc6c6e365,full pinned adt-arr directory; duplicates and empty check-only inputs retained,substantive,1
extra-families/tricera-adt-arr/adt-arr/sll-01-2.i-valid-deref.smt2,3d7d947b56fc913a3790610091fd122198bbdcc31633470b9ae7db757861125a,tricera-extra-family,ADT-LIA-Arrays,valid-deref,original,24857,82,false,https://github.com/chc-comp/tricera-adt-arr,0214c9fb4845013dc9ec5d1f8c4376efc6c6e365,full pinned adt-arr directory; duplicates and empty check-only inputs retained,substantive,1
extra-families/tricera-adt-arr/adt-arr/sll-01-2.i-valid-free-pp.smt2,31f084eb92ca53c6107ef045673df45fe319fb36b78f10d0d6acb8082022327c,tricera-extra-family,ADT-LIA-Arrays,valid-free,preprocessed,80553,167,false,https://github.com/chc-comp/tricera-adt-arr,0214c9fb4845013dc9ec5d1f8c4376efc6c6e365,full pinned adt-arr directory; duplicates and empty check-only inputs retained,substantive,1
extra-families/tricera-adt-arr/adt-arr/sll-01-2.i-valid-free.smt2,8eed4822b53fa419b313225f50b261a8450ed23fa585a6c0cd8d00cf0ee144bc,tricera-extra-family,ADT-LIA-Arrays,valid-free,original,22089,23,false,https://github.com/chc-comp/tricera-adt-arr,0214c9fb4845013dc9ec5d1f8c4376efc6c6e365,full pinned adt-arr directory; duplicates and empty check-only inputs retained,substantive,1
extra-families/tricera-adt-arr/adt-arr/sll-01-2.i-valid-memtrack.smt2,1e791c6f932211bcb2283a9315d7aab2c11c9c156069fef4ee93180e7fb0a287,tricera-extra-family,ADT-LIA-Arrays,valid-memtrack,original,24916,35,true,https://github.com/chc-comp/tricera-adt-arr,0214c9fb4845013dc9ec5d1f8c4376efc6c6e365,full pinned adt-arr directory; duplicates and empty check-only inputs retained,substantive,1
extra-families/tricera-adt-arr/adt-arr/sll-buckets-1.i-unreach-call-pp.smt2,e56a06c9f14a41338c6476882125d0296300cc18a77be5583661648961aa67c0,tricera-extra-family,ADT-LIA-Arrays,unreach-call,preprocessed,49317,108,false,https://github.com/chc-comp/tricera-adt-arr,0214c9fb4845013dc9ec5d1f8c4376efc6c6e365,full pinned adt-arr directory; duplicates and empty check-only inputs retained,substantive,1
extra-families/tricera-adt-arr/adt-arr/sll-buckets-1.i-unreach-call.smt2,0cdf640e9bbc4e0261a07c62339191829bc656b42a5d749650a6907a65c8f964,tricera-extra-family,ADT-LIA-Arrays,unreach-call,original,17840,24,false,https://github.com/chc-comp/tricera-adt-arr,0214c9fb4845013dc9ec5d1f8c4376efc6c6e365,full pinned adt-arr directory; duplicates and empty check-only inputs retained,substantive,1
extra-families/tricera-adt-arr/adt-arr/sll-buckets-1.i-valid-deref-pp.smt2,b8420b87b2bb41eb156b39bc13604b0438d56e01f057e9173b4cf2786f91a120,tricera-extra-family,ADT-LIA-Arrays,valid-deref,preprocessed,295389,562,false,https://github.com/chc-comp/tricera-adt-arr,0214c9fb4845013dc9ec5d1f8c4376efc6c6e365,full pinned adt-arr directory; duplicates and empty check-only inputs retained,substantive,1
extra-families/tricera-adt-arr/adt-arr/sll-buckets-1.i-valid-deref.smt2,3b3e8dade0f424c1c9327d206db1a81b5c7a546d5c2b9b9e7409d19f2647e353,tricera-extra-family,ADT-LIA-Arrays,valid-deref,original,28768,87,false,https://github.com/chc-comp/tricera-adt-arr,0214c9fb4845013dc9ec5d1f8c4376efc6c6e365,full pinned adt-arr directory; duplicates and empty check-only inputs retained,substantive,1
extra-families/tricera-adt-arr/adt-arr/sll-buckets-1.i-valid-free-pp.smt2,fa3ef84fe69a8df91ad4a36626ed56a15e937cac299f2086e1e96c753374ebc0,tricera-extra-family,ADT-LIA-Arrays,valid-free,preprocessed,48820,103,false,https://github.com/chc-comp/tricera-adt-arr,0214c9fb4845013dc9ec5d1f8c4376efc6c6e365,full pinned adt-arr directory; duplicates and empty check-only inputs retained,substantive,1
extra-families/tricera-adt-arr/adt-arr/sll-buckets-1.i-valid-free.smt2,52fb1d7e1972d186e1866580eab13b01f2fd9059f45ed66f07d5858d90927378,tricera-extra-family,ADT-LIA-Arrays,valid-free,original,16129,17,false,https://github.com/chc-comp/tricera-adt-arr,0214c9fb4845013dc9ec5d1f8c4376efc6c6e365,full pinned adt-arr directory; duplicates and empty check-only inputs retained,substantive,1
extra-families/tricera-adt-arr/adt-arr/sll-buckets-1.i-valid-memtrack.smt2,882adaf1629976282b6eb9559e5bb35cb66082230676d23672c643ffb19fc476,tricera-extra-family,ADT-LIA-Arrays,valid-memtrack,original,21148,23,true,https://github.com/chc-comp/tricera-adt-arr,0214c9fb4845013dc9ec5d1f8c4376efc6c6e365,full pinned adt-arr directory; duplicates and empty check-only inputs retained,substantive,1
extra-families/tricera-adt-arr/adt-arr/sll-buckets-2.i-unreach-call-pp.smt2,99078a35be40916e59e5bd54738943f32d388557e4976b0156c3719b63ebbf91,tricera-extra-family,ADT-LIA-Arrays,unreach-call,preprocessed,49301,108,false,https://github.com/chc-comp/tricera-adt-arr,0214c9fb4845013dc9ec5d1f8c4376efc6c6e365,full pinned adt-arr directory; duplicates and empty check-only inputs retained,substantive,1
extra-families/tricera-adt-arr/adt-arr/sll-buckets-2.i-unreach-call.smt2,7ae73323dea7629304ae040601e8fe0cf507a65572945bc658d6ad351b218524,tricera-extra-family,ADT-LIA-Arrays,unreach-call,original,17842,24,false,https://github.com/chc-comp/tricera-adt-arr,0214c9fb4845013dc9ec5d1f8c4376efc6c6e365,full pinned adt-arr directory; duplicates and empty check-only inputs retained,substantive,1
extra-families/tricera-adt-arr/adt-arr/sll-buckets-2.i-valid-memcleanup.smt2,5b6c44d61990d8e305e088c8d4d3a7759f21a1068c593c0f9da92eb4fd2bab52,tricera-extra-family,ADT-LIA-Arrays,valid-memcleanup,original,21146,23,true,https://github.com/chc-comp/tricera-adt-arr,0214c9fb4845013dc9ec5d1f8c4376efc6c6e365,full pinned adt-arr directory; duplicates and empty check-only inputs retained,substantive,1
extra-families/tricera-adt-arr/adt-arr/sll-circular-1.i-unreach-call-pp.smt2,0d398bc627e5dffe1b63fcdd592a2f2b438776a19f5ce928689a09cc24704cec,tricera-extra-family,ADT-LIA-Arrays,unreach-call,preprocessed,43633,96,false,https://github.com/chc-comp/tricera-adt-arr,0214c9fb4845013dc9ec5d1f8c4376efc6c6e365,full pinned adt-arr directory; duplicates and empty check-only inputs retained,substantive,1
extra-families/tricera-adt-arr/adt-arr/sll-circular-1.i-unreach-call.smt2,cea6f2ad68d3c82a0b5102184d450f38bac053731b1baf1d55d4163deceb934f,tricera-extra-family,ADT-LIA-Arrays,unreach-call,original,16730,19,false,https://github.com/chc-comp/tricera-adt-arr,0214c9fb4845013dc9ec5d1f8c4376efc6c6e365,full pinned adt-arr directory; duplicates and empty check-only inputs retained,substantive,1
extra-families/tricera-adt-arr/adt-arr/sll-circular-1.i-valid-deref-pp.smt2,1dca131293bd6b258a1bf63abf51a116b07ca358a0a75245616fd20d24e18280,tricera-extra-family,ADT-LIA-Arrays,valid-deref,preprocessed,65339,171,false,https://github.com/chc-comp/tricera-adt-arr,0214c9fb4845013dc9ec5d1f8c4376efc6c6e365,full pinned adt-arr directory; duplicates and empty check-only inputs retained,substantive,1
extra-families/tricera-adt-arr/adt-arr/sll-circular-1.i-valid-deref.smt2,7f87e7ef4e7801f2a55dd2e05d916f4cc4167e6b61fd046eed5049ea787d98db,tricera-extra-family,ADT-LIA-Arrays,valid-deref,original,16590,49,false,https://github.com/chc-comp/tricera-adt-arr,0214c9fb4845013dc9ec5d1f8c4376efc6c6e365,full pinned adt-arr directory; duplicates and empty check-only inputs retained,substantive,1
extra-families/tricera-adt-arr/adt-arr/sll-circular-1.i-valid-free-pp.smt2,bf5a893d75a092deec01465108fc9f61ceb1dc0a692c886db7a74c8ae81d5044,tricera-extra-family,ADT-LIA-Arrays,valid-free,preprocessed,41716,98,false,https://github.com/chc-comp/tricera-adt-arr,0214c9fb4845013dc9ec5d1f8c4376efc6c6e365,full pinned adt-arr directory; duplicates and empty check-only inputs retained,substantive,1
extra-families/tricera-adt-arr/adt-arr/sll-circular-1.i-valid-free.smt2,078252beeb06cfff42af5f7132eb425cb78da8c97ec95be6f99856e5b4258745,tricera-extra-family,ADT-LIA-Arrays,valid-free,original,14842,15,false,https://github.com/chc-comp/tricera-adt-arr,0214c9fb4845013dc9ec5d1f8c4376efc6c6e365,full pinned adt-arr directory; duplicates and empty check-only inputs retained,substantive,1
extra-families/tricera-adt-arr/adt-arr/sll-circular-1.i-valid-memtrack.smt2,242722e93a8a900615367bdde19244d1f07059a27712b2757e449153eb9562be,tricera-extra-family,ADT-LIA-Arrays,valid-memtrack,original,20036,19,true,https://github.com/chc-comp/tricera-adt-arr,0214c9fb4845013dc9ec5d1f8c4376efc6c6e365,full pinned adt-arr directory; duplicates and empty check-only inputs retained,substantive,1
extra-families/tricera-adt-arr/adt-arr/sll-circular-2.i-unreach-call-pp.smt2,9e086941487a589f3ae0ea23cdd6f0d98b98b4fcfa7119fe6c7b482442ba4958,tricera-extra-family,ADT-LIA-Arrays,unreach-call,preprocessed,43759,97,false,https://github.com/chc-comp/tricera-adt-arr,0214c9fb4845013dc9ec5d1f8c4376efc6c6e365,full pinned adt-arr directory; duplicates and empty check-only inputs retained,substantive,1
extra-families/tricera-adt-arr/adt-arr/sll-circular-2.i-unreach-call.smt2,de136063d670dd99d074c6782798a13ba688debeb97e376f6be6d2f64de34e5c,tricera-extra-family,ADT-LIA-Arrays,unreach-call,original,16565,19,false,https://github.com/chc-comp/tricera-adt-arr,0214c9fb4845013dc9ec5d1f8c4376efc6c6e365,full pinned adt-arr directory; duplicates and empty check-only inputs retained,substantive,1
extra-families/tricera-adt-arr/adt-arr/sll-circular-2.i-valid-memcleanup.smt2,aa36ced7e790924d38ab42f73bea3e617e239315e695f40550d8305047cf7a71,tricera-extra-family,ADT-LIA-Arrays,valid-memcleanup,original,19809,19,true,https://github.com/chc-comp/tricera-adt-arr,0214c9fb4845013dc9ec5d1f8c4376efc6c6e365,full pinned adt-arr directory; duplicates and empty check-only inputs retained,substantive,1
extra-families/tricera-adt-arr/adt-arr/sll-fst-shared.i-valid-deref-pp.smt2,73551a20e106059c7cc5a73bac451051a3333dced80b88db69b33d1d2d31dcec,tricera-extra-family,ADT-LIA-Arrays,valid-deref,preprocessed,89020,204,false,https://github.com/chc-comp/tricera-adt-arr,0214c9fb4845013dc9ec5d1f8c4376efc6c6e365,full pinned adt-arr directory; duplicates and empty check-only inputs retained,substantive,1
extra-families/tricera-adt-arr/adt-arr/sll-fst-shared.i-valid-deref.smt2,c1f3f64309ec0bc94b52363b6fcf6de6dd4bb8f6131c3242b1d0090f8bef2c55,tricera-extra-family,ADT-LIA-Arrays,valid-deref,original,13434,40,false,https://github.com/chc-comp/tricera-adt-arr,0214c9fb4845013dc9ec5d1f8c4376efc6c6e365,full pinned adt-arr directory; duplicates and empty check-only inputs retained,substantive,1
extra-families/tricera-adt-arr/adt-arr/sll-fst-shared.i-valid-free-pp.smt2,65e945322814806a2230dc4b7c5ca5a32b6dc53a882e9cf09c1d078859df190e,tricera-extra-family,ADT-LIA-Arrays,valid-free,preprocessed,19502,41,false,https://github.com/chc-comp/tricera-adt-arr,0214c9fb4845013dc9ec5d1f8c4376efc6c6e365,full pinned adt-arr directory; duplicates and empty check-only inputs retained,substantive,1
extra-families/tricera-adt-arr/adt-arr/sll-fst-shared.i-valid-free.smt2,3b4a191a848ac223439f9c603aab433d18aa032972d32d998bbd8d9da6409214,tricera-extra-family,ADT-LIA-Arrays,valid-free,original,6775,11,false,https://github.com/chc-comp/tricera-adt-arr,0214c9fb4845013dc9ec5d1f8c4376efc6c6e365,full pinned adt-arr directory; duplicates and empty check-only inputs retained,substantive,1
extra-families/tricera-adt-arr/adt-arr/sll-fst-shared.i-valid-memtrack.smt2,3a1f45725c934c7b70a196f89ba371c2907bf63c43397f9243c51f35822604f4,tricera-extra-family,ADT-LIA-Arrays,valid-memtrack,original,7612,10,true,https://github.com/chc-comp/tricera-adt-arr,0214c9fb4845013dc9ec5d1f8c4376efc6c6e365,full pinned adt-arr directory; duplicates and empty check-only inputs retained,substantive,1
extra-families/tricera-adt-arr/adt-arr/sll-lst-shared.i-valid-deref-pp.smt2,75f0852ff1910021b0b6a99a573477345c2faadf253e89570c5402c81251ebbf,tricera-extra-family,ADT-LIA-Arrays,valid-deref,preprocessed,89006,204,false,https://github.com/chc-comp/tricera-adt-arr,0214c9fb4845013dc9ec5d1f8c4376efc6c6e365,full pinned adt-arr directory; duplicates and empty check-only inputs retained,substantive,1
extra-families/tricera-adt-arr/adt-arr/sll-lst-shared.i-valid-deref.smt2,8c885071b7a0ab4674d1ff65603995ddfa79b505bf610b99c87270b7055f3c01,tricera-extra-family,ADT-LIA-Arrays,valid-deref,original,13434,40,false,https://github.com/chc-comp/tricera-adt-arr,0214c9fb4845013dc9ec5d1f8c4376efc6c6e365,full pinned adt-arr directory; duplicates and empty check-only inputs retained,substantive,1
extra-families/tricera-adt-arr/adt-arr/sll-lst-shared.i-valid-free-pp.smt2,07f8e7f41b46e0a7f50c3c43ef878b8ab86b0401cf192a62f04c326febce8610,tricera-extra-family,ADT-LIA-Arrays,valid-free,preprocessed,19502,41,false,https://github.com/chc-comp/tricera-adt-arr,0214c9fb4845013dc9ec5d1f8c4376efc6c6e365,full pinned adt-arr directory; duplicates and empty check-only inputs retained,substantive,1
extra-families/tricera-adt-arr/adt-arr/sll-lst-shared.i-valid-free.smt2,38db9e44c0c71967aeba48a1a71d804991c0c12cc1afeca39ca70deb8bb33c70,tricera-extra-family,ADT-LIA-Arrays,valid-free,original,6775,11,false,https://github.com/chc-comp/tricera-adt-arr,0214c9fb4845013dc9ec5d1f8c4376efc6c6e365,full pinned adt-arr directory; duplicates and empty check-only inputs retained,substantive,1
extra-families/tricera-adt-arr/adt-arr/sll-lst-shared.i-valid-memtrack.smt2,94faa16b695c1509df9947197692f6767d2637d90e3bfbd8f11ed71139921669,tricera-extra-family,ADT-LIA-Arrays,valid-memtrack,original,7612,10,true,https://github.com/chc-comp/tricera-adt-arr,0214c9fb4845013dc9ec5d1f8c4376efc6c6e365,full pinned adt-arr directory; duplicates and empty check-only inputs retained,substantive,1
extra-families/tricera-adt-arr/adt-arr/sll-middle-shared.i-valid-deref-pp.smt2,8297fbae80714019fd3bc9843f2c5642b66f01b3561ac0021247182ca7ffa729,tricera-extra-family,ADT-LIA-Arrays,valid-deref,preprocessed,187584,374,false,https://github.com/chc-comp/tricera-adt-arr,0214c9fb4845013dc9ec5d1f8c4376efc6c6e365,full pinned adt-arr directory; duplicates and empty check-only inputs retained,substantive,1
extra-families/tricera-adt-arr/adt-arr/sll-middle-shared.i-valid-deref.smt2,8605799373ce8050018d7b3691cbee1adbbeae7558d0d4f4874d60b74737ccb8,tricera-extra-family,ADT-LIA-Arrays,valid-deref,original,18864,55,false,https://github.com/chc-comp/tricera-adt-arr,0214c9fb4845013dc9ec5d1f8c4376efc6c6e365,full pinned adt-arr directory; duplicates and empty check-only inputs retained,substantive,1
extra-families/tricera-adt-arr/adt-arr/sll-middle-shared.i-valid-free-pp.smt2,b29c1ba61d9fce9385190944d36a3aa6afdd8d5650bd3f9ba2656021642951f5,tricera-extra-family,ADT-LIA-Arrays,valid-free,preprocessed,31530,61,false,https://github.com/chc-comp/tricera-adt-arr,0214c9fb4845013dc9ec5d1f8c4376efc6c6e365,full pinned adt-arr directory; duplicates and empty check-only inputs retained,substantive,1
extra-families/tricera-adt-arr/adt-arr/sll-middle-shared.i-valid-free.smt2,6bd413f012334b99a1add0b7e9764e8c1ecdd7339df0b15e1e8e756c252355ea,tricera-extra-family,ADT-LIA-Arrays,valid-free,original,8995,13,false,https://github.com/chc-comp/tricera-adt-arr,0214c9fb4845013dc9ec5d1f8c4376efc6c6e365,full pinned adt-arr directory; duplicates and empty check-only inputs retained,substantive,1
extra-families/tricera-adt-arr/adt-arr/sll-middle-shared.i-valid-memtrack.smt2,4a54fbd8da9b5da557b8d7dd497918bbea8ec8ad1399f83f27679d022484a75c,tricera-extra-family,ADT-LIA-Arrays,valid-memtrack,original,9909,10,true,https://github.com/chc-comp/tricera-adt-arr,0214c9fb4845013dc9ec5d1f8c4376efc6c6e365,full pinned adt-arr directory; duplicates and empty check-only inputs retained,substantive,1
extra-families/tricera-adt-arr/adt-arr/sll-nested-sll-inline.i-valid-deref-pp.smt2,292ca5e813b057c70fad24ca8236ccf9febb8c99d50ac2bea712c708d60c2cc3,tricera-extra-family,ADT-LIA-Arrays,valid-deref,preprocessed,139734,311,false,https://github.com/chc-comp/tricera-adt-arr,0214c9fb4845013dc9ec5d1f8c4376efc6c6e365,full pinned adt-arr directory; duplicates and empty check-only inputs retained,substantive,1
extra-families/tricera-adt-arr/adt-arr/sll-nested-sll-inline.i-valid-deref.smt2,98ddfeb6f66f4b0ac540ddb96ca27226a4db72fc1a801c42d8e2f962dd6b9136,tricera-extra-family,ADT-LIA-Arrays,valid-deref,original,29007,73,false,https://github.com/chc-comp/tricera-adt-arr,0214c9fb4845013dc9ec5d1f8c4376efc6c6e365,full pinned adt-arr directory; duplicates and empty check-only inputs retained,substantive,1
extra-families/tricera-adt-arr/adt-arr/sll-nested-sll-inline.i-valid-free-pp.smt2,32be4547df47c9eefef6e30e9be71d0be6e62bedc908001b9ca91fd62788cfcf,tricera-extra-family,ADT-LIA-Arrays,valid-free,preprocessed,53418,103,false,https://github.com/chc-comp/tricera-adt-arr,0214c9fb4845013dc9ec5d1f8c4376efc6c6e365,full pinned adt-arr directory; duplicates and empty check-only inputs retained,substantive,1
extra-families/tricera-adt-arr/adt-arr/sll-nested-sll-inline.i-valid-free.smt2,b63e7527a2a375dd371130b6a78b505e21cca9a99aa5bb22eabc24f6e8e8d805,tricera-extra-family,ADT-LIA-Arrays,valid-free,original,17766,20,false,https://github.com/chc-comp/tricera-adt-arr,0214c9fb4845013dc9ec5d1f8c4376efc6c6e365,full pinned adt-arr directory; duplicates and empty check-only inputs retained,substantive,1
extra-families/tricera-adt-arr/adt-arr/sll-nested-sll-inline.i-valid-memtrack.smt2,42992bb9cdeef2b0c487c6895817802b481725ca521767af8aab1962011ccec1,tricera-extra-family,ADT-LIA-Arrays,valid-memtrack,original,20292,19,true,https://github.com/chc-comp/tricera-adt-arr,0214c9fb4845013dc9ec5d1f8c4376efc6c6e365,full pinned adt-arr directory; duplicates and empty check-only inputs retained,substantive,1
extra-families/tricera-adt-arr/adt-arr/sll-nested-sll-twice.i-valid-deref-pp.smt2,9dedd9fef93391aaeffec9e27bb81532ee1478d0d45451d8321377f280cac8b1,tricera-extra-family,ADT-LIA-Arrays,valid-deref,preprocessed,263192,563,false,https://github.com/chc-comp/tricera-adt-arr,0214c9fb4845013dc9ec5d1f8c4376efc6c6e365,full pinned adt-arr directory; duplicates and empty check-only inputs retained,substantive,1
extra-families/tricera-adt-arr/adt-arr/sll-nested-sll-twice.i-valid-deref.smt2,e4a93e0652557caf851e0a5cc899c6a43f75bd1849448146e5a0dd65fbb333bf,tricera-extra-family,ADT-LIA-Arrays,valid-deref,original,46202,124,false,https://github.com/chc-comp/tricera-adt-arr,0214c9fb4845013dc9ec5d1f8c4376efc6c6e365,full pinned adt-arr directory; duplicates and empty check-only inputs retained,substantive,1
extra-families/tricera-adt-arr/adt-arr/sll-nested-sll-twice.i-valid-free-pp.smt2,f4a9085c5bfdf4ed422a696457afb52e7083609788e3912cb14004e81da61e81,tricera-extra-family,ADT-LIA-Arrays,valid-free,preprocessed,85704,157,false,https://github.com/chc-comp/tricera-adt-arr,0214c9fb4845013dc9ec5d1f8c4376efc6c6e365,full pinned adt-arr directory; duplicates and empty check-only inputs retained,substantive,1
extra-families/tricera-adt-arr/adt-arr/sll-nested-sll-twice.i-valid-free.smt2,aa2cee68c05f974e7bd3149f03e20237ade256be1ee40a8000ae06b3e47fe69d,tricera-extra-family,ADT-LIA-Arrays,valid-free,original,26331,31,false,https://github.com/chc-comp/tricera-adt-arr,0214c9fb4845013dc9ec5d1f8c4376efc6c6e365,full pinned adt-arr directory; duplicates and empty check-only inputs retained,substantive,1
extra-families/tricera-adt-arr/adt-arr/sll-nested-sll-twice.i-valid-memtrack.smt2,7bc4ae83e180dbf2e23dbcfdfbbb33b50df7b5d440a88676e0f4feb72fb58c01,tricera-extra-family,ADT-LIA-Arrays,valid-memtrack,original,27869,27,true,https://github.com/chc-comp/tricera-adt-arr,0214c9fb4845013dc9ec5d1f8c4376efc6c6e365,full pinned adt-arr directory; duplicates and empty check-only inputs retained,substantive,1
extra-families/tricera-adt-arr/adt-arr/sll-nested-sll.i-valid-deref-pp.smt2,769d1aeaf125aee2943fa8f799aea13d38510386f7b0fbc8a87a9e71d8daeac5,tricera-extra-family,ADT-LIA-Arrays,valid-deref,preprocessed,139346,311,false,https://github.com/chc-comp/tricera-adt-arr,0214c9fb4845013dc9ec5d1f8c4376efc6c6e365,full pinned adt-arr directory; duplicates and empty check-only inputs retained,substantive,1
extra-families/tricera-adt-arr/adt-arr/sll-nested-sll.i-valid-deref.smt2,09635df0394c76a71f88d6ad241a886b5bc981b85dbc63dc766d80e601bd9867,tricera-extra-family,ADT-LIA-Arrays,valid-deref,original,27258,73,false,https://github.com/chc-comp/tricera-adt-arr,0214c9fb4845013dc9ec5d1f8c4376efc6c6e365,full pinned adt-arr directory; duplicates and empty check-only inputs retained,substantive,1
extra-families/tricera-adt-arr/adt-arr/sll-nested-sll.i-valid-free-pp.smt2,255f2c5ab168dbaff8465c76506d1895d29cc6453490129edd9dcdc1bfd832bd,tricera-extra-family,ADT-LIA-Arrays,valid-free,preprocessed,53236,103,false,https://github.com/chc-comp/tricera-adt-arr,0214c9fb4845013dc9ec5d1f8c4376efc6c6e365,full pinned adt-arr directory; duplicates and empty check-only inputs retained,substantive,1
extra-families/tricera-adt-arr/adt-arr/sll-nested-sll.i-valid-free.smt2,a8ef2cd18f8141e95505957b2e418447a3feebcdd4ba416fe7e09dff229dd06e,tricera-extra-family,ADT-LIA-Arrays,valid-free,original,16178,20,false,https://github.com/chc-comp/tricera-adt-arr,0214c9fb4845013dc9ec5d1f8c4376efc6c6e365,full pinned adt-arr directory; duplicates and empty check-only inputs retained,substantive,1
extra-families/tricera-adt-arr/adt-arr/sll-nested-sll.i-valid-memtrack.smt2,4eca9dc6fa86da29697021c52fcf64bfeb95f839b97a411f73e6865ed44a7196,tricera-extra-family,ADT-LIA-Arrays,valid-memtrack,original,18714,19,true,https://github.com/chc-comp/tricera-adt-arr,0214c9fb4845013dc9ec5d1f8c4376efc6c6e365,full pinned adt-arr directory; duplicates and empty check-only inputs retained,substantive,1
extra-families/tricera-adt-arr/adt-arr/sll-optional-1.i-unreach-call.smt2,d183385f35334705a7ebee6591aef7ab10b23e36cd65190aef0b81efaa363e44,tricera-extra-family,ADT-LIA-Arrays,unreach-call,original,15611,18,false,https://github.com/chc-comp/tricera-adt-arr,0214c9fb4845013dc9ec5d1f8c4376efc6c6e365,full pinned adt-arr directory; duplicates and empty check-only inputs retained,substantive,1
extra-families/tricera-adt-arr/adt-arr/sll-optional-1.i-valid-deref-pp.smt2,0d75ae059b095d618b9f0ff20c7cfcd7877cc2098305cfd94cfa9b9b79cb8fd8,tricera-extra-family,ADT-LIA-Arrays,valid-deref,preprocessed,248647,522,false,https://github.com/chc-comp/tricera-adt-arr,0214c9fb4845013dc9ec5d1f8c4376efc6c6e365,full pinned adt-arr directory; duplicates and empty check-only inputs retained,substantive,1
extra-families/tricera-adt-arr/adt-arr/sll-optional-1.i-valid-deref.smt2,ac3a5caa7ff109cdb3da3fed9bd026fe0f90e541999fdb6706c9e4290540e8a7,tricera-extra-family,ADT-LIA-Arrays,valid-deref,original,25294,86,false,https://github.com/chc-comp/tricera-adt-arr,0214c9fb4845013dc9ec5d1f8c4376efc6c6e365,full pinned adt-arr directory; duplicates and empty check-only inputs retained,substantive,1
extra-families/tricera-adt-arr/adt-arr/sll-optional-1.i-valid-free.smt2,d03e9fc5f0fd7842e7210b896534195cb3d1f43db4fd65fe8381d914676c1e09,tricera-extra-family,ADT-LIA-Arrays,valid-free,original,16486,20,false,https://github.com/chc-comp/tricera-adt-arr,0214c9fb4845013dc9ec5d1f8c4376efc6c6e365,full pinned adt-arr directory; duplicates and empty check-only inputs retained,substantive,1
extra-families/tricera-adt-arr/adt-arr/sll-optional-1.i-valid-memtrack.smt2,014747bd3ba977a13570e71635e8423844412a8c73d7bafa32fd2db488e03d00,tricera-extra-family,ADT-LIA-Arrays,valid-memtrack,original,19352,20,true,https://github.com/chc-comp/tricera-adt-arr,0214c9fb4845013dc9ec5d1f8c4376efc6c6e365,full pinned adt-arr directory; duplicates and empty check-only inputs retained,substantive,1
extra-families/tricera-adt-arr/adt-arr/sll-optional-2.i-unreach-call-pp.smt2,65fa326659e830cb51fa86f94c89a4dfa1138b7ef464095346ceae4f26cd5205,tricera-extra-family,ADT-LIA-Arrays,unreach-call,preprocessed,52309,101,false,https://github.com/chc-comp/tricera-adt-arr,0214c9fb4845013dc9ec5d1f8c4376efc6c6e365,full pinned adt-arr directory; duplicates and empty check-only inputs retained,substantive,1
extra-families/tricera-adt-arr/adt-arr/sll-optional-2.i-unreach-call.smt2,402210abdacc28d4d8d1c00a7bcb03a1e9ed6e64a33814b7ad5cebeef7c34a4f,tricera-extra-family,ADT-LIA-Arrays,unreach-call,original,13723,15,false,https://github.com/chc-comp/tricera-adt-arr,0214c9fb4845013dc9ec5d1f8c4376efc6c6e365,full pinned adt-arr directory; duplicates and empty check-only inputs retained,substantive,1
extra-families/tricera-adt-arr/adt-arr/sll-optional-2.i-valid-memcleanup.smt2,b72dafa4f6c683edcb5c4d1b199c9a85e65bf5b38342118179dfb79988a0d3a7,tricera-extra-family,ADT-LIA-Arrays,valid-memcleanup,original,17158,17,true,https://github.com/chc-comp/tricera-adt-arr,0214c9fb4845013dc9ec5d1f8c4376efc6c6e365,full pinned adt-arr directory; duplicates and empty check-only inputs retained,substantive,1
extra-families/tricera-adt-arr/adt-arr/sll-queue-1.i-unreach-call-pp.smt2,e7032d4ca22e425f4af773710899464bd37fc654e2749295532f94a0ed12da1b,tricera-extra-family,ADT-LIA-Arrays,unreach-call,preprocessed,47978,115,false,https://github.com/chc-comp/tricera-adt-arr,0214c9fb4845013dc9ec5d1f8c4376efc6c6e365,full pinned adt-arr directory; duplicates and empty check-only inputs retained,substantive,1
extra-families/tricera-adt-arr/adt-arr/sll-queue-1.i-unreach-call.smt2,b3d267928a02443779df0c4c446f4178538dabfbd554a9f826f1191895e55649,tricera-extra-family,ADT-LIA-Arrays,unreach-call,original,23307,46,false,https://github.com/chc-comp/tricera-adt-arr,0214c9fb4845013dc9ec5d1f8c4376efc6c6e365,full pinned adt-arr directory; duplicates and empty check-only inputs retained,substantive,1
extra-families/tricera-adt-arr/adt-arr/sll-queue-1.i-valid-deref-pp.smt2,6f9fa6cb44db397d7019ebde8bb7ea7d306e2f90177e3228641d09b48db21355,tricera-extra-family,ADT-LIA-Arrays,valid-deref,preprocessed,106666,264,false,https://github.com/chc-comp/tricera-adt-arr,0214c9fb4845013dc9ec5d1f8c4376efc6c6e365,full pinned adt-arr directory; duplicates and empty check-only inputs retained,substantive,1
extra-families/tricera-adt-arr/adt-arr/sll-queue-1.i-valid-deref.smt2,ac7c51e9df905caee868bbb73ad92ab103790f6950e9d684c047d535fe3d5f02,tricera-extra-family,ADT-LIA-Arrays,valid-deref,original,22800,68,false,https://github.com/chc-comp/tricera-adt-arr,0214c9fb4845013dc9ec5d1f8c4376efc6c6e365,full pinned adt-arr directory; duplicates and empty check-only inputs retained,substantive,1
extra-families/tricera-adt-arr/adt-arr/sll-queue-1.i-valid-free-pp.smt2,c11d04b36c8b8e961556ee6a6d35bd41f76cc68c8f4540da05c0deaf1103564a,tricera-extra-family,ADT-LIA-Arrays,valid-free,preprocessed,38152,87,false,https://github.com/chc-comp/tricera-adt-arr,0214c9fb4845013dc9ec5d1f8c4376efc6c6e365,full pinned adt-arr directory; duplicates and empty check-only inputs retained,substantive,1
extra-families/tricera-adt-arr/adt-arr/sll-queue-1.i-valid-free.smt2,21ea35cb272d6a6a396a63602104362b306ab6c86fb5162043a58864ef921f41,tricera-extra-family,ADT-LIA-Arrays,valid-free,original,15660,18,false,https://github.com/chc-comp/tricera-adt-arr,0214c9fb4845013dc9ec5d1f8c4376efc6c6e365,full pinned adt-arr directory; duplicates and empty check-only inputs retained,substantive,1
extra-families/tricera-adt-arr/adt-arr/sll-queue-1.i-valid-memtrack.smt2,770dc1dfa574441d278e8f589d787825aff32bd5914e65486942fdd2a7d2eff2,tricera-extra-family,ADT-LIA-Arrays,valid-memtrack,original,24458,35,true,https://github.com/chc-comp/tricera-adt-arr,0214c9fb4845013dc9ec5d1f8c4376efc6c6e365,full pinned adt-arr directory; duplicates and empty check-only inputs retained,substantive,1
extra-families/tricera-adt-arr/adt-arr/sll-queue-2.i-unreach-call-pp.smt2,d4687eaf2c9b8fab774fd6190f04bfcdeac1bc417a41500eea34011de7ef3099,tricera-extra-family,ADT-LIA-Arrays,unreach-call,preprocessed,47988,115,false,https://github.com/chc-comp/tricera-adt-arr,0214c9fb4845013dc9ec5d1f8c4376efc6c6e365,full pinned adt-arr directory; duplicates and empty check-only inputs retained,substantive,1
extra-families/tricera-adt-arr/adt-arr/sll-queue-2.i-unreach-call.smt2,866243d2cdaac791bdf61e432db789e61952bf022f29a9c4f50f7882ea3938bf,tricera-extra-family,ADT-LIA-Arrays,unreach-call,original,23309,46,false,https://github.com/chc-comp/tricera-adt-arr,0214c9fb4845013dc9ec5d1f8c4376efc6c6e365,full pinned adt-arr directory; duplicates and empty check-only inputs retained,substantive,1
extra-families/tricera-adt-arr/adt-arr/sll-queue-2.i-valid-memcleanup.smt2,588d9af5fcb1209f5accb2e9a108cbd11838c1095fbde7dccec833ff8217026a,tricera-extra-family,ADT-LIA-Arrays,valid-memcleanup,original,24456,35,true,https://github.com/chc-comp/tricera-adt-arr,0214c9fb4845013dc9ec5d1f8c4376efc6c6e365,full pinned adt-arr directory; duplicates and empty check-only inputs retained,substantive,1
extra-families/tricera-adt-arr/adt-arr/sll-rb-cnstr_1-1.i-unreach-call-pp.smt2,a7ab66296f6605dd033d7eabdeca370cfbb42dbb930888bb4c1da3a91f829629,tricera-extra-family,ADT-LIA-Arrays,unreach-call,preprocessed,29772,63,false,https://github.com/chc-comp/tricera-adt-arr,0214c9fb4845013dc9ec5d1f8c4376efc6c6e365,full pinned adt-arr directory; duplicates and empty check-only inputs retained,substantive,1
extra-families/tricera-adt-arr/adt-arr/sll-rb-cnstr_1-1.i-unreach-call.smt2,b5a9c2d68e16caa61e9e3682ee8e49f6f726cff5d6e3c3029a711fe7b202e2dc,tricera-extra-family,ADT-LIA-Arrays,unreach-call,original,10586,18,false,https://github.com/chc-comp/tricera-adt-arr,0214c9fb4845013dc9ec5d1f8c4376efc6c6e365,full pinned adt-arr directory; duplicates and empty check-only inputs retained,substantive,1
extra-families/tricera-adt-arr/adt-arr/sll-rb-cnstr_1-1.i-valid-deref-pp.smt2,d2fced9bbd4b3a3eef24c2594380b4f6e239ebf89399b4bc4b8ddf76ea4e5728,tricera-extra-family,ADT-LIA-Arrays,valid-deref,preprocessed,140953,316,false,https://github.com/chc-comp/tricera-adt-arr,0214c9fb4845013dc9ec5d1f8c4376efc6c6e365,full pinned adt-arr directory; duplicates and empty check-only inputs retained,substantive,1
extra-families/tricera-adt-arr/adt-arr/sll-rb-cnstr_1-1.i-valid-deref.smt2,b66af126601cf2344b3802ae8fe12522cf6638954185b32871436e7237657bf3,tricera-extra-family,ADT-LIA-Arrays,valid-deref,original,16230,58,false,https://github.com/chc-comp/tricera-adt-arr,0214c9fb4845013dc9ec5d1f8c4376efc6c6e365,full pinned adt-arr directory; duplicates and empty check-only inputs retained,substantive,1
extra-families/tricera-adt-arr/adt-arr/sll-rb-cnstr_1-1.i-valid-free-pp.smt2,15e5c198e0ebc30e3bab99a447d622fc50963c7d372047b017596e316c94ae48,tricera-extra-family,ADT-LIA-Arrays,valid-free,preprocessed,32869,75,false,https://github.com/chc-comp/tricera-adt-arr,0214c9fb4845013dc9ec5d1f8c4376efc6c6e365,full pinned adt-arr directory; duplicates and empty check-only inputs retained,substantive,1
extra-families/tricera-adt-arr/adt-arr/sll-rb-cnstr_1-1.i-valid-free.smt2,3e44d6b2ef18c71642a3172bdbdc4d4ff8c960e10c201ddd7553495d288cc712,tricera-extra-family,ADT-LIA-Arrays,valid-free,original,9449,16,false,https://github.com/chc-comp/tricera-adt-arr,0214c9fb4845013dc9ec5d1f8c4376efc6c6e365,full pinned adt-arr directory; duplicates and empty check-only inputs retained,substantive,1
extra-families/tricera-adt-arr/adt-arr/sll-rb-cnstr_1-1.i-valid-memtrack.smt2,610f659956abe0372a9fc0e103100c0cd3295b7efafa4e72c53e04fdd64188f1,tricera-extra-family,ADT-LIA-Arrays,valid-memtrack,original,12485,17,true,https://github.com/chc-comp/tricera-adt-arr,0214c9fb4845013dc9ec5d1f8c4376efc6c6e365,full pinned adt-arr directory; duplicates and empty check-only inputs retained,substantive,1
extra-families/tricera-adt-arr/adt-arr/sll-rb-cnstr_1-2.i-unreach-call-pp.smt2,68e81d4013ee6cf21f0280f7a53c74a1a6e2963fe4f190e31aa78b71374cb7a4,tricera-extra-family,ADT-LIA-Arrays,unreach-call,preprocessed,31440,68,false,https://github.com/chc-comp/tricera-adt-arr,0214c9fb4845013dc9ec5d1f8c4376efc6c6e365,full pinned adt-arr directory; duplicates and empty check-only inputs retained,substantive,1
extra-families/tricera-adt-arr/adt-arr/sll-rb-cnstr_1-2.i-unreach-call.smt2,e13ef074c18ccf5f0f0e72e03f374ed602432bb048dd80e58d0a943ece8078e7,tricera-extra-family,ADT-LIA-Arrays,unreach-call,original,10688,17,false,https://github.com/chc-comp/tricera-adt-arr,0214c9fb4845013dc9ec5d1f8c4376efc6c6e365,full pinned adt-arr directory; duplicates and empty check-only inputs retained,substantive,1
extra-families/tricera-adt-arr/adt-arr/sll-rb-cnstr_1-2.i-valid-deref-pp.smt2,17e6ccfa9686ac83119f8428dd61a2b84ff54fa14f6433c02a56e9558d4e7b2c,tricera-extra-family,ADT-LIA-Arrays,valid-deref,preprocessed,141569,294,false,https://github.com/chc-comp/tricera-adt-arr,0214c9fb4845013dc9ec5d1f8c4376efc6c6e365,full pinned adt-arr directory; duplicates and empty check-only inputs retained,substantive,1
extra-families/tricera-adt-arr/adt-arr/sll-rb-cnstr_1-2.i-valid-deref.smt2,123f27c2adf62bad682da4dcfc41be3534f8ebcf8b2a2d41a62690d7ffcfbb75,tricera-extra-family,ADT-LIA-Arrays,valid-deref,original,16718,60,false,https://github.com/chc-comp/tricera-adt-arr,0214c9fb4845013dc9ec5d1f8c4376efc6c6e365,full pinned adt-arr directory; duplicates and empty check-only inputs retained,substantive,1
extra-families/tricera-adt-arr/adt-arr/sll-rb-cnstr_1-2.i-valid-free-pp.smt2,2c691d441fab250f2f0908dea9680fea99a9115355a3be224307fe8995326024,tricera-extra-family,ADT-LIA-Arrays,valid-free,preprocessed,33560,77,false,https://github.com/chc-comp/tricera-adt-arr,0214c9fb4845013dc9ec5d1f8c4376efc6c6e365,full pinned adt-arr directory; duplicates and empty check-only inputs retained,substantive,1
extra-families/tricera-adt-arr/adt-arr/sll-rb-cnstr_1-2.i-valid-free.smt2,69606e5d09664645d93e3dbc36c316054da4b910fbfb511b05febfff5c54fa0f,tricera-extra-family,ADT-LIA-Arrays,valid-free,original,9679,16,false,https://github.com/chc-comp/tricera-adt-arr,0214c9fb4845013dc9ec5d1f8c4376efc6c6e365,full pinned adt-arr directory; duplicates and empty check-only inputs retained,substantive,1
extra-families/tricera-adt-arr/adt-arr/sll-rb-cnstr_1-2.i-valid-memtrack.smt2,feca6864753efde8fb2f57863da4a7da54cb93b5ba21b3bc91450de4f965711c,tricera-extra-family,ADT-LIA-Arrays,valid-memtrack,original,12776,17,true,https://github.com/chc-comp/tricera-adt-arr,0214c9fb4845013dc9ec5d1f8c4376efc6c6e365,full pinned adt-arr directory; duplicates and empty check-only inputs retained,substantive,1
extra-families/tricera-adt-arr/adt-arr/sll-rb-sentinel-1.i-unreach-call-pp.smt2,eeacc659aa8238f694f651fb2bd03faad05f5f1e677b6f0668961fc5a9cd43b4,tricera-extra-family,ADT-LIA-Arrays,unreach-call,preprocessed,34494,70,false,https://github.com/chc-comp/tricera-adt-arr,0214c9fb4845013dc9ec5d1f8c4376efc6c6e365,full pinned adt-arr directory; duplicates and empty check-only inputs retained,substantive,1
extra-families/tricera-adt-arr/adt-arr/sll-rb-sentinel-1.i-unreach-call.smt2,89356fd700746968e51c7d6cbd05bf1011a04265c8af715898ecadbc9dfeabae,tricera-extra-family,ADT-LIA-Arrays,unreach-call,original,11967,18,false,https://github.com/chc-comp/tricera-adt-arr,0214c9fb4845013dc9ec5d1f8c4376efc6c6e365,full pinned adt-arr directory; duplicates and empty check-only inputs retained,substantive,1
extra-families/tricera-adt-arr/adt-arr/sll-rb-sentinel-1.i-valid-deref-pp.smt2,8edd012cbd142a8e9506e6acdc8b19e2ab6413ff41655c62c07b40276d4182bd,tricera-extra-family,ADT-LIA-Arrays,valid-deref,preprocessed,171331,369,false,https://github.com/chc-comp/tricera-adt-arr,0214c9fb4845013dc9ec5d1f8c4376efc6c6e365,full pinned adt-arr directory; duplicates and empty check-only inputs retained,substantive,1
extra-families/tricera-adt-arr/adt-arr/sll-rb-sentinel-1.i-valid-deref.smt2,568c979c840b5181a413809d9afe5595e24008d892e3bcb49f066f1ddbf8e36a,tricera-extra-family,ADT-LIA-Arrays,valid-deref,original,19116,64,false,https://github.com/chc-comp/tricera-adt-arr,0214c9fb4845013dc9ec5d1f8c4376efc6c6e365,full pinned adt-arr directory; duplicates and empty check-only inputs retained,substantive,1
extra-families/tricera-adt-arr/adt-arr/sll-rb-sentinel-1.i-valid-free-pp.smt2,4f5c9a94122b14daed2b9432cb739e7348d7ba54ef36b865db4a8d8703482c03,tricera-extra-family,ADT-LIA-Arrays,valid-free,preprocessed,38374,84,false,https://github.com/chc-comp/tricera-adt-arr,0214c9fb4845013dc9ec5d1f8c4376efc6c6e365,full pinned adt-arr directory; duplicates and empty check-only inputs retained,substantive,1
extra-families/tricera-adt-arr/adt-arr/sll-rb-sentinel-1.i-valid-free.smt2,510cd81bae9262dbd8bb0d6d79d1940f5f2f5b27df553bf54b7e9a015621827e,tricera-extra-family,ADT-LIA-Arrays,valid-free,original,11321,18,false,https://github.com/chc-comp/tricera-adt-arr,0214c9fb4845013dc9ec5d1f8c4376efc6c6e365,full pinned adt-arr directory; duplicates and empty check-only inputs retained,substantive,1
extra-families/tricera-adt-arr/adt-arr/sll-rb-sentinel-1.i-valid-memtrack.smt2,321cba8b1f8c9653b2b274f6ffd7a9d76b24937c14338f6cb3fafd2999b28f37,tricera-extra-family,ADT-LIA-Arrays,valid-memtrack,original,14145,17,true,https://github.com/chc-comp/tricera-adt-arr,0214c9fb4845013dc9ec5d1f8c4376efc6c6e365,full pinned adt-arr directory; duplicates and empty check-only inputs retained,substantive,1
extra-families/tricera-adt-arr/adt-arr/sll-rb-sentinel-2.i-unreach-call-pp.smt2,ecd771179d4fba41ac1ffd1577310dc1679c0a513cc5e732d834f10e1324ad99,tricera-extra-family,ADT-LIA-Arrays,unreach-call,preprocessed,34491,70,false,https://github.com/chc-comp/tricera-adt-arr,0214c9fb4845013dc9ec5d1f8c4376efc6c6e365,full pinned adt-arr directory; duplicates and empty check-only inputs retained,substantive,1
extra-families/tricera-adt-arr/adt-arr/sll-rb-sentinel-2.i-unreach-call.smt2,d43b408a1f6ddac9b3ca8913d46c2cc7e9324d375e8cb9bc7bae738f243269d7,tricera-extra-family,ADT-LIA-Arrays,unreach-call,original,11969,18,false,https://github.com/chc-comp/tricera-adt-arr,0214c9fb4845013dc9ec5d1f8c4376efc6c6e365,full pinned adt-arr directory; duplicates and empty check-only inputs retained,substantive,1
extra-families/tricera-adt-arr/adt-arr/sll-rb-sentinel-2.i-valid-memcleanup.smt2,58edbfd6721224e14318e5e078178c42c8b20aa4e3e72c90520842777db1d7fa,tricera-extra-family,ADT-LIA-Arrays,valid-memcleanup,original,14143,17,true,https://github.com/chc-comp/tricera-adt-arr,0214c9fb4845013dc9ec5d1f8c4376efc6c6e365,full pinned adt-arr directory; duplicates and empty check-only inputs retained,substantive,1
extra-families/tricera-adt-arr/adt-arr/sll-reverse_simple.i-unreach-call-pp.smt2,e9ec0895643d57629fc6c389c959bccf356d239a406d86203016401c7292a4e9,tricera-extra-family,ADT-LIA-Arrays,unreach-call,preprocessed,48910,107,false,https://github.com/chc-comp/tricera-adt-arr,0214c9fb4845013dc9ec5d1f8c4376efc6c6e365,full pinned adt-arr directory; duplicates and empty check-only inputs retained,substantive,1
extra-families/tricera-adt-arr/adt-arr/sll-reverse_simple.i-unreach-call.smt2,1c80f97e3295a0ab8bde72b7cbfb0aea96e6b4d27dac2d02787024c4cbb3305f,tricera-extra-family,ADT-LIA-Arrays,unreach-call,original,16751,24,false,https://github.com/chc-comp/tricera-adt-arr,0214c9fb4845013dc9ec5d1f8c4376efc6c6e365,full pinned adt-arr directory; duplicates and empty check-only inputs retained,substantive,1
extra-families/tricera-adt-arr/adt-arr/sll-reverse_simple.i-valid-deref-pp.smt2,d0c9d315824e7f76d400f2faab0d77965bdde13927a76957895861f9bb3efd42,tricera-extra-family,ADT-LIA-Arrays,valid-deref,preprocessed,140251,331,false,https://github.com/chc-comp/tricera-adt-arr,0214c9fb4845013dc9ec5d1f8c4376efc6c6e365,full pinned adt-arr directory; duplicates and empty check-only inputs retained,substantive,1
extra-families/tricera-adt-arr/adt-arr/sll-reverse_simple.i-valid-deref.smt2,15f87f6436a2d6fa7b2ca17cd46b44034ed22d1d222f8389496a23337aa222e8,tricera-extra-family,ADT-LIA-Arrays,valid-deref,original,24199,73,false,https://github.com/chc-comp/tricera-adt-arr,0214c9fb4845013dc9ec5d1f8c4376efc6c6e365,full pinned adt-arr directory; duplicates and empty check-only inputs retained,substantive,1
extra-families/tricera-adt-arr/adt-arr/sll-reverse_simple.i-valid-free-pp.smt2,7e9d4cbda76cbeb4ef6068149e3ab303bf86a8eabb41ab664e515015ebaf9eb7,tricera-extra-family,ADT-LIA-Arrays,valid-free,preprocessed,42923,96,false,https://github.com/chc-comp/tricera-adt-arr,0214c9fb4845013dc9ec5d1f8c4376efc6c6e365,full pinned adt-arr directory; duplicates and empty check-only inputs retained,substantive,1
extra-families/tricera-adt-arr/adt-arr/sll-reverse_simple.i-valid-free.smt2,2660c9a38ff6622a90efcbabfec24b4434923392ee733e0a56d0808abb5a8e92,tricera-extra-family,ADT-LIA-Arrays,valid-free,original,17547,18,false,https://github.com/chc-comp/tricera-adt-arr,0214c9fb4845013dc9ec5d1f8c4376efc6c6e365,full pinned adt-arr directory; duplicates and empty check-only inputs retained,substantive,1
extra-families/tricera-adt-arr/adt-arr/sll-reverse_simple.i-valid-memtrack.smt2,2d6d478f0cc10b27caee5bab4e17c963c2213a019785f9ade9e938c2f210ed32,tricera-extra-family,ADT-LIA-Arrays,valid-memtrack,original,19566,24,true,https://github.com/chc-comp/tricera-adt-arr,0214c9fb4845013dc9ec5d1f8c4376efc6c6e365,full pinned adt-arr directory; duplicates and empty check-only inputs retained,substantive,1
extra-families/tricera-adt-arr/adt-arr/sll-shared-after.i-valid-deref-pp.smt2,1c5bd755f3ae68954269359841eef30bd279ed38a9bf496a671ac9ee7fa3f01c,tricera-extra-family,ADT-LIA-Arrays,valid-deref,preprocessed,38437,93,false,https://github.com/chc-comp/tricera-adt-arr,0214c9fb4845013dc9ec5d1f8c4376efc6c6e365,full pinned adt-arr directory; duplicates and empty check-only inputs retained,substantive,1
extra-families/tricera-adt-arr/adt-arr/sll-shared-after.i-valid-deref.smt2,8d799e249f88c3412e77d43970bc978158730b42f27ba69f813411c79c449b41,tricera-extra-family,ADT-LIA-Arrays,valid-deref,original,10252,27,false,https://github.com/chc-comp/tricera-adt-arr,0214c9fb4845013dc9ec5d1f8c4376efc6c6e365,full pinned adt-arr directory; duplicates and empty check-only inputs retained,substantive,1
extra-families/tricera-adt-arr/adt-arr/sll-shared-after.i-valid-free-pp.smt2,a7085c6fdabda6e14683eacba4c988572a2b21581f7db0c5adadf7dabe00074e,tricera-extra-family,ADT-LIA-Arrays,valid-free,preprocessed,14955,34,false,https://github.com/chc-comp/tricera-adt-arr,0214c9fb4845013dc9ec5d1f8c4376efc6c6e365,full pinned adt-arr directory; duplicates and empty check-only inputs retained,substantive,1
extra-families/tricera-adt-arr/adt-arr/sll-shared-after.i-valid-free.smt2,a7ebaf61794fd48ab37011b1030f3b51091dd15beff95c9a7ffbc47bc9976326,tricera-extra-family,ADT-LIA-Arrays,valid-free,original,6374,11,false,https://github.com/chc-comp/tricera-adt-arr,0214c9fb4845013dc9ec5d1f8c4376efc6c6e365,full pinned adt-arr directory; duplicates and empty check-only inputs retained,substantive,1
extra-families/tricera-adt-arr/adt-arr/sll-shared-after.i-valid-memtrack.smt2,9ec6a79e220fbf9853378e114967233df4feaecf1dfc2e64b47cd1cd0dc247a9,tricera-extra-family,ADT-LIA-Arrays,valid-memtrack,original,7041,9,true,https://github.com/chc-comp/tricera-adt-arr,0214c9fb4845013dc9ec5d1f8c4376efc6c6e365,full pinned adt-arr directory; duplicates and empty check-only inputs retained,substantive,1
extra-families/tricera-adt-arr/adt-arr/sll-shared-before.i-valid-deref-pp.smt2,63d3aa62639275f94ae63e6b7f2ecf9d2e31d6020894ca60a6b562382f9f451e,tricera-extra-family,ADT-LIA-Arrays,valid-deref,preprocessed,70377,157,false,https://github.com/chc-comp/tricera-adt-arr,0214c9fb4845013dc9ec5d1f8c4376efc6c6e365,full pinned adt-arr directory; duplicates and empty check-only inputs retained,substantive,1
extra-families/tricera-adt-arr/adt-arr/sll-shared-before.i-valid-deref.smt2,5f37eb331578613b24a59c5abc9bb20ee26b37321b04ef95b4328cac2ba3a72f,tricera-extra-family,ADT-LIA-Arrays,valid-deref,original,10999,27,false,https://github.com/chc-comp/tricera-adt-arr,0214c9fb4845013dc9ec5d1f8c4376efc6c6e365,full pinned adt-arr directory; duplicates and empty check-only inputs retained,substantive,1
extra-families/tricera-adt-arr/adt-arr/sll-shared-before.i-valid-free-pp.smt2,62aa8d06322565ae69e85d816975d186d50d24a9cd8e78a6c15f2718ddd2dcb5,tricera-extra-family,ADT-LIA-Arrays,valid-free,preprocessed,16625,34,false,https://github.com/chc-comp/tricera-adt-arr,0214c9fb4845013dc9ec5d1f8c4376efc6c6e365,full pinned adt-arr directory; duplicates and empty check-only inputs retained,substantive,1
extra-families/tricera-adt-arr/adt-arr/sll-shared-before.i-valid-free.smt2,446890e537b6c216513c2eb5c058c12ffd257fdfec59351bd8906f183a0f28e6,tricera-extra-family,ADT-LIA-Arrays,valid-free,original,5975,8,false,https://github.com/chc-comp/tricera-adt-arr,0214c9fb4845013dc9ec5d1f8c4376efc6c6e365,full pinned adt-arr directory; duplicates and empty check-only inputs retained,substantive,1
extra-families/tricera-adt-arr/adt-arr/sll-shared-before.i-valid-memtrack.smt2,9d60278cbf88c367e3ff10a80ea085f92631657600e412f653a82e7cd7789a98,tricera-extra-family,ADT-LIA-Arrays,valid-memtrack,original,6894,7,true,https://github.com/chc-comp/tricera-adt-arr,0214c9fb4845013dc9ec5d1f8c4376efc6c6e365,full pinned adt-arr directory; duplicates and empty check-only inputs retained,substantive,1
extra-families/tricera-adt-arr/adt-arr/sll-shared-sll-after.i-valid-deref-pp.smt2,8ec4bcd7d9c2c9786d4718b30a782efa185a147995d5599a1b6b0b3fe8d7f493,tricera-extra-family,ADT-LIA-Arrays,valid-deref,preprocessed,85908,206,false,https://github.com/chc-comp/tricera-adt-arr,0214c9fb4845013dc9ec5d1f8c4376efc6c6e365,full pinned adt-arr directory; duplicates and empty check-only inputs retained,substantive,1
extra-families/tricera-adt-arr/adt-arr/sll-shared-sll-after.i-valid-deref.smt2,1c65ff3fe9138dff50f5b6564455cdf120fc11e0999dce58ac02e1d6c69b80c5,tricera-extra-family,ADT-LIA-Arrays,valid-deref,original,17756,49,false,https://github.com/chc-comp/tricera-adt-arr,0214c9fb4845013dc9ec5d1f8c4376efc6c6e365,full pinned adt-arr directory; duplicates and empty check-only inputs retained,substantive,1
extra-families/tricera-adt-arr/adt-arr/sll-shared-sll-after.i-valid-free-pp.smt2,5862f3bb350a5edbbe406b7ad2d92415513604bcd8e505d95a1934cf0b109c55,tricera-extra-family,ADT-LIA-Arrays,valid-free,preprocessed,24434,51,false,https://github.com/chc-comp/tricera-adt-arr,0214c9fb4845013dc9ec5d1f8c4376efc6c6e365,full pinned adt-arr directory; duplicates and empty check-only inputs retained,substantive,1
extra-families/tricera-adt-arr/adt-arr/sll-shared-sll-after.i-valid-free.smt2,82bad1a15f3036e8f6025baad17e15ca8cfd662199d9ed3fdfc20db405e149a0,tricera-extra-family,ADT-LIA-Arrays,valid-free,original,9053,14,false,https://github.com/chc-comp/tricera-adt-arr,0214c9fb4845013dc9ec5d1f8c4376efc6c6e365,full pinned adt-arr directory; duplicates and empty check-only inputs retained,substantive,1
extra-families/tricera-adt-arr/adt-arr/sll-shared-sll-after.i-valid-memtrack.smt2,07b94a7ecb9f6682d9ae2413bdf7742d0c0dd09a36907108d7e3b814da6fcf92,tricera-extra-family,ADT-LIA-Arrays,valid-memtrack,original,10122,13,true,https://github.com/chc-comp/tricera-adt-arr,0214c9fb4845013dc9ec5d1f8c4376efc6c6e365,full pinned adt-arr directory; duplicates and empty check-only inputs retained,substantive,1
extra-families/tricera-adt-arr/adt-arr/sll-shared-sll-before.i-valid-deref-pp.smt2,3f9f12ae7013b52b4295ae5e480b0f1a20a5ad7bd4259cf839b0a2aa2ef2152b,tricera-extra-family,ADT-LIA-Arrays,valid-deref,preprocessed,116971,272,false,https://github.com/chc-comp/tricera-adt-arr,0214c9fb4845013dc9ec5d1f8c4376efc6c6e365,full pinned adt-arr directory; duplicates and empty check-only inputs retained,substantive,1
extra-families/tricera-adt-arr/adt-arr/sll-shared-sll-before.i-valid-deref.smt2,018c19d5ac8483dc60597ff97b3da00548d72d44ae45246ea6423cf66ace9d8a,tricera-extra-family,ADT-LIA-Arrays,valid-deref,original,18590,48,false,https://github.com/chc-comp/tricera-adt-arr,0214c9fb4845013dc9ec5d1f8c4376efc6c6e365,full pinned adt-arr directory; duplicates and empty check-only inputs retained,substantive,1
extra-families/tricera-adt-arr/adt-arr/sll-shared-sll-before.i-valid-free-pp.smt2,825b47639e105037df2f60194a868477fa782662e8d8e1ad114100adf026fd68,tricera-extra-family,ADT-LIA-Arrays,valid-free,preprocessed,25783,53,false,https://github.com/chc-comp/tricera-adt-arr,0214c9fb4845013dc9ec5d1f8c4376efc6c6e365,full pinned adt-arr directory; duplicates and empty check-only inputs retained,substantive,1
extra-families/tricera-adt-arr/adt-arr/sll-shared-sll-before.i-valid-free.smt2,d74829d42d064d4258896c93b76b5add9f3bcc8678f4c2e1188a69e078f6aac0,tricera-extra-family,ADT-LIA-Arrays,valid-free,original,8913,12,false,https://github.com/chc-comp/tricera-adt-arr,0214c9fb4845013dc9ec5d1f8c4376efc6c6e365,full pinned adt-arr directory; duplicates and empty check-only inputs retained,substantive,1
extra-families/tricera-adt-arr/adt-arr/sll-shared-sll-before.i-valid-memtrack.smt2,55ae786c1e57bb4941ffc482fb761ff042a8fb034ac588ed5c124b80895269c0,tricera-extra-family,ADT-LIA-Arrays,valid-memtrack,original,9905,11,true,https://github.com/chc-comp/tricera-adt-arr,0214c9fb4845013dc9ec5d1f8c4376efc6c6e365,full pinned adt-arr directory; duplicates and empty check-only inputs retained,substantive,1
extra-families/tricera-adt-arr/adt-arr/sll-shared-sll.i-valid-deref-pp.smt2,880fb9e8c5c04ff5a0af6447febff21d4a2901881a653504cf7b8c516c276697,tricera-extra-family,ADT-LIA-Arrays,valid-deref,preprocessed,124337,282,false,https://github.com/chc-comp/tricera-adt-arr,0214c9fb4845013dc9ec5d1f8c4376efc6c6e365,full pinned adt-arr directory; duplicates and empty check-only inputs retained,substantive,1
extra-families/tricera-adt-arr/adt-arr/sll-shared-sll.i-valid-deref.smt2,40b6dc71b8143fba29cc4310f7bc351c56843e53f32640640442c31de513bb92,tricera-extra-family,ADT-LIA-Arrays,valid-deref,original,20233,56,false,https://github.com/chc-comp/tricera-adt-arr,0214c9fb4845013dc9ec5d1f8c4376efc6c6e365,full pinned adt-arr directory; duplicates and empty check-only inputs retained,substantive,1
extra-families/tricera-adt-arr/adt-arr/sll-shared-sll.i-valid-free-pp.smt2,273a45197c27cc90e73c5ee06107047de8d492ba11735ba33f5bdc36f456a477,tricera-extra-family,ADT-LIA-Arrays,valid-free,preprocessed,28471,58,false,https://github.com/chc-comp/tricera-adt-arr,0214c9fb4845013dc9ec5d1f8c4376efc6c6e365,full pinned adt-arr directory; duplicates and empty check-only inputs retained,substantive,1
extra-families/tricera-adt-arr/adt-arr/sll-shared-sll.i-valid-free.smt2,a9c7faea8dbd8b8ec338ca934a2c8e53c711130acca8730c87d0ca88a6dc48fd,tricera-extra-family,ADT-LIA-Arrays,valid-free,original,10038,15,false,https://github.com/chc-comp/tricera-adt-arr,0214c9fb4845013dc9ec5d1f8c4376efc6c6e365,full pinned adt-arr directory; duplicates and empty check-only inputs retained,substantive,1
extra-families/tricera-adt-arr/adt-arr/sll-shared-sll.i-valid-memtrack.smt2,f4b013601948f674902ad59dc3586eaec8730f2ff635282609c4b1bb0ddef4c3,tricera-extra-family,ADT-LIA-Arrays,valid-memtrack,original,10733,14,true,https://github.com/chc-comp/tricera-adt-arr,0214c9fb4845013dc9ec5d1f8c4376efc6c6e365,full pinned adt-arr directory; duplicates and empty check-only inputs retained,substantive,1
extra-families/tricera-adt-arr/adt-arr/sll-simple-white-blue-1.i-unreach-call-pp.smt2,a5e0b0fb9b3575b8a0247c36de137979e6693bd0d0738d4dfa1597616f82ed5e,tricera-extra-family,ADT-LIA-Arrays,unreach-call,preprocessed,30843,66,false,https://github.com/chc-comp/tricera-adt-arr,0214c9fb4845013dc9ec5d1f8c4376efc6c6e365,full pinned adt-arr directory; duplicates and empty check-only inputs retained,substantive,1
extra-families/tricera-adt-arr/adt-arr/sll-simple-white-blue-1.i-unreach-call.smt2,d97f86c11ba7efea47a5653770ae7134223d6fd3c723c9db8d9e4b3dc0fd25ac,tricera-extra-family,ADT-LIA-Arrays,unreach-call,original,10065,15,false,https://github.com/chc-comp/tricera-adt-arr,0214c9fb4845013dc9ec5d1f8c4376efc6c6e365,full pinned adt-arr directory; duplicates and empty check-only inputs retained,substantive,1
extra-families/tricera-adt-arr/adt-arr/sll-simple-white-blue-1.i-valid-deref-pp.smt2,07616efcb2827b3c72bcda7b7ec01b7813bce53d2d22b746d19abcb6365ebe95,tricera-extra-family,ADT-LIA-Arrays,valid-deref,preprocessed,84257,215,false,https://github.com/chc-comp/tricera-adt-arr,0214c9fb4845013dc9ec5d1f8c4376efc6c6e365,full pinned adt-arr directory; duplicates and empty check-only inputs retained,substantive,1
extra-families/tricera-adt-arr/adt-arr/sll-simple-white-blue-1.i-valid-deref.smt2,67905db42a08c3758ba9643bbdc0f60180e65ea20fccb6de7764686ef10f0c49,tricera-extra-family,ADT-LIA-Arrays,valid-deref,original,16987,60,false,https://github.com/chc-comp/tricera-adt-arr,0214c9fb4845013dc9ec5d1f8c4376efc6c6e365,full pinned adt-arr directory; duplicates and empty check-only inputs retained,substantive,1
extra-families/tricera-adt-arr/adt-arr/sll-simple-white-blue-1.i-valid-free-pp.smt2,31c092abe1e1212a44a26e247566b6372caaa8a9cb2cc4adf3a41c4972820421,tricera-extra-family,ADT-LIA-Arrays,valid-free,preprocessed,31823,71,false,https://github.com/chc-comp/tricera-adt-arr,0214c9fb4845013dc9ec5d1f8c4376efc6c6e365,full pinned adt-arr directory; duplicates and empty check-only inputs retained,substantive,1
extra-families/tricera-adt-arr/adt-arr/sll-simple-white-blue-1.i-valid-free.smt2,0f25bd1deff966085b953809445c94c4d7769659724c10ea354141bf3efb6e5c,tricera-extra-family,ADT-LIA-Arrays,valid-free,original,9992,14,false,https://github.com/chc-comp/tricera-adt-arr,0214c9fb4845013dc9ec5d1f8c4376efc6c6e365,full pinned adt-arr directory; duplicates and empty check-only inputs retained,substantive,1
extra-families/tricera-adt-arr/adt-arr/sll-simple-white-blue-1.i-valid-memtrack.smt2,ee6c3d987a05363aae8f430128947178ec7ddb94dc9bbbf2fe6a9b7035a10c95,tricera-extra-family,ADT-LIA-Arrays,valid-memtrack,original,12436,17,true,https://github.com/chc-comp/tricera-adt-arr,0214c9fb4845013dc9ec5d1f8c4376efc6c6e365,full pinned adt-arr directory; duplicates and empty check-only inputs retained,substantive,1
extra-families/tricera-adt-arr/adt-arr/sll-simple-white-blue-2.i-unreach-call-pp.smt2,43fa0e513f321cfa2be6ce3b4845a63a86ce4bb7b78383f7660456fbfa125201,tricera-extra-family,ADT-LIA-Arrays,unreach-call,preprocessed,34450,74,false,https://github.com/chc-comp/tricera-adt-arr,0214c9fb4845013dc9ec5d1f8c4376efc6c6e365,full pinned adt-arr directory; duplicates and empty check-only inputs retained,substantive,1
extra-families/tricera-adt-arr/adt-arr/sll-simple-white-blue-2.i-unreach-call.smt2,fa32c3b5e84a66413dd7c7a074d36976a59f4d79623b6dcf021148ec6de57213,tricera-extra-family,ADT-LIA-Arrays,unreach-call,original,10367,15,false,https://github.com/chc-comp/tricera-adt-arr,0214c9fb4845013dc9ec5d1f8c4376efc6c6e365,full pinned adt-arr directory; duplicates and empty check-only inputs retained,substantive,1
extra-families/tricera-adt-arr/adt-arr/sll-simple-white-blue-2.i-valid-memcleanup.smt2,3326bbeda18285c195e83f7832dea705db9dba20e138d133de98fdd208817ea4,tricera-extra-family,ADT-LIA-Arrays,valid-memcleanup,original,12736,17,true,https://github.com/chc-comp/tricera-adt-arr,0214c9fb4845013dc9ec5d1f8c4376efc6c6e365,full pinned adt-arr directory; duplicates and empty check-only inputs retained,substantive,1
extra-families/tricera-adt-arr/adt-arr/sll-sorted-1.i-unreach-call-pp.smt2,03312f2e7674ff45348cb64fddbd7bccf04ba2543689d94e0a665a0aea72cb12,tricera-extra-family,ADT-LIA-Arrays,unreach-call,preprocessed,68014,145,false,https://github.com/chc-comp/tricera-adt-arr,0214c9fb4845013dc9ec5d1f8c4376efc6c6e365,full pinned adt-arr directory; duplicates and empty check-only inputs retained,substantive,1
extra-families/tricera-adt-arr/adt-arr/sll-sorted-1.i-unreach-call.smt2,bb74e8e3aa1856e34489c709e54aa2411f9f16265b7fab0bb22994e0a9575762,tricera-extra-family,ADT-LIA-Arrays,unreach-call,original,28032,32,false,https://github.com/chc-comp/tricera-adt-arr,0214c9fb4845013dc9ec5d1f8c4376efc6c6e365,full pinned adt-arr directory; duplicates and empty check-only inputs retained,substantive,1
extra-families/tricera-adt-arr/adt-arr/sll-sorted-1.i-valid-memcleanup.smt2,69768f358b012c8fb3a41da0254704009d02d76cfbb55391cc829bffb697b4cb,tricera-extra-family,ADT-LIA-Arrays,valid-memcleanup,original,31739,29,true,https://github.com/chc-comp/tricera-adt-arr,0214c9fb4845013dc9ec5d1f8c4376efc6c6e365,full pinned adt-arr directory; duplicates and empty check-only inputs retained,substantive,1
extra-families/tricera-adt-arr/adt-arr/sll-sorted-2.i-unreach-call-pp.smt2,c4c5ae85a9d72f492db91b25385903639ebeef11ad08901b4a625d83a9febe3e,tricera-extra-family,ADT-LIA-Arrays,unreach-call,preprocessed,70829,151,false,https://github.com/chc-comp/tricera-adt-arr,0214c9fb4845013dc9ec5d1f8c4376efc6c6e365,full pinned adt-arr directory; duplicates and empty check-only inputs retained,substantive,1
extra-families/tricera-adt-arr/adt-arr/sll-sorted-2.i-unreach-call.smt2,5b0f9dd64a46d8905676e36c4923529a6b32deeb121be908e185e8449bc805db,tricera-extra-family,ADT-LIA-Arrays,unreach-call,original,29527,34,false,https://github.com/chc-comp/tricera-adt-arr,0214c9fb4845013dc9ec5d1f8c4376efc6c6e365,full pinned adt-arr directory; duplicates and empty check-only inputs retained,substantive,1
extra-families/tricera-adt-arr/adt-arr/sll-sorted-2.i-valid-deref-pp.smt2,95938b760f36862a2aff4e524b46f5a361987a328e7665c68f9cbc6ab3356b52,tricera-extra-family,ADT-LIA-Arrays,valid-deref,preprocessed,131532,319,false,https://github.com/chc-comp/tricera-adt-arr,0214c9fb4845013dc9ec5d1f8c4376efc6c6e365,full pinned adt-arr directory; duplicates and empty check-only inputs retained,substantive,1
extra-families/tricera-adt-arr/adt-arr/sll-sorted-2.i-valid-deref.smt2,1e6176782bdf5474426658deda5931be4f5d7457d5302ee0fc34cf56beac3e9b,tricera-extra-family,ADT-LIA-Arrays,valid-deref,original,28881,85,false,https://github.com/chc-comp/tricera-adt-arr,0214c9fb4845013dc9ec5d1f8c4376efc6c6e365,full pinned adt-arr directory; duplicates and empty check-only inputs retained,substantive,1
extra-families/tricera-adt-arr/adt-arr/sll-sorted-2.i-valid-free-pp.smt2,06374ca863951fbc3a3c3dce0894acc592bf54f3ee0730780a0254f44d21b0e0,tricera-extra-family,ADT-LIA-Arrays,valid-free,preprocessed,65801,143,false,https://github.com/chc-comp/tricera-adt-arr,0214c9fb4845013dc9ec5d1f8c4376efc6c6e365,full pinned adt-arr directory; duplicates and empty check-only inputs retained,substantive,1
extra-families/tricera-adt-arr/adt-arr/sll-sorted-2.i-valid-free.smt2,ec464963c1ee043369102954220d1daa9d2d24b684dd9e2e6d95d25837f8269a,tricera-extra-family,ADT-LIA-Arrays,valid-free,original,22754,21,false,https://github.com/chc-comp/tricera-adt-arr,0214c9fb4845013dc9ec5d1f8c4376efc6c6e365,full pinned adt-arr directory; duplicates and empty check-only inputs retained,substantive,1
extra-families/tricera-adt-arr/adt-arr/sll-sorted-2.i-valid-memtrack.smt2,b5278e6d2b69717b3a16725900a97bd3c8b1cbe12add5980013877ca18f8d341,tricera-extra-family,ADT-LIA-Arrays,valid-memtrack,original,33248,30,true,https://github.com/chc-comp/tricera-adt-arr,0214c9fb4845013dc9ec5d1f8c4376efc6c6e365,full pinned adt-arr directory; duplicates and empty check-only inputs retained,substantive,1
extra-families/tricera-adt-arr/adt-arr/sll-token-1.i-unreach-call-pp.smt2,aa080f4fcf8b6ef5dafcf393ff2582717463c084d81b1361bd85abb6d3c57e91,tricera-extra-family,ADT-LIA-Arrays,unreach-call,preprocessed,20685,44,false,https://github.com/chc-comp/tricera-adt-arr,0214c9fb4845013dc9ec5d1f8c4376efc6c6e365,full pinned adt-arr directory; duplicates and empty check-only inputs retained,substantive,1
extra-families/tricera-adt-arr/adt-arr/sll-token-1.i-unreach-call.smt2,e283bd7fdbc5dd9c8631d76efab5007d2089444b48e6a9c7b1c161a02466f353,tricera-extra-family,ADT-LIA-Arrays,unreach-call,original,9890,19,false,https://github.com/chc-comp/tricera-adt-arr,0214c9fb4845013dc9ec5d1f8c4376efc6c6e365,full pinned adt-arr directory; duplicates and empty check-only inputs retained,substantive,1
extra-families/tricera-adt-arr/adt-arr/sll-token-1.i-valid-memcleanup.smt2,897159428f3af739ab058c56a15c129ab1fb33fdb659725296ccd89cef561a7b,tricera-extra-family,ADT-LIA-Arrays,valid-memcleanup,original,11826,16,true,https://github.com/chc-comp/tricera-adt-arr,0214c9fb4845013dc9ec5d1f8c4376efc6c6e365,full pinned adt-arr directory; duplicates and empty check-only inputs retained,substantive,1
extra-families/tricera-adt-arr/adt-arr/sll-token-2.i-unreach-call-pp.smt2,79ea1c98175290f81058ed73bf14e2a249de6a4c160207e6c4d7ffab857184e2,tricera-extra-family,ADT-LIA-Arrays,unreach-call,preprocessed,21543,46,false,https://github.com/chc-comp/tricera-adt-arr,0214c9fb4845013dc9ec5d1f8c4376efc6c6e365,full pinned adt-arr directory; duplicates and empty check-only inputs retained,substantive,1
extra-families/tricera-adt-arr/adt-arr/sll-token-2.i-unreach-call.smt2,fcf6fc125a9e8c86ef9df161646c03b81083b23948c9254fbef7e56565847288,tricera-extra-family,ADT-LIA-Arrays,unreach-call,original,9888,19,false,https://github.com/chc-comp/tricera-adt-arr,0214c9fb4845013dc9ec5d1f8c4376efc6c6e365,full pinned adt-arr directory; duplicates and empty check-only inputs retained,substantive,1
extra-families/tricera-adt-arr/adt-arr/sll-token-2.i-valid-deref-pp.smt2,d4b302fc5f5a37c59af49a92b9165263233b89d64ddc3ee27d949605b0130244,tricera-extra-family,ADT-LIA-Arrays,valid-deref,preprocessed,70663,169,false,https://github.com/chc-comp/tricera-adt-arr,0214c9fb4845013dc9ec5d1f8c4376efc6c6e365,full pinned adt-arr directory; duplicates and empty check-only inputs retained,substantive,1
extra-families/tricera-adt-arr/adt-arr/sll-token-2.i-valid-deref.smt2,434d53cc216320aa1aae98b42730ef5f2ff26b29d06f3d030a0f3e9cca3db30d,tricera-extra-family,ADT-LIA-Arrays,valid-deref,original,13907,49,false,https://github.com/chc-comp/tricera-adt-arr,0214c9fb4845013dc9ec5d1f8c4376efc6c6e365,full pinned adt-arr directory; duplicates and empty check-only inputs retained,substantive,1
extra-families/tricera-adt-arr/adt-arr/sll-token-2.i-valid-free-pp.smt2,1e940f70a4d5ba07a8487e7503d1dbfd231bfd498cf134443663683bd0452353,tricera-extra-family,ADT-LIA-Arrays,valid-free,preprocessed,25849,62,false,https://github.com/chc-comp/tricera-adt-arr,0214c9fb4845013dc9ec5d1f8c4376efc6c6e365,full pinned adt-arr directory; duplicates and empty check-only inputs retained,substantive,1
extra-families/tricera-adt-arr/adt-arr/sll-token-2.i-valid-free.smt2,688824303913a44cf9ce8c56ed0944663711a296f60ab3077cb4847f93c428a9,tricera-extra-family,ADT-LIA-Arrays,valid-free,original,7929,13,false,https://github.com/chc-comp/tricera-adt-arr,0214c9fb4845013dc9ec5d1f8c4376efc6c6e365,full pinned adt-arr directory; duplicates and empty check-only inputs retained,substantive,1
extra-families/tricera-adt-arr/adt-arr/sll-token-2.i-valid-memtrack.smt2,a4dc909d2871c679d0a6d0887221e890c9e4a8e2bbfe755be7bed365c4b4ba70,tricera-extra-family,ADT-LIA-Arrays,valid-memtrack,original,11828,16,true,https://github.com/chc-comp/tricera-adt-arr,0214c9fb4845013dc9ec5d1f8c4376efc6c6e365,full pinned adt-arr directory; duplicates and empty check-only inputs retained,substantive,1
extra-families/tricera-adt-arr/adt-arr/sll.i-valid-deref-pp.smt2,ee824592a718358f4dcd489204a547abc23ef84c5789abb58020a7894c943bfa,tricera-extra-family,ADT-LIA-Arrays,valid-deref,preprocessed,26788,69,false,https://github.com/chc-comp/tricera-adt-arr,0214c9fb4845013dc9ec5d1f8c4376efc6c6e365,full pinned adt-arr directory; duplicates and empty check-only inputs retained,substantive,1
extra-families/tricera-adt-arr/adt-arr/sll.i-valid-deref.smt2,d6f193bf184732d9e140042094a803296d4178a86d09ef6275c2fa291a17fb8b,tricera-extra-family,ADT-LIA-Arrays,valid-deref,original,8421,22,false,https://github.com/chc-comp/tricera-adt-arr,0214c9fb4845013dc9ec5d1f8c4376efc6c6e365,full pinned adt-arr directory; duplicates and empty check-only inputs retained,substantive,1
extra-families/tricera-adt-arr/adt-arr/sll.i-valid-free-pp.smt2,1d0f173311bfedff49eb0af7ad5cf69673da2b37234142ec0abfc2b3c61fa857,tricera-extra-family,ADT-LIA-Arrays,valid-free,preprocessed,9338,18,false,https://github.com/chc-comp/tricera-adt-arr,0214c9fb4845013dc9ec5d1f8c4376efc6c6e365,full pinned adt-arr directory; duplicates and empty check-only inputs retained,substantive,1
extra-families/tricera-adt-arr/adt-arr/sll.i-valid-free.smt2,8547deedcedbe9db310ce058574709eabab0da4ca73afdb2eea2d365299c937f,tricera-extra-family,ADT-LIA-Arrays,valid-free,original,4727,8,false,https://github.com/chc-comp/tricera-adt-arr,0214c9fb4845013dc9ec5d1f8c4376efc6c6e365,full pinned adt-arr directory; duplicates and empty check-only inputs retained,substantive,1
extra-families/tricera-adt-arr/adt-arr/sll.i-valid-memtrack-pp.smt2,391f895d1db47b119d642b2b4ff8525bd5b85ff2342636eb9912356242d040be,tricera-extra-family,ADT-LIA-Arrays,valid-memtrack,preprocessed,13057,25,false,https://github.com/chc-comp/tricera-adt-arr,0214c9fb4845013dc9ec5d1f8c4376efc6c6e365,full pinned adt-arr directory; duplicates and empty check-only inputs retained,substantive,1
extra-families/tricera-adt-arr/adt-arr/sll.i-valid-memtrack.smt2,4576ef804d67809c18b16b088573b0036e615a15e09db6edabed393c51294217,tricera-extra-family,ADT-LIA-Arrays,valid-memtrack,original,5710,9,true,https://github.com/chc-comp/tricera-adt-arr,0214c9fb4845013dc9ec5d1f8c4376efc6c6e365,full pinned adt-arr directory; duplicates and empty check-only inputs retained,substantive,1
extra-families/tricera-adt-arr/adt-arr/sll2c_remove_all.i-unreach-call.smt2,d7136a8450440b6b9e148abdf7af74f01d21c09110b2dacc7c6ebbcf740fcee2,tricera-extra-family,ADT-LIA-Arrays,unreach-call,original,11912,14,false,https://github.com/chc-comp/tricera-adt-arr,0214c9fb4845013dc9ec5d1f8c4376efc6c6e365,full pinned adt-arr directory; duplicates and empty check-only inputs retained,substantive,1
extra-families/tricera-adt-arr/adt-arr/sll2c_remove_all.i-valid-deref.smt2,fa0c7762852ceb131d2b793d76e4158fafe406e8d6dc9a21aceb664d13a51626,tricera-extra-family,ADT-LIA-Arrays,valid-deref,original,17989,37,false,https://github.com/chc-comp/tricera-adt-arr,0214c9fb4845013dc9ec5d1f8c4376efc6c6e365,full pinned adt-arr directory; duplicates and empty check-only inputs retained,substantive,1
extra-families/tricera-adt-arr/adt-arr/sll2c_remove_all.i-valid-free.smt2,126d6c9b1d9a0d7cd7ae4a9bea5e54db8606dbc153bac9b9026187d074154d07,tricera-extra-family,ADT-LIA-Arrays,valid-free,original,12259,16,false,https://github.com/chc-comp/tricera-adt-arr,0214c9fb4845013dc9ec5d1f8c4376efc6c6e365,full pinned adt-arr directory; duplicates and empty check-only inputs retained,substantive,1
extra-families/tricera-adt-arr/adt-arr/sll2c_remove_all.i-valid-memtrack.smt2,a99ba82685bcdaaf002c8075dc7b48f426227183c6bbb2d992260b680cfd38a0,tricera-extra-family,ADT-LIA-Arrays,valid-memtrack,original,13921,16,true,https://github.com/chc-comp/tricera-adt-arr,0214c9fb4845013dc9ec5d1f8c4376efc6c6e365,full pinned adt-arr directory; duplicates and empty check-only inputs retained,substantive,1
extra-families/tricera-adt-arr/adt-arr/sll2c_remove_all_reverse.i-unreach-call.smt2,0cec431fa29c8f9c3b070e1ed05b1cac32936103f30ce82ef6ce798b26c050a8,tricera-extra-family,ADT-LIA-Arrays,unreach-call,original,13117,16,false,https://github.com/chc-comp/tricera-adt-arr,0214c9fb4845013dc9ec5d1f8c4376efc6c6e365,full pinned adt-arr directory; duplicates and empty check-only inputs retained,substantive,1
extra-families/tricera-adt-arr/adt-arr/sll2c_remove_all_reverse.i-valid-deref.smt2,82efce5801912d1860f03439ef275dcffe42a0843d3766d3d56c835fcfe0d682,tricera-extra-family,ADT-LIA-Arrays,valid-deref,original,19271,40,false,https://github.com/chc-comp/tricera-adt-arr,0214c9fb4845013dc9ec5d1f8c4376efc6c6e365,full pinned adt-arr directory; duplicates and empty check-only inputs retained,substantive,1
extra-families/tricera-adt-arr/adt-arr/sll2c_remove_all_reverse.i-valid-free.smt2,22b303951e3e1fefbea2bae7374dc413cd7042b70a35123fc07d9a4117ff20d1,tricera-extra-family,ADT-LIA-Arrays,valid-free,original,13659,17,false,https://github.com/chc-comp/tricera-adt-arr,0214c9fb4845013dc9ec5d1f8c4376efc6c6e365,full pinned adt-arr directory; duplicates and empty check-only inputs retained,substantive,1
extra-families/tricera-adt-arr/adt-arr/sll2c_remove_all_reverse.i-valid-memtrack.smt2,58d7fc794831271bd61697377fcd52389aefa27b2bc58359a57256c3c30595aa,tricera-extra-family,ADT-LIA-Arrays,valid-memtrack,original,15249,18,true,https://github.com/chc-comp/tricera-adt-arr,0214c9fb4845013dc9ec5d1f8c4376efc6c6e365,full pinned adt-arr directory; duplicates and empty check-only inputs retained,substantive,1
extra-families/tricera-adt-arr/adt-arr/sll2n_remove_all.i-unreach-call-pp.smt2,e92088fa3372d67648dfd913a7fbf6c22924ed4c6fcb19d75594c8a4f2aee7ce,tricera-extra-family,ADT-LIA-Arrays,unreach-call,preprocessed,8554,18,false,https://github.com/chc-comp/tricera-adt-arr,0214c9fb4845013dc9ec5d1f8c4376efc6c6e365,full pinned adt-arr directory; duplicates and empty check-only inputs retained,substantive,1
extra-families/tricera-adt-arr/adt-arr/sll2n_remove_all.i-unreach-call.smt2,95e01d964e6aaf4473f83ad8c14dd959b7c9cdec6e7d09c5ed0fb24b88e78287,tricera-extra-family,ADT-LIA-Arrays,unreach-call,original,6587,9,false,https://github.com/chc-comp/tricera-adt-arr,0214c9fb4845013dc9ec5d1f8c4376efc6c6e365,full pinned adt-arr directory; duplicates and empty check-only inputs retained,substantive,1
extra-families/tricera-adt-arr/adt-arr/sll2n_remove_all.i-valid-deref-pp.smt2,37da9b48b5a01924b07e7d88a3f94f99406c10c1a40deabb2d259ade6bc81822,tricera-extra-family,ADT-LIA-Arrays,valid-deref,preprocessed,25093,55,false,https://github.com/chc-comp/tricera-adt-arr,0214c9fb4845013dc9ec5d1f8c4376efc6c6e365,full pinned adt-arr directory; duplicates and empty check-only inputs retained,substantive,1
extra-families/tricera-adt-arr/adt-arr/sll2n_remove_all.i-valid-deref.smt2,a4f8547768b918c98eca5283efdd80842bf3e6f0cc1f770f6e386f896c2a0f82,tricera-extra-family,ADT-LIA-Arrays,valid-deref,original,8702,17,false,https://github.com/chc-comp/tricera-adt-arr,0214c9fb4845013dc9ec5d1f8c4376efc6c6e365,full pinned adt-arr directory; duplicates and empty check-only inputs retained,substantive,1
extra-families/tricera-adt-arr/adt-arr/sll2n_remove_all.i-valid-free-pp.smt2,a44da6dd235cf5a405725c2e8a5ec70bc2e034796da1c21a60b4254d4ebe118c,tricera-extra-family,ADT-LIA-Arrays,valid-free,preprocessed,9609,19,false,https://github.com/chc-comp/tricera-adt-arr,0214c9fb4845013dc9ec5d1f8c4376efc6c6e365,full pinned adt-arr directory; duplicates and empty check-only inputs retained,substantive,1
extra-families/tricera-adt-arr/adt-arr/sll2n_remove_all.i-valid-free.smt2,45ef4da63d616105f28ba539c1027d668a2b73441029da48e9271691782a27ba,tricera-extra-family,ADT-LIA-Arrays,valid-free,original,6437,8,false,https://github.com/chc-comp/tricera-adt-arr,0214c9fb4845013dc9ec5d1f8c4376efc6c6e365,full pinned adt-arr directory; duplicates and empty check-only inputs retained,substantive,1
extra-families/tricera-adt-arr/adt-arr/sll2n_remove_all.i-valid-memtrack.smt2,516ba6ef5925be1e08227e2368f41c5c23b29b600992643de622d29d79a2fccd,tricera-extra-family,ADT-LIA-Arrays,valid-memtrack,original,7772,11,true,https://github.com/chc-comp/tricera-adt-arr,0214c9fb4845013dc9ec5d1f8c4376efc6c6e365,full pinned adt-arr directory; duplicates and empty check-only inputs retained,substantive,1
extra-families/tricera-adt-arr/adt-arr/sll2n_remove_all_reverse.i-unreach-call-pp.smt2,fa7c280d73b6f6e0b04dd46b1b10ac5b781a5ff7d84ee1b1c3b24260cf6acfda,tricera-extra-family,ADT-LIA-Arrays,unreach-call,preprocessed,13560,29,false,https://github.com/chc-comp/tricera-adt-arr,0214c9fb4845013dc9ec5d1f8c4376efc6c6e365,full pinned adt-arr directory; duplicates and empty check-only inputs retained,substantive,1
extra-families/tricera-adt-arr/adt-arr/sll2n_remove_all_reverse.i-unreach-call.smt2,4052f0ab8cfb0e701a6c986f3e42ba9bb13f175697fbabdf6a6eb64c484ad651,tricera-extra-family,ADT-LIA-Arrays,unreach-call,original,8665,12,false,https://github.com/chc-comp/tricera-adt-arr,0214c9fb4845013dc9ec5d1f8c4376efc6c6e365,full pinned adt-arr directory; duplicates and empty check-only inputs retained,substantive,1
extra-families/tricera-adt-arr/adt-arr/sll2n_remove_all_reverse.i-valid-deref-pp.smt2,840ba04779be4721e18e2a6f6189ccb17738595b73e9af6744d488752bf44ec8,tricera-extra-family,ADT-LIA-Arrays,valid-deref,preprocessed,34298,78,false,https://github.com/chc-comp/tricera-adt-arr,0214c9fb4845013dc9ec5d1f8c4376efc6c6e365,full pinned adt-arr directory; duplicates and empty check-only inputs retained,substantive,1
extra-families/tricera-adt-arr/adt-arr/sll2n_remove_all_reverse.i-valid-deref.smt2,e07b133cd7eec878dfa88732b72a850d291824c471b870d142e541f6bdb82337,tricera-extra-family,ADT-LIA-Arrays,valid-deref,original,12552,26,false,https://github.com/chc-comp/tricera-adt-arr,0214c9fb4845013dc9ec5d1f8c4376efc6c6e365,full pinned adt-arr directory; duplicates and empty check-only inputs retained,substantive,1
extra-families/tricera-adt-arr/adt-arr/sll2n_remove_all_reverse.i-valid-free-pp.smt2,c71afd60f5c5398a740465bece641c5f6c5654f8a2da2b0854a8dac453f74756,tricera-extra-family,ADT-LIA-Arrays,valid-free,preprocessed,16956,37,false,https://github.com/chc-comp/tricera-adt-arr,0214c9fb4845013dc9ec5d1f8c4376efc6c6e365,full pinned adt-arr directory; duplicates and empty check-only inputs retained,substantive,1
extra-families/tricera-adt-arr/adt-arr/sll2n_remove_all_reverse.i-valid-free.smt2,f9031d0fcc2e31da775091c3cb3b70e36e511098d95d9510c61d2ab7124332a7,tricera-extra-family,ADT-LIA-Arrays,valid-free,original,9044,14,false,https://github.com/chc-comp/tricera-adt-arr,0214c9fb4845013dc9ec5d1f8c4376efc6c6e365,full pinned adt-arr directory; duplicates and empty check-only inputs retained,substantive,1
extra-families/tricera-adt-arr/adt-arr/sll2n_remove_all_reverse.i-valid-memtrack.smt2,5476b0347b0a4a4ce1153c84e6b68fd5dc6689ad4258d61fe835193e6f413311,tricera-extra-family,ADT-LIA-Arrays,valid-memtrack,original,10144,14,true,https://github.com/chc-comp/tricera-adt-arr,0214c9fb4845013dc9ec5d1f8c4376efc6c6e365,full pinned adt-arr directory; duplicates and empty check-only inputs retained,substantive,1
extra-families/tricera-adt-arr/adt-arr/sll_circular_traversal-1.i-unreach-call-pp.smt2,4395aec723da8882096280639b3b016035b72fba6b79f3bc7dd8404a06a156e6,tricera-extra-family,ADT-LIA-Arrays,unreach-call,preprocessed,18408,42,false,https://github.com/chc-comp/tricera-adt-arr,0214c9fb4845013dc9ec5d1f8c4376efc6c6e365,full pinned adt-arr directory; duplicates and empty check-only inputs retained,substantive,1
extra-families/tricera-adt-arr/adt-arr/sll_circular_traversal-1.i-unreach-call.smt2,9c188ba95679a4d3935122f5fa8e90264c4b5beda8ef51158b9ebe00a41adcda,tricera-extra-family,ADT-LIA-Arrays,unreach-call,original,10945,15,false,https://github.com/chc-comp/tricera-adt-arr,0214c9fb4845013dc9ec5d1f8c4376efc6c6e365,full pinned adt-arr directory; duplicates and empty check-only inputs retained,substantive,1
extra-families/tricera-adt-arr/adt-arr/sll_circular_traversal-1.i-valid-deref-pp.smt2,caf8855debc17a8d08aeab7d55a2eddd711eba3f53133aae8bce730ccd681281,tricera-extra-family,ADT-LIA-Arrays,valid-deref,preprocessed,38630,92,false,https://github.com/chc-comp/tricera-adt-arr,0214c9fb4845013dc9ec5d1f8c4376efc6c6e365,full pinned adt-arr directory; duplicates and empty check-only inputs retained,substantive,1
extra-families/tricera-adt-arr/adt-arr/sll_circular_traversal-1.i-valid-deref.smt2,db569d3af737ce0eed6bc3c1d89041521c495257ecfa3ef0d5a4382d549f7315,tricera-extra-family,ADT-LIA-Arrays,valid-deref,original,15166,36,false,https://github.com/chc-comp/tricera-adt-arr,0214c9fb4845013dc9ec5d1f8c4376efc6c6e365,full pinned adt-arr directory; duplicates and empty check-only inputs retained,substantive,1
extra-families/tricera-adt-arr/adt-arr/sll_circular_traversal-1.i-valid-free.smt2,fe79ba63ebb4adcb97c86ea1f9eafffc4fdc252355b2b29e35430e52f34f82df,tricera-extra-family,ADT-LIA-Arrays,valid-free,original,12105,17,false,https://github.com/chc-comp/tricera-adt-arr,0214c9fb4845013dc9ec5d1f8c4376efc6c6e365,full pinned adt-arr directory; duplicates and empty check-only inputs retained,substantive,1
extra-families/tricera-adt-arr/adt-arr/sll_circular_traversal-1.i-valid-memtrack.smt2,09eef7ad57806a2daf36da344afa946edb78ca3740985102c8b652e31592d792,tricera-extra-family,ADT-LIA-Arrays,valid-memtrack,original,14786,18,true,https://github.com/chc-comp/tricera-adt-arr,0214c9fb4845013dc9ec5d1f8c4376efc6c6e365,full pinned adt-arr directory; duplicates and empty check-only inputs retained,substantive,1
extra-families/tricera-adt-arr/adt-arr/sll_circular_traversal-2.i-valid-deref-pp.smt2,b563f8b3eec665df1ef5faf20be7e341051e67e87cc6f2256c093faae3aa13cb,tricera-extra-family,ADT-LIA-Arrays,valid-deref,preprocessed,37634,90,false,https://github.com/chc-comp/tricera-adt-arr,0214c9fb4845013dc9ec5d1f8c4376efc6c6e365,full pinned adt-arr directory; duplicates and empty check-only inputs retained,substantive,1
extra-families/tricera-adt-arr/adt-arr/sll_circular_traversal-2.i-valid-deref.smt2,09932bcef6b1ce7b6050b424696c33c3d7a4ef887f7a3978180ba86b0357addf,tricera-extra-family,ADT-LIA-Arrays,valid-deref,original,14564,35,false,https://github.com/chc-comp/tricera-adt-arr,0214c9fb4845013dc9ec5d1f8c4376efc6c6e365,full pinned adt-arr directory; duplicates and empty check-only inputs retained,substantive,1
extra-families/tricera-adt-arr/adt-arr/sll_circular_traversal-2.i-valid-free.smt2,a4ba0a61e8b030a7cda2e566981eb36f4308fe756f754818c114d6d4ff140cf8,tricera-extra-family,ADT-LIA-Arrays,valid-free,original,9835,12,false,https://github.com/chc-comp/tricera-adt-arr,0214c9fb4845013dc9ec5d1f8c4376efc6c6e365,full pinned adt-arr directory; duplicates and empty check-only inputs retained,substantive,1
extra-families/tricera-adt-arr/adt-arr/sll_circular_traversal-2.i-valid-memtrack.smt2,4d09a2be6e62c5a51c56264a3036cffdcd09050ab530ce92b1a322e91d5dcc45,tricera-extra-family,ADT-LIA-Arrays,valid-memtrack,original,12749,16,true,https://github.com/chc-comp/tricera-adt-arr,0214c9fb4845013dc9ec5d1f8c4376efc6c6e365,full pinned adt-arr directory; duplicates and empty check-only inputs retained,substantive,1
extra-families/tricera-adt-arr/adt-arr/sll_shallow_copy-1.i-valid-deref-pp.smt2,4e2304bd01af7416817ade2958f06e9e228647b11e689fff9eb8cf4541f471a8,tricera-extra-family,ADT-LIA-Arrays,valid-deref,preprocessed,21676,39,false,https://github.com/chc-comp/tricera-adt-arr,0214c9fb4845013dc9ec5d1f8c4376efc6c6e365,full pinned adt-arr directory; duplicates and empty check-only inputs retained,substantive,1
extra-families/tricera-adt-arr/adt-arr/sll_shallow_copy-1.i-valid-deref.smt2,7cff5dee742dc993c9de7c1c2ab95d300f868b7f0bea9929c2bdaf557740942b,tricera-extra-family,ADT-LIA-Arrays,valid-deref,original,5365,15,false,https://github.com/chc-comp/tricera-adt-arr,0214c9fb4845013dc9ec5d1f8c4376efc6c6e365,full pinned adt-arr directory; duplicates and empty check-only inputs retained,substantive,1
extra-families/tricera-adt-arr/adt-arr/sll_shallow_copy-1.i-valid-free-pp.smt2,677e75014d8333fa2bf32ad3b62b17983867aeba50ac03a5be821aa1453b3ed1,tricera-extra-family,ADT-LIA-Arrays,valid-free,preprocessed,11223,19,false,https://github.com/chc-comp/tricera-adt-arr,0214c9fb4845013dc9ec5d1f8c4376efc6c6e365,full pinned adt-arr directory; duplicates and empty check-only inputs retained,substantive,1
extra-families/tricera-adt-arr/adt-arr/sll_shallow_copy-1.i-valid-free.smt2,92a9f83d80e4d08c343d70c8b8a9d48ec38a2be67369702235066a5c3742b561,tricera-extra-family,ADT-LIA-Arrays,valid-free,original,4616,9,false,https://github.com/chc-comp/tricera-adt-arr,0214c9fb4845013dc9ec5d1f8c4376efc6c6e365,full pinned adt-arr directory; duplicates and empty check-only inputs retained,substantive,1
extra-families/tricera-adt-arr/adt-arr/sll_shallow_copy-1.i-valid-memtrack-pp.smt2,bc8008e650bedf937473790396bc61391620f1f095f8e5457d50d97833d4a13b,tricera-extra-family,ADT-LIA-Arrays,valid-memtrack,preprocessed,21658,28,false,https://github.com/chc-comp/tricera-adt-arr,0214c9fb4845013dc9ec5d1f8c4376efc6c6e365,full pinned adt-arr directory; duplicates and empty check-only inputs retained,substantive,1
extra-families/tricera-adt-arr/adt-arr/sll_shallow_copy-1.i-valid-memtrack.smt2,ccc3df1ad6e72bc73c798fc029fdc552fceb2716554d68f7aa5c34e5de9016d8,tricera-extra-family,ADT-LIA-Arrays,valid-memtrack,original,5765,7,true,https://github.com/chc-comp/tricera-adt-arr,0214c9fb4845013dc9ec5d1f8c4376efc6c6e365,full pinned adt-arr directory; duplicates and empty check-only inputs retained,substantive,1
extra-families/tricera-adt-arr/adt-arr/sll_shallow_copy-2.i-valid-deref-pp.smt2,9210f06c8fef600153f4a9a0a8eebc9fa096cdc905f1867cbe6d157b98e3531b,tricera-extra-family,ADT-LIA-Arrays,valid-deref,preprocessed,22982,42,false,https://github.com/chc-comp/tricera-adt-arr,0214c9fb4845013dc9ec5d1f8c4376efc6c6e365,full pinned adt-arr directory; duplicates and empty check-only inputs retained,substantive,1
extra-families/tricera-adt-arr/adt-arr/sll_shallow_copy-2.i-valid-deref.smt2,e4b3a89efbe51651afbabc5953351237e4e5c39c144912a1961f52f5bc9591fe,tricera-extra-family,ADT-LIA-Arrays,valid-deref,original,5251,14,false,https://github.com/chc-comp/tricera-adt-arr,0214c9fb4845013dc9ec5d1f8c4376efc6c6e365,full pinned adt-arr directory; duplicates and empty check-only inputs retained,substantive,1
extra-families/tricera-adt-arr/adt-arr/sll_shallow_copy-2.i-valid-free-pp.smt2,1f5a112985495261c88919d20e844e4a270ab0aa2a0a6e825ee8781a06f37512,tricera-extra-family,ADT-LIA-Arrays,valid-free,preprocessed,6343,9,false,https://github.com/chc-comp/tricera-adt-arr,0214c9fb4845013dc9ec5d1f8c4376efc6c6e365,full pinned adt-arr directory; duplicates and empty check-only inputs retained,substantive,1
extra-families/tricera-adt-arr/adt-arr/sll_shallow_copy-2.i-valid-free.smt2,38c684398e36ad06a304f8dce156c2a005a031b5cfa1aaa0cb302acf49b5e704,tricera-extra-family,ADT-LIA-Arrays,valid-free,original,4131,7,false,https://github.com/chc-comp/tricera-adt-arr,0214c9fb4845013dc9ec5d1f8c4376efc6c6e365,full pinned adt-arr directory; duplicates and empty check-only inputs retained,substantive,1
extra-families/tricera-adt-arr/adt-arr/sll_shallow_copy-2.i-valid-memtrack-pp.smt2,03bdd0f0ef3e560bcffc0b351c26a976454941d2d88ac3a0696939cc0c166679,tricera-extra-family,ADT-LIA-Arrays,valid-memtrack,preprocessed,2883,2,false,https://github.com/chc-comp/tricera-adt-arr,0214c9fb4845013dc9ec5d1f8c4376efc6c6e365,full pinned adt-arr directory; duplicates and empty check-only inputs retained,substantive,1
extra-families/tricera-adt-arr/adt-arr/sll_shallow_copy-2.i-valid-memtrack.smt2,96629b342ece92c1a27f25ae4acbb895ac761540c9e322bc10f1004e5b44f31b,tricera-extra-family,ADT-LIA-Arrays,valid-memtrack,original,5354,7,true,https://github.com/chc-comp/tricera-adt-arr,0214c9fb4845013dc9ec5d1f8c4376efc6c6e365,full pinned adt-arr directory; duplicates and empty check-only inputs retained,substantive,1
extra-families/tricera-adt-arr/adt-arr/sll_to_dll_rev-1.i-unreach-call-pp.smt2,19426fee9bf27800489ad4055406cb353e233f1462ae93834da111365b095d0a,tricera-extra-family,ADT-LIA-Arrays,unreach-call,preprocessed,57156,133,false,https://github.com/chc-comp/tricera-adt-arr,0214c9fb4845013dc9ec5d1f8c4376efc6c6e365,full pinned adt-arr directory; duplicates and empty check-only inputs retained,substantive,1
extra-families/tricera-adt-arr/adt-arr/sll_to_dll_rev-1.i-unreach-call.smt2,4fb1ddf18ed176519a76f68d18e992c5a69bc428ab26e333a5728b19a3db6be8,tricera-extra-family,ADT-LIA-Arrays,unreach-call,original,35246,67,false,https://github.com/chc-comp/tricera-adt-arr,0214c9fb4845013dc9ec5d1f8c4376efc6c6e365,full pinned adt-arr directory; duplicates and empty check-only inputs retained,substantive,1
extra-families/tricera-adt-arr/adt-arr/sll_to_dll_rev-1.i-valid-memcleanup.smt2,fe7f2d4e2049d0259bcdc0d3ed74393cfd377aebb7d11b8aa62d8c3efc25c5cd,tricera-extra-family,ADT-LIA-Arrays,valid-memcleanup,original,36834,53,true,https://github.com/chc-comp/tricera-adt-arr,0214c9fb4845013dc9ec5d1f8c4376efc6c6e365,full pinned adt-arr directory; duplicates and empty check-only inputs retained,substantive,1
extra-families/tricera-adt-arr/adt-arr/sll_to_dll_rev-2.i-unreach-call-pp.smt2,cc0bc71b5682ce4a4771b4b202fd9836707075b0a604d55084439e7223e31680,tricera-extra-family,ADT-LIA-Arrays,unreach-call,preprocessed,62068,143,false,https://github.com/chc-comp/tricera-adt-arr,0214c9fb4845013dc9ec5d1f8c4376efc6c6e365,full pinned adt-arr directory; duplicates and empty check-only inputs retained,substantive,1
extra-families/tricera-adt-arr/adt-arr/sll_to_dll_rev-2.i-unreach-call.smt2,50da174bee78514f964c20d2d0f9612cce093af0fb3927106ac8b44745127738,tricera-extra-family,ADT-LIA-Arrays,unreach-call,original,36693,67,false,https://github.com/chc-comp/tricera-adt-arr,0214c9fb4845013dc9ec5d1f8c4376efc6c6e365,full pinned adt-arr directory; duplicates and empty check-only inputs retained,substantive,1
extra-families/tricera-adt-arr/adt-arr/sll_to_dll_rev-2.i-valid-deref-pp.smt2,4e1705e65e8d029a5f8f100ccc163560948bf54f7265d020823eed1661e88ddd,tricera-extra-family,ADT-LIA-Arrays,valid-deref,preprocessed,139622,329,false,https://github.com/chc-comp/tricera-adt-arr,0214c9fb4845013dc9ec5d1f8c4376efc6c6e365,full pinned adt-arr directory; duplicates and empty check-only inputs retained,substantive,1
extra-families/tricera-adt-arr/adt-arr/sll_to_dll_rev-2.i-valid-deref.smt2,a18ca36ecd1c9273a76f0d910046ab6bad7397c92a6506560b3ccf2943b3a1a0,tricera-extra-family,ADT-LIA-Arrays,valid-deref,original,42527,99,false,https://github.com/chc-comp/tricera-adt-arr,0214c9fb4845013dc9ec5d1f8c4376efc6c6e365,full pinned adt-arr directory; duplicates and empty check-only inputs retained,substantive,1
extra-families/tricera-adt-arr/adt-arr/sll_to_dll_rev-2.i-valid-free-pp.smt2,da76d431915ac032008625fea7a38f5a0fb4d02e5886d9908def5898102161f6,tricera-extra-family,ADT-LIA-Arrays,valid-free,preprocessed,55649,122,false,https://github.com/chc-comp/tricera-adt-arr,0214c9fb4845013dc9ec5d1f8c4376efc6c6e365,full pinned adt-arr directory; duplicates and empty check-only inputs retained,substantive,1
extra-families/tricera-adt-arr/adt-arr/sll_to_dll_rev-2.i-valid-free.smt2,1809fe7bd913ce576383e24399dcaeab290717ccf7595ef947a60d5548b26f5c,tricera-extra-family,ADT-LIA-Arrays,valid-free,original,24126,28,false,https://github.com/chc-comp/tricera-adt-arr,0214c9fb4845013dc9ec5d1f8c4376efc6c6e365,full pinned adt-arr directory; duplicates and empty check-only inputs retained,substantive,1
extra-families/tricera-adt-arr/adt-arr/sll_to_dll_rev-2.i-valid-memtrack.smt2,36a3aa87be2e2c7244b15b29ce4d40693d5692fcb6531d64d02124ac4472e3a7,tricera-extra-family,ADT-LIA-Arrays,valid-memtrack,original,38486,53,true,https://github.com/chc-comp/tricera-adt-arr,0214c9fb4845013dc9ec5d1f8c4376efc6c6e365,full pinned adt-arr directory; duplicates and empty check-only inputs retained,substantive,1
extra-families/tricera-adt-arr/adt-arr/splice-1.i-unreach-call-pp.smt2,c6a4129948da2ff6a601c62b8ef9b9ab52a8e94398b6212f1633722868042679,tricera-extra-family,ADT-LIA-Arrays,unreach-call,preprocessed,22380,45,false,https://github.com/chc-comp/tricera-adt-arr,0214c9fb4845013dc9ec5d1f8c4376efc6c6e365,full pinned adt-arr directory; duplicates and empty check-only inputs retained,substantive,1
extra-families/tricera-adt-arr/adt-arr/splice-1.i-unreach-call.smt2,795c5549a29ad989043fd9612f2fbc67dec3cec49af485349016b0ea100b4a25,tricera-extra-family,ADT-LIA-Arrays,unreach-call,original,19324,19,false,https://github.com/chc-comp/tricera-adt-arr,0214c9fb4845013dc9ec5d1f8c4376efc6c6e365,full pinned adt-arr directory; duplicates and empty check-only inputs retained,substantive,1
extra-families/tricera-adt-arr/adt-arr/splice-1.i-valid-memcleanup.smt2,733f9670859cfdcada929d2dd3772602a52cc694fe654a2e7c3d4fab3aa58ebe,tricera-extra-family,ADT-LIA-Arrays,valid-memcleanup,original,22939,22,true,https://github.com/chc-comp/tricera-adt-arr,0214c9fb4845013dc9ec5d1f8c4376efc6c6e365,full pinned adt-arr directory; duplicates and empty check-only inputs retained,substantive,1
extra-families/tricera-adt-arr/adt-arr/splice-2.i-unreach-call-pp.smt2,e4308381cf778d2dd39f6aa9cdbcdda31a0b6c4f6866486aacc751a103f54bb7,tricera-extra-family,ADT-LIA-Arrays,unreach-call,preprocessed,22380,45,false,https://github.com/chc-comp/tricera-adt-arr,0214c9fb4845013dc9ec5d1f8c4376efc6c6e365,full pinned adt-arr directory; duplicates and empty check-only inputs retained,substantive,1
extra-families/tricera-adt-arr/adt-arr/splice-2.i-unreach-call.smt2,545226d8232a4bb144d77b8ca961faa5496684ad2bd4956b8b64f7c6bfd1fa34,tricera-extra-family,ADT-LIA-Arrays,unreach-call,original,19322,19,false,https://github.com/chc-comp/tricera-adt-arr,0214c9fb4845013dc9ec5d1f8c4376efc6c6e365,full pinned adt-arr directory; duplicates and empty check-only inputs retained,substantive,1
extra-families/tricera-adt-arr/adt-arr/splice-2.i-valid-deref-pp.smt2,e0cd005dcefff893be991466c73d92c6dced8299b945ceff2084e23e9c595934,tricera-extra-family,ADT-LIA-Arrays,valid-deref,preprocessed,35124,86,false,https://github.com/chc-comp/tricera-adt-arr,0214c9fb4845013dc9ec5d1f8c4376efc6c6e365,full pinned adt-arr directory; duplicates and empty check-only inputs retained,substantive,1
extra-families/tricera-adt-arr/adt-arr/splice-2.i-valid-deref.smt2,ebbfc92abe9cc4af1051d8f9c1056538727e1a98b81dd77b5fc75990c7f46fb4,tricera-extra-family,ADT-LIA-Arrays,valid-deref,original,26533,48,false,https://github.com/chc-comp/tricera-adt-arr,0214c9fb4845013dc9ec5d1f8c4376efc6c6e365,full pinned adt-arr directory; duplicates and empty check-only inputs retained,substantive,1
extra-families/tricera-adt-arr/adt-arr/splice-2.i-valid-free-pp.smt2,f81a9e158829f0c17f3dffca97347599b524c403c24bc4def4359d187000e6a9,tricera-extra-family,ADT-LIA-Arrays,valid-free,preprocessed,139,0,false,https://github.com/chc-comp/tricera-adt-arr,0214c9fb4845013dc9ec5d1f8c4376efc6c6e365,full pinned adt-arr directory; duplicates and empty check-only inputs retained,empty-check-only,5
extra-families/tricera-adt-arr/adt-arr/splice-2.i-valid-free.smt2,60edd496d99ea6a6f2023c60b5569e72bb871fd50cf3dd32d1f0354708171d5f,tricera-extra-family,ADT-LIA-Arrays,valid-free,original,17671,16,false,https://github.com/chc-comp/tricera-adt-arr,0214c9fb4845013dc9ec5d1f8c4376efc6c6e365,full pinned adt-arr directory; duplicates and empty check-only inputs retained,substantive,1
extra-families/tricera-adt-arr/adt-arr/splice-2.i-valid-memtrack.smt2,3e3299b7da07e384f8143760cc438f72fd145c50fecfdcec3a85b054bd52958c,tricera-extra-family,ADT-LIA-Arrays,valid-memtrack,original,22939,22,true,https://github.com/chc-comp/tricera-adt-arr,0214c9fb4845013dc9ec5d1f8c4376efc6c6e365,full pinned adt-arr directory; duplicates and empty check-only inputs retained,substantive,1
extra-families/tricera-adt-arr/adt-arr/split_list_test05-1.i-valid-deref-pp.smt2,7a5cde6c481f1a634ca146afc45dd414e9c47382ee249ef680a85c9aa42e42e0,tricera-extra-family,ADT-LIA-Arrays,valid-deref,preprocessed,1961394,4062,false,https://github.com/chc-comp/tricera-adt-arr,0214c9fb4845013dc9ec5d1f8c4376efc6c6e365,full pinned adt-arr directory; duplicates and empty check-only inputs retained,substantive,1
extra-families/tricera-adt-arr/adt-arr/split_list_test05-1.i-valid-deref.smt2,f9874c3377e15e96806e5597602025242ef29b1ee21d48724141be9afcfc91c2,tricera-extra-family,ADT-LIA-Arrays,valid-deref,original,236633,606,false,https://github.com/chc-comp/tricera-adt-arr,0214c9fb4845013dc9ec5d1f8c4376efc6c6e365,full pinned adt-arr directory; duplicates and empty check-only inputs retained,substantive,1
extra-families/tricera-adt-arr/adt-arr/split_list_test05-1.i-valid-free-pp.smt2,dff6004efef912368fc5210ff9f88afa5520c16fb2d13879fb8c9aef89abd5a8,tricera-extra-family,ADT-LIA-Arrays,valid-free,preprocessed,516043,1065,false,https://github.com/chc-comp/tricera-adt-arr,0214c9fb4845013dc9ec5d1f8c4376efc6c6e365,full pinned adt-arr directory; duplicates and empty check-only inputs retained,substantive,1
extra-families/tricera-adt-arr/adt-arr/split_list_test05-1.i-valid-free.smt2,80b8268a03c8345912b9a360891100cb7c3b370b6ba7de5b42f5217dbe25c63b,tricera-extra-family,ADT-LIA-Arrays,valid-free,original,162714,84,false,https://github.com/chc-comp/tricera-adt-arr,0214c9fb4845013dc9ec5d1f8c4376efc6c6e365,full pinned adt-arr directory; duplicates and empty check-only inputs retained,substantive,1
extra-families/tricera-adt-arr/adt-arr/split_list_test05-1.i-valid-memtrack.smt2,fb865f76b5f570b3ed949dc2b55761bb9e03944bf402ed72be4407886dd179b8,tricera-extra-family,ADT-LIA-Arrays,valid-memtrack,original,184950,78,true,https://github.com/chc-comp/tricera-adt-arr,0214c9fb4845013dc9ec5d1f8c4376efc6c6e365,full pinned adt-arr directory; duplicates and empty check-only inputs retained,substantive,1
extra-families/tricera-adt-arr/adt-arr/split_list_test05-2.i-valid-deref-pp.smt2,0492280b56c38ce489069d23c17baaea1f807237175a91e2bd820e9618bb8b1b,tricera-extra-family,ADT-LIA-Arrays,valid-deref,preprocessed,2084672,4310,false,https://github.com/chc-comp/tricera-adt-arr,0214c9fb4845013dc9ec5d1f8c4376efc6c6e365,full pinned adt-arr directory; duplicates and empty check-only inputs retained,substantive,1
extra-families/tricera-adt-arr/adt-arr/split_list_test05-2.i-valid-deref.smt2,3afd77596b55e5e1da7e99617e84104ac70c585d1510d65065b77a2f94667f7e,tricera-extra-family,ADT-LIA-Arrays,valid-deref,original,249388,642,false,https://github.com/chc-comp/tricera-adt-arr,0214c9fb4845013dc9ec5d1f8c4376efc6c6e365,full pinned adt-arr directory; duplicates and empty check-only inputs retained,substantive,1
extra-families/tricera-adt-arr/adt-arr/split_list_test05-2.i-valid-free-pp.smt2,80203f12c6e4ef36ce85bdc871cd1dd214f3ea4349cb0ff02387e955c7eafb12,tricera-extra-family,ADT-LIA-Arrays,valid-free,preprocessed,546634,1127,false,https://github.com/chc-comp/tricera-adt-arr,0214c9fb4845013dc9ec5d1f8c4376efc6c6e365,full pinned adt-arr directory; duplicates and empty check-only inputs retained,substantive,1
extra-families/tricera-adt-arr/adt-arr/split_list_test05-2.i-valid-free.smt2,d61b046164505e7e148e6d958e2a52108f6c0abcc904e33b7fd253fa0c5fa37a,tricera-extra-family,ADT-LIA-Arrays,valid-free,original,171856,87,false,https://github.com/chc-comp/tricera-adt-arr,0214c9fb4845013dc9ec5d1f8c4376efc6c6e365,full pinned adt-arr directory; duplicates and empty check-only inputs retained,substantive,1
extra-families/tricera-adt-arr/adt-arr/split_list_test05-2.i-valid-memtrack.smt2,03f1c25605fb8b2f4853be94aaf628f804b0d74e038da84a88c1ce731eab6434,tricera-extra-family,ADT-LIA-Arrays,valid-memtrack,original,192753,79,true,https://github.com/chc-comp/tricera-adt-arr,0214c9fb4845013dc9ec5d1f8c4376efc6c6e365,full pinned adt-arr directory; duplicates and empty check-only inputs retained,substantive,1
extra-families/tricera-adt-arr/adt-arr/test-0019_1-1.i-valid-deref-pp.smt2,801df20f8fd8d5b43383359ba4e019bbf62e95ef43f4f9ab3ccc49c74867800d,tricera-extra-family,ADT-LIA-Arrays,valid-deref,preprocessed,20800,44,false,https://github.com/chc-comp/tricera-adt-arr,0214c9fb4845013dc9ec5d1f8c4376efc6c6e365,full pinned adt-arr directory; duplicates and empty check-only inputs retained,substantive,2
extra-families/tricera-adt-arr/adt-arr/test-0019_1-1.i-valid-deref.smt2,439a7d3076360ec5860a236e1adb74a094f6cf578f744783e18f2a2fb887ca80,tricera-extra-family,ADT-LIA-Arrays,valid-deref,original,5098,11,false,https://github.com/chc-comp/tricera-adt-arr,0214c9fb4845013dc9ec5d1f8c4376efc6c6e365,full pinned adt-arr directory; duplicates and empty check-only inputs retained,substantive,1
extra-families/tricera-adt-arr/adt-arr/test-0019_1-1.i-valid-free-pp.smt2,7f220c9783ec763123626d1453207336d05041009954b07cddc755b8c499992f,tricera-extra-family,ADT-LIA-Arrays,valid-free,preprocessed,11874,19,false,https://github.com/chc-comp/tricera-adt-arr,0214c9fb4845013dc9ec5d1f8c4376efc6c6e365,full pinned adt-arr directory; duplicates and empty check-only inputs retained,substantive,1
extra-families/tricera-adt-arr/adt-arr/test-0019_1-1.i-valid-free.smt2,491c118732d55c911676f18d5a2e69e3b58a2a9399dcf486b92e28cc4ad661bd,tricera-extra-family,ADT-LIA-Arrays,valid-free,original,4477,5,false,https://github.com/chc-comp/tricera-adt-arr,0214c9fb4845013dc9ec5d1f8c4376efc6c6e365,full pinned adt-arr directory; duplicates and empty check-only inputs retained,substantive,1
extra-families/tricera-adt-arr/adt-arr/test-0019_1-1.i-valid-memtrack-pp.smt2,c4ea536e88fcfdcbbf3aabb6ec93c120a5e4f0442c4f6a3b91bb0da3d8aa0a1d,tricera-extra-family,ADT-LIA-Arrays,valid-memtrack,preprocessed,53827,80,false,https://github.com/chc-comp/tricera-adt-arr,0214c9fb4845013dc9ec5d1f8c4376efc6c6e365,full pinned adt-arr directory; duplicates and empty check-only inputs retained,substantive,1
extra-families/tricera-adt-arr/adt-arr/test-0019_1-1.i-valid-memtrack.smt2,b03f2147926f6ce4715f8c38c141c2bdc01cb31f9748412d199f86c170052f22,tricera-extra-family,ADT-LIA-Arrays,valid-memtrack,original,8255,4,true,https://github.com/chc-comp/tricera-adt-arr,0214c9fb4845013dc9ec5d1f8c4376efc6c6e365,full pinned adt-arr directory; duplicates and empty check-only inputs retained,substantive,1
extra-families/tricera-adt-arr/adt-arr/test-0019_1-2.i-valid-deref-pp.smt2,801df20f8fd8d5b43383359ba4e019bbf62e95ef43f4f9ab3ccc49c74867800d,tricera-extra-family,ADT-LIA-Arrays,valid-deref,preprocessed,20800,44,false,https://github.com/chc-comp/tricera-adt-arr,0214c9fb4845013dc9ec5d1f8c4376efc6c6e365,full pinned adt-arr directory; duplicates and empty check-only inputs retained,substantive,2
extra-families/tricera-adt-arr/adt-arr/test-0019_1-2.i-valid-deref.smt2,513bdd6bffc911845a03f4ba40331a8509d352b952309b681d6e67ea50dddd8f,tricera-extra-family,ADT-LIA-Arrays,valid-deref,original,5113,11,false,https://github.com/chc-comp/tricera-adt-arr,0214c9fb4845013dc9ec5d1f8c4376efc6c6e365,full pinned adt-arr directory; duplicates and empty check-only inputs retained,substantive,1
extra-families/tricera-adt-arr/adt-arr/test-0019_1-2.i-valid-free-pp.smt2,54eda3f28cea3a83e075fc3418e8c4e8f67e32c4c62990aa026eb967e3865ae7,tricera-extra-family,ADT-LIA-Arrays,valid-free,preprocessed,11933,19,false,https://github.com/chc-comp/tricera-adt-arr,0214c9fb4845013dc9ec5d1f8c4376efc6c6e365,full pinned adt-arr directory; duplicates and empty check-only inputs retained,substantive,1
extra-families/tricera-adt-arr/adt-arr/test-0019_1-2.i-valid-free.smt2,e68cf9c05551248b0b4b03df8c2cbaa1306476cf8f1ef2284bc1c6b378a91160,tricera-extra-family,ADT-LIA-Arrays,valid-free,original,4493,5,false,https://github.com/chc-comp/tricera-adt-arr,0214c9fb4845013dc9ec5d1f8c4376efc6c6e365,full pinned adt-arr directory; duplicates and empty check-only inputs retained,substantive,1
extra-families/tricera-adt-arr/adt-arr/test-0019_1-2.i-valid-memtrack-pp.smt2,bced20a57d209cafe3ad4dced1b6ca8f86a59e585a2037cb6b925a4f932398c2,tricera-extra-family,ADT-LIA-Arrays,valid-memtrack,preprocessed,53883,80,false,https://github.com/chc-comp/tricera-adt-arr,0214c9fb4845013dc9ec5d1f8c4376efc6c6e365,full pinned adt-arr directory; duplicates and empty check-only inputs retained,substantive,1
extra-families/tricera-adt-arr/adt-arr/test-0019_1-2.i-valid-memtrack.smt2,22cc86fd2c129f489507dc771a57f1501bfa8d66e8343b25c5a80ed8078fef77,tricera-extra-family,ADT-LIA-Arrays,valid-memtrack,original,7407,4,true,https://github.com/chc-comp/tricera-adt-arr,0214c9fb4845013dc9ec5d1f8c4376efc6c6e365,full pinned adt-arr directory; duplicates and empty check-only inputs retained,substantive,1
extra-families/tricera-adt-arr/adt-arr/test-0232-1.i-valid-deref-pp.smt2,34f97ec176d9bd6ac83ee58f46d66abd991d6606b336492786f26551da94aa99,tricera-extra-family,ADT-LIA-Arrays,valid-deref,preprocessed,26088,64,false,https://github.com/chc-comp/tricera-adt-arr,0214c9fb4845013dc9ec5d1f8c4376efc6c6e365,full pinned adt-arr directory; duplicates and empty check-only inputs retained,substantive,1
extra-families/tricera-adt-arr/adt-arr/test-0232-1.i-valid-deref.smt2,84af867e38409540a0522d54207b6a64a88b93faa4008dcdbdec00c8ecc6fd7b,tricera-extra-family,ADT-LIA-Arrays,valid-deref,original,7930,19,false,https://github.com/chc-comp/tricera-adt-arr,0214c9fb4845013dc9ec5d1f8c4376efc6c6e365,full pinned adt-arr directory; duplicates and empty check-only inputs retained,substantive,1
extra-families/tricera-adt-arr/adt-arr/test-0232-1.i-valid-free-pp.smt2,c901b6fed13943248e45eefb0b41c6a5586e43f64e8a7b5af7907c0d9cfb120f,tricera-extra-family,ADT-LIA-Arrays,valid-free,preprocessed,25764,55,false,https://github.com/chc-comp/tricera-adt-arr,0214c9fb4845013dc9ec5d1f8c4376efc6c6e365,full pinned adt-arr directory; duplicates and empty check-only inputs retained,substantive,1
extra-families/tricera-adt-arr/adt-arr/test-0232-1.i-valid-free.smt2,cc8443552f8b9fb6f892a7407fa9a89dfb217f1333e79c69e24fb3157069005c,tricera-extra-family,ADT-LIA-Arrays,valid-free,original,10286,12,false,https://github.com/chc-comp/tricera-adt-arr,0214c9fb4845013dc9ec5d1f8c4376efc6c6e365,full pinned adt-arr directory; duplicates and empty check-only inputs retained,substantive,1
extra-families/tricera-adt-arr/adt-arr/test-0232-1.i-valid-memtrack.smt2,b6f4abacbe9cbc7bdd115e92fcf85da808562a71b8460d7012aea65dd1d8b80f,tricera-extra-family,ADT-LIA-Arrays,valid-memtrack,original,12535,11,true,https://github.com/chc-comp/tricera-adt-arr,0214c9fb4845013dc9ec5d1f8c4376efc6c6e365,full pinned adt-arr directory; duplicates and empty check-only inputs retained,substantive,1
extra-families/tricera-adt-arr/adt-arr/test-0232-2.i-valid-deref-pp.smt2,fcb5519045d90b6abc5fde81e1543cd8f977d05ee7681e938f749760db81df98,tricera-extra-family,ADT-LIA-Arrays,valid-deref,preprocessed,28664,70,false,https://github.com/chc-comp/tricera-adt-arr,0214c9fb4845013dc9ec5d1f8c4376efc6c6e365,full pinned adt-arr directory; duplicates and empty check-only inputs retained,substantive,1
extra-families/tricera-adt-arr/adt-arr/test-0232-2.i-valid-deref.smt2,83341d4d0db97bba254022640a491f598bb5185f1a654d4605aad2b99e1d8be3,tricera-extra-family,ADT-LIA-Arrays,valid-deref,original,8373,21,false,https://github.com/chc-comp/tricera-adt-arr,0214c9fb4845013dc9ec5d1f8c4376efc6c6e365,full pinned adt-arr directory; duplicates and empty check-only inputs retained,substantive,1
extra-families/tricera-adt-arr/adt-arr/test-0232-2.i-valid-free-pp.smt2,c526169ab814fa4efa2fa5d7dbd7ad36dddcc35aeef39fb45c576add08cd9979,tricera-extra-family,ADT-LIA-Arrays,valid-free,preprocessed,29278,65,false,https://github.com/chc-comp/tricera-adt-arr,0214c9fb4845013dc9ec5d1f8c4376efc6c6e365,full pinned adt-arr directory; duplicates and empty check-only inputs retained,substantive,1
extra-families/tricera-adt-arr/adt-arr/test-0232-2.i-valid-free.smt2,27d6f9da96d6868a7607d5d753b07d42f35b860f2041cd82709db27b27c7a419,tricera-extra-family,ADT-LIA-Arrays,valid-free,original,10773,14,false,https://github.com/chc-comp/tricera-adt-arr,0214c9fb4845013dc9ec5d1f8c4376efc6c6e365,full pinned adt-arr directory; duplicates and empty check-only inputs retained,substantive,1
extra-families/tricera-adt-arr/adt-arr/test-0232-2.i-valid-memtrack.smt2,6169c05887c82bea3c4b2ff14587bbc1c840a40e38da6dfdb38f522f15e5c1e3,tricera-extra-family,ADT-LIA-Arrays,valid-memtrack,original,13235,11,true,https://github.com/chc-comp/tricera-adt-arr,0214c9fb4845013dc9ec5d1f8c4376efc6c6e365,full pinned adt-arr directory; duplicates and empty check-only inputs retained,substantive,1
extra-families/tricera-adt-arr/adt-arr/test-0232-3.i-valid-deref-pp.smt2,13917089ed9fb3a066755a32b3a4b0266f126fba5632bf986247c35617768bdb,tricera-extra-family,ADT-LIA-Arrays,valid-deref,preprocessed,29299,72,false,https://github.com/chc-comp/tricera-adt-arr,0214c9fb4845013dc9ec5d1f8c4376efc6c6e365,full pinned adt-arr directory; duplicates and empty check-only inputs retained,substantive,1
extra-families/tricera-adt-arr/adt-arr/test-0232-3.i-valid-deref.smt2,0bd2e545d816c190c3d59757b793666c4ef68a7d169033c9cca428626d6b3da5,tricera-extra-family,ADT-LIA-Arrays,valid-deref,original,9349,24,false,https://github.com/chc-comp/tricera-adt-arr,0214c9fb4845013dc9ec5d1f8c4376efc6c6e365,full pinned adt-arr directory; duplicates and empty check-only inputs retained,substantive,1
extra-families/tricera-adt-arr/adt-arr/test-0232-3.i-valid-free-pp.smt2,4a00e35680006d8367357c8c62a5f68e2568775eb89c41c88d6adf6d724869f4,tricera-extra-family,ADT-LIA-Arrays,valid-free,preprocessed,40007,94,false,https://github.com/chc-comp/tricera-adt-arr,0214c9fb4845013dc9ec5d1f8c4376efc6c6e365,full pinned adt-arr directory; duplicates and empty check-only inputs retained,substantive,1
extra-families/tricera-adt-arr/adt-arr/test-0232-3.i-valid-free.smt2,13956df5dc24410312aad4576ff5bb2f56a294723429588924629872b447df70,tricera-extra-family,ADT-LIA-Arrays,valid-free,original,11466,18,false,https://github.com/chc-comp/tricera-adt-arr,0214c9fb4845013dc9ec5d1f8c4376efc6c6e365,full pinned adt-arr directory; duplicates and empty check-only inputs retained,substantive,1
extra-families/tricera-adt-arr/adt-arr/test-0232-3.i-valid-memtrack.smt2,e5b8695a1382050ddb817cf9e1c97ced6e3e649e9dceecae26bd052b1c37f4b3,tricera-extra-family,ADT-LIA-Arrays,valid-memtrack,original,14170,12,true,https://github.com/chc-comp/tricera-adt-arr,0214c9fb4845013dc9ec5d1f8c4376efc6c6e365,full pinned adt-arr directory; duplicates and empty check-only inputs retained,substantive,1
extra-families/tricera-adt-arr/adt-arr/test-0232_1-1.i-valid-deref-pp.smt2,e02fbbe769cfe7bef00467613c4dcf2b793bfdfcc5ca8f4f3a1979b2b05428f8,tricera-extra-family,ADT-LIA-Arrays,valid-deref,preprocessed,37319,90,false,https://github.com/chc-comp/tricera-adt-arr,0214c9fb4845013dc9ec5d1f8c4376efc6c6e365,full pinned adt-arr directory; duplicates and empty check-only inputs retained,substantive,1
extra-families/tricera-adt-arr/adt-arr/test-0232_1-1.i-valid-deref.smt2,d40b48916ee48bceff97c95c277ea8b690fa3db498dea4c65a78513b6bbb22a1,tricera-extra-family,ADT-LIA-Arrays,valid-deref,original,13924,25,false,https://github.com/chc-comp/tricera-adt-arr,0214c9fb4845013dc9ec5d1f8c4376efc6c6e365,full pinned adt-arr directory; duplicates and empty check-only inputs retained,substantive,1
extra-families/tricera-adt-arr/adt-arr/test-0232_1-1.i-valid-free-pp.smt2,c6e0547a9a3a1172aef9d49f261094aa4a8367b76e63fff2bb9c1994944e595c,tricera-extra-family,ADT-LIA-Arrays,valid-free,preprocessed,34892,75,false,https://github.com/chc-comp/tricera-adt-arr,0214c9fb4845013dc9ec5d1f8c4376efc6c6e365,full pinned adt-arr directory; duplicates and empty check-only inputs retained,substantive,1
extra-families/tricera-adt-arr/adt-arr/test-0232_1-1.i-valid-free.smt2,6c8ecbe3ea77b4bf0c46beb17bdfb7c006a859431597ded4ccd78da53f8ce43a,tricera-extra-family,ADT-LIA-Arrays,valid-free,original,13448,17,false,https://github.com/chc-comp/tricera-adt-arr,0214c9fb4845013dc9ec5d1f8c4376efc6c6e365,full pinned adt-arr directory; duplicates and empty check-only inputs retained,substantive,1
extra-families/tricera-adt-arr/adt-arr/test-0232_1-1.i-valid-memtrack.smt2,60b1bcec4676d5bc07ac25ceee28995dc868d2439c9479dac5da36a20ca28767,tricera-extra-family,ADT-LIA-Arrays,valid-memtrack,original,16945,14,true,https://github.com/chc-comp/tricera-adt-arr,0214c9fb4845013dc9ec5d1f8c4376efc6c6e365,full pinned adt-arr directory; duplicates and empty check-only inputs retained,substantive,1
extra-families/tricera-adt-arr/adt-arr/test-0232_1-2.i-valid-deref-pp.smt2,29635768a18d0389ad9186ca9f1ff1e6e1f09851a6f0da3e0f1ddc1f8594e159,tricera-extra-family,ADT-LIA-Arrays,valid-deref,preprocessed,33305,79,false,https://github.com/chc-comp/tricera-adt-arr,0214c9fb4845013dc9ec5d1f8c4376efc6c6e365,full pinned adt-arr directory; duplicates and empty check-only inputs retained,substantive,1
extra-families/tricera-adt-arr/adt-arr/test-0232_1-2.i-valid-deref.smt2,03d94ba2d73c362abbcd9ea42af8c54688a4a3ddbaba9ad7c9c246cce1d4072f,tricera-extra-family,ADT-LIA-Arrays,valid-deref,original,12232,23,false,https://github.com/chc-comp/tricera-adt-arr,0214c9fb4845013dc9ec5d1f8c4376efc6c6e365,full pinned adt-arr directory; duplicates and empty check-only inputs retained,substantive,1
extra-families/tricera-adt-arr/adt-arr/test-0232_1-2.i-valid-free-pp.smt2,948d397f2256fcc71066b313f666735bc30ec8d8485b5aa4cc0a341b43a864c5,tricera-extra-family,ADT-LIA-Arrays,valid-free,preprocessed,34880,74,false,https://github.com/chc-comp/tricera-adt-arr,0214c9fb4845013dc9ec5d1f8c4376efc6c6e365,full pinned adt-arr directory; duplicates and empty check-only inputs retained,substantive,1
extra-families/tricera-adt-arr/adt-arr/test-0232_1-2.i-valid-free.smt2,609803f969d05777de29f64071afe1c3785a7a89788b95b0baafdcdb56752a98,tricera-extra-family,ADT-LIA-Arrays,valid-free,original,12442,15,false,https://github.com/chc-comp/tricera-adt-arr,0214c9fb4845013dc9ec5d1f8c4376efc6c6e365,full pinned adt-arr directory; duplicates and empty check-only inputs retained,substantive,1
extra-families/tricera-adt-arr/adt-arr/test-0232_1-2.i-valid-memtrack.smt2,0f9043c5b4b52247d21f82504da8866c708d777e8a77d6fb9428b548e04f47b4,tricera-extra-family,ADT-LIA-Arrays,valid-memtrack,original,14904,12,true,https://github.com/chc-comp/tricera-adt-arr,0214c9fb4845013dc9ec5d1f8c4376efc6c6e365,full pinned adt-arr directory; duplicates and empty check-only inputs retained,substantive,1
extra-families/tricera-adt-arr/adt-arr/tree-1.i-valid-deref-pp.smt2,11e6a8e4579131459c2efce6c0714c3661c6863e0a30c1608eceb020938faab9,tricera-extra-family,ADT-LIA-Arrays,valid-deref,preprocessed,184097,392,false,https://github.com/chc-comp/tricera-adt-arr,0214c9fb4845013dc9ec5d1f8c4376efc6c6e365,full pinned adt-arr directory; duplicates and empty check-only inputs retained,substantive,1
extra-families/tricera-adt-arr/adt-arr/tree-1.i-valid-deref.smt2,935a353b3fef5aca4cce1c75d4019b1373ad0ae545e421d19483065dc78875a5,tricera-extra-family,ADT-LIA-Arrays,valid-deref,original,26272,75,false,https://github.com/chc-comp/tricera-adt-arr,0214c9fb4845013dc9ec5d1f8c4376efc6c6e365,full pinned adt-arr directory; duplicates and empty check-only inputs retained,substantive,1
extra-families/tricera-adt-arr/adt-arr/tree-1.i-valid-free-pp.smt2,7b2a04cf3f34c862e2732ee3b1cd678d7b463347308866417d45c7cbd119692e,tricera-extra-family,ADT-LIA-Arrays,valid-free,preprocessed,58221,124,false,https://github.com/chc-comp/tricera-adt-arr,0214c9fb4845013dc9ec5d1f8c4376efc6c6e365,full pinned adt-arr directory; duplicates and empty check-only inputs retained,substantive,1
extra-families/tricera-adt-arr/adt-arr/tree-1.i-valid-free.smt2,23b1505192051c5ab1ebc26fe6bf747797726bf1361f371060a5b1da6f2bec4f,tricera-extra-family,ADT-LIA-Arrays,valid-free,original,17254,24,false,https://github.com/chc-comp/tricera-adt-arr,0214c9fb4845013dc9ec5d1f8c4376efc6c6e365,full pinned adt-arr directory; duplicates and empty check-only inputs retained,substantive,1
extra-families/tricera-adt-arr/adt-arr/tree-1.i-valid-memtrack.smt2,2734af7707c9da89b79fcbcb35abeb4c2443446977f5ce1841897a86eb145d62,tricera-extra-family,ADT-LIA-Arrays,valid-memtrack,original,23315,28,true,https://github.com/chc-comp/tricera-adt-arr,0214c9fb4845013dc9ec5d1f8c4376efc6c6e365,full pinned adt-arr directory; duplicates and empty check-only inputs retained,substantive,1
extra-families/tricera-adt-arr/adt-arr/tree-2.i-unreach-call-pp.smt2,aa86802a49702f7fd0d126a817b97c83678a275b43a973c54dcc42bc3bddc448,tricera-extra-family,ADT-LIA-Arrays,unreach-call,preprocessed,38256,72,false,https://github.com/chc-comp/tricera-adt-arr,0214c9fb4845013dc9ec5d1f8c4376efc6c6e365,full pinned adt-arr directory; duplicates and empty check-only inputs retained,substantive,1
extra-families/tricera-adt-arr/adt-arr/tree-2.i-unreach-call.smt2,9cc62b3cd209090fccb518af07a706f577312e513c174f303e2854f0df5d3829,tricera-extra-family,ADT-LIA-Arrays,unreach-call,original,15186,23,false,https://github.com/chc-comp/tricera-adt-arr,0214c9fb4845013dc9ec5d1f8c4376efc6c6e365,full pinned adt-arr directory; duplicates and empty check-only inputs retained,substantive,1
extra-families/tricera-adt-arr/adt-arr/tree-2.i-valid-deref-pp.smt2,5cbde3b839f72855e91f4f398bdae64b3de9166acdb65d95a35273416be9a5e6,tricera-extra-family,ADT-LIA-Arrays,valid-deref,preprocessed,174389,368,false,https://github.com/chc-comp/tricera-adt-arr,0214c9fb4845013dc9ec5d1f8c4376efc6c6e365,full pinned adt-arr directory; duplicates and empty check-only inputs retained,substantive,1
extra-families/tricera-adt-arr/adt-arr/tree-2.i-valid-deref.smt2,a410894d68603800ca4e272287eea699c34f07d3d9ecb9605a9244f4aacba3f6,tricera-extra-family,ADT-LIA-Arrays,valid-deref,original,22964,70,false,https://github.com/chc-comp/tricera-adt-arr,0214c9fb4845013dc9ec5d1f8c4376efc6c6e365,full pinned adt-arr directory; duplicates and empty check-only inputs retained,substantive,1
extra-families/tricera-adt-arr/adt-arr/tree-2.i-valid-free-pp.smt2,c0e9286598104493470ee712d8df5ebb901100f04b5a77293f796e49af715015,tricera-extra-family,ADT-LIA-Arrays,valid-free,preprocessed,44332,95,false,https://github.com/chc-comp/tricera-adt-arr,0214c9fb4845013dc9ec5d1f8c4376efc6c6e365,full pinned adt-arr directory; duplicates and empty check-only inputs retained,substantive,1
extra-families/tricera-adt-arr/adt-arr/tree-2.i-valid-free.smt2,0ca761510fcb0bfc5e4bedb2894cfb64209e22894361f63a381c3a9c88812db3,tricera-extra-family,ADT-LIA-Arrays,valid-free,original,14124,22,false,https://github.com/chc-comp/tricera-adt-arr,0214c9fb4845013dc9ec5d1f8c4376efc6c6e365,full pinned adt-arr directory; duplicates and empty check-only inputs retained,substantive,1
extra-families/tricera-adt-arr/adt-arr/tree-2.i-valid-memtrack.smt2,1f4e737eb4bb4d687ad6c1090871037129027eb3b362e84f4dab44ae570093b5,tricera-extra-family,ADT-LIA-Arrays,valid-memtrack,original,19609,26,true,https://github.com/chc-comp/tricera-adt-arr,0214c9fb4845013dc9ec5d1f8c4376efc6c6e365,full pinned adt-arr directory; duplicates and empty check-only inputs retained,substantive,1
extra-families/tricera-adt-arr/adt-arr/tree-3.i-unreach-call-pp.smt2,030346ad5ac5346e814979de35130612ec6837843cf843b3d2bedbce465f43e2,tricera-extra-family,ADT-LIA-Arrays,unreach-call,preprocessed,53339,102,false,https://github.com/chc-comp/tricera-adt-arr,0214c9fb4845013dc9ec5d1f8c4376efc6c6e365,full pinned adt-arr directory; duplicates and empty check-only inputs retained,substantive,1
extra-families/tricera-adt-arr/adt-arr/tree-3.i-unreach-call.smt2,5550b6073a069fd950c47dc38ee52dfb980c0f6b4353b426843d19505442a570,tricera-extra-family,ADT-LIA-Arrays,unreach-call,original,18526,26,false,https://github.com/chc-comp/tricera-adt-arr,0214c9fb4845013dc9ec5d1f8c4376efc6c6e365,full pinned adt-arr directory; duplicates and empty check-only inputs retained,substantive,1
extra-families/tricera-adt-arr/adt-arr/tree-4.i-unreach-call-pp.smt2,11ea2f9f6504f85384732be55357bad864c13b77dfc473a061f587ab7b831008,tricera-extra-family,ADT-LIA-Arrays,unreach-call,preprocessed,39877,76,false,https://github.com/chc-comp/tricera-adt-arr,0214c9fb4845013dc9ec5d1f8c4376efc6c6e365,full pinned adt-arr directory; duplicates and empty check-only inputs retained,substantive,1
extra-families/tricera-adt-arr/adt-arr/tree-4.i-unreach-call.smt2,205dec883557cca83aa596d0f8fca79f626de4723165aad49378535cdb4674c2,tricera-extra-family,ADT-LIA-Arrays,unreach-call,original,15611,24,false,https://github.com/chc-comp/tricera-adt-arr,0214c9fb4845013dc9ec5d1f8c4376efc6c6e365,full pinned adt-arr directory; duplicates and empty check-only inputs retained,substantive,1
extra-families/tricera-adt-arr/adt-arr/tree-4.i-valid-memcleanup.smt2,6fc8dcb41c0dba1833cfc653a48c46b96fc62289184d0c1a140ae0fdd6c3ce23,tricera-extra-family,ADT-LIA-Arrays,valid-memcleanup,original,20060,27,true,https://github.com/chc-comp/tricera-adt-arr,0214c9fb4845013dc9ec5d1f8c4376efc6c6e365,full pinned adt-arr directory; duplicates and empty check-only inputs retained,substantive,1
extra-families/tricera-adt-arr/adt-arr/tree_cnstr.i-valid-deref.smt2,3321205c655d700f51e9a53817b967a5d637fab97e0bfb2bc012c03f781520f4,tricera-extra-family,ADT-LIA-Arrays,valid-deref,original,25560,74,false,https://github.com/chc-comp/tricera-adt-arr,0214c9fb4845013dc9ec5d1f8c4376efc6c6e365,full pinned adt-arr directory; duplicates and empty check-only inputs retained,substantive,1
extra-families/tricera-adt-arr/adt-arr/tree_cnstr.i-valid-free.smt2,dd050d4a6857386cfcbdd1ee2cfe4c7a5f5fe92f21b5660e4c0c2c45ae05246c,tricera-extra-family,ADT-LIA-Arrays,valid-free,original,19893,24,false,https://github.com/chc-comp/tricera-adt-arr,0214c9fb4845013dc9ec5d1f8c4376efc6c6e365,full pinned adt-arr directory; duplicates and empty check-only inputs retained,substantive,1
extra-families/tricera-adt-arr/adt-arr/tree_cnstr.i-valid-memtrack.smt2,47dcd58c7ef2a79cde8561fce847ecb7bd718a86fc7a29d2238073c070dac1c1,tricera-extra-family,ADT-LIA-Arrays,valid-memtrack,original,23795,26,true,https://github.com/chc-comp/tricera-adt-arr,0214c9fb4845013dc9ec5d1f8c4376efc6c6e365,full pinned adt-arr directory; duplicates and empty check-only inputs retained,substantive,1
extra-families/tricera-adt-arr/adt-arr/tree_of_cslls.i-valid-deref-pp.smt2,31dbf801d104b2e604cec17f833b435f60a34df87382c2a7aa8c5784282d3154,tricera-extra-family,ADT-LIA-Arrays,valid-deref,preprocessed,254762,586,false,https://github.com/chc-comp/tricera-adt-arr,0214c9fb4845013dc9ec5d1f8c4376efc6c6e365,full pinned adt-arr directory; duplicates and empty check-only inputs retained,substantive,1
extra-families/tricera-adt-arr/adt-arr/tree_of_cslls.i-valid-deref.smt2,4b38b3647c686c92ad10ff81df82bde8d5564e9b0be689367c9ec574b17569cf,tricera-extra-family,ADT-LIA-Arrays,valid-deref,original,44447,123,false,https://github.com/chc-comp/tricera-adt-arr,0214c9fb4845013dc9ec5d1f8c4376efc6c6e365,full pinned adt-arr directory; duplicates and empty check-only inputs retained,substantive,1
extra-families/tricera-adt-arr/adt-arr/tree_of_cslls.i-valid-free-pp.smt2,55213ebea63aca909630ff8d32da8a316bf33f8d035262cf88ccbf37ec1204a1,tricera-extra-family,ADT-LIA-Arrays,valid-free,preprocessed,88583,184,false,https://github.com/chc-comp/tricera-adt-arr,0214c9fb4845013dc9ec5d1f8c4376efc6c6e365,full pinned adt-arr directory; duplicates and empty check-only inputs retained,substantive,1
extra-families/tricera-adt-arr/adt-arr/tree_of_cslls.i-valid-free.smt2,e86bf4ae1cbd2165dda92338fadf2ca15d1ec56d8d9e41221846ed2785d8ad6a,tricera-extra-family,ADT-LIA-Arrays,valid-free,original,33260,34,false,https://github.com/chc-comp/tricera-adt-arr,0214c9fb4845013dc9ec5d1f8c4376efc6c6e365,full pinned adt-arr directory; duplicates and empty check-only inputs retained,substantive,1
extra-families/tricera-adt-arr/adt-arr/tree_of_cslls.i-valid-memtrack.smt2,9b9708c6264fa9789c2f7abb24227bda5109e678ae7d57f40227a7d02259cffb,tricera-extra-family,ADT-LIA-Arrays,valid-memtrack,original,38781,31,true,https://github.com/chc-comp/tricera-adt-arr,0214c9fb4845013dc9ec5d1f8c4376efc6c6e365,full pinned adt-arr directory; duplicates and empty check-only inputs retained,substantive,1
extra-families/tricera-adt-arr/adt-arr/tree_parent_ptr.i-valid-deref.smt2,b6a93086b610174a540e62e6b75d24d67200f84b9adea7dbe839ba2fb8506ccf,tricera-extra-family,ADT-LIA-Arrays,valid-deref,original,32422,94,false,https://github.com/chc-comp/tricera-adt-arr,0214c9fb4845013dc9ec5d1f8c4376efc6c6e365,full pinned adt-arr directory; duplicates and empty check-only inputs retained,substantive,1
extra-families/tricera-adt-arr/adt-arr/tree_parent_ptr.i-valid-free.smt2,20850b9fc69ac3369490b64c7fdd4ff8c676ae106467bf9a966752825da6f53b,tricera-extra-family,ADT-LIA-Arrays,valid-free,original,25063,22,false,https://github.com/chc-comp/tricera-adt-arr,0214c9fb4845013dc9ec5d1f8c4376efc6c6e365,full pinned adt-arr directory; duplicates and empty check-only inputs retained,substantive,1
extra-families/tricera-adt-arr/adt-arr/tree_parent_ptr.i-valid-memtrack.smt2,8dae89eaa184363370ddcbc37272470f18d7c4b1ebd3048a33b923b10a4340d9,tricera-extra-family,ADT-LIA-Arrays,valid-memtrack,original,30518,21,true,https://github.com/chc-comp/tricera-adt-arr,0214c9fb4845013dc9ec5d1f8c4376efc6c6e365,full pinned adt-arr directory; duplicates and empty check-only inputs retained,substantive,1
extra-families/tricera-adt-arr/adt-arr/tree_stack.i-valid-deref.smt2,00fe64adbd57944066e1978d347487a7d611ef1c5640f661586523bbc2154749,tricera-extra-family,ADT-LIA-Arrays,valid-deref,original,28354,83,false,https://github.com/chc-comp/tricera-adt-arr,0214c9fb4845013dc9ec5d1f8c4376efc6c6e365,full pinned adt-arr directory; duplicates and empty check-only inputs retained,substantive,1
extra-families/tricera-adt-arr/adt-arr/tree_stack.i-valid-free.smt2,5b423d2eb6ebe6cb0ab2bdcd3c438152681f4d969310034295b84f9206368c17,tricera-extra-family,ADT-LIA-Arrays,valid-free,original,22776,22,false,https://github.com/chc-comp/tricera-adt-arr,0214c9fb4845013dc9ec5d1f8c4376efc6c6e365,full pinned adt-arr directory; duplicates and empty check-only inputs retained,substantive,1
extra-families/tricera-adt-arr/adt-arr/tree_stack.i-valid-memtrack.smt2,fecfa25a22e03ca9e3aab838046e08db8501c2a1f1519631f64e858b88857e1e,tricera-extra-family,ADT-LIA-Arrays,valid-memtrack,original,28076,21,true,https://github.com/chc-comp/tricera-adt-arr,0214c9fb4845013dc9ec5d1f8c4376efc6c6e365,full pinned adt-arr directory; duplicates and empty check-only inputs retained,substantive,1
